model,epoch,median_test_nse,mean_test_nse
HBV,10,0.6278148701696469,0.3387203266692386
Snow-SIMHYD-MC-Heter,14,0.6463931423379381,0.4674304978415012
