model,basin_id,lat,lon,NSE,KGE,R2,FLV,FHV,low_flow_NSE,high_flow_NSE,ET_over_P,INT_over_P,Q_over_P,SRUN_over_P,IFLOW_over_P,BAS_over_P,REC_over_P,external_loss_over_P,mean_abs_daily_wb_residual_mm_day,cumulative_relative_wb_error,SNOWPACK_drift_mm,MELTWATER_drift_mm,Sa_drift_mm,GW_drift_mm,alpha_mean,theta_cap_mean,aSrz_capacity_mm,mean_aSrz_mm,aridity_index
Model6PhysicalFix_B_soft_gate,1013500,47.23739,-68.58264,0.8735776990652084,0.89821994331481,0.8913567979737107,-33.85426177589769,-1.1235844006595734,-4.415044784545898,0.8049571812152863,0.37574124741310194,0.11725749033140873,0.5260829193508864,0.3469665983277787,0.004935388972202926,0.17417694056451927,0.2702172960617494,0.10141081296949232,0.020157629624009132,0.006362148901087279,7.253103831317276e-05,7.772080425638705e-05,,25.481950759887695,,,,,0.6305586695671082
Model6PhysicalFix_B_soft_gate,1022500,44.60797,-67.93524,0.8170947730541229,0.8918022968010435,0.8202543325758642,-43.35882144142829,-5.382313229653772,-0.571769118309021,0.6281940042972565,0.3451671654934202,0.09652224719328478,0.6098415830257132,0.3129468014546298,0.0049822962538915005,0.29190988645895005,0.3354219494537356,0.052597662288288854,0.03623272106051445,0.009887856458621246,7.221970736281946e-05,7.74484287831001e-05,,25.080018997192383,,,,,0.587356448173523
Model6PhysicalFix_B_soft_gate,1030500,45.50097,-68.30596,0.874050498008728,0.8666236816391164,0.8771689086593898,-34.32353052319621,-13.346622354346232,-4.4266157150268555,0.7146324217319489,0.38572071006524083,0.11609838176872685,0.551578944894149,0.35381957198895064,0.003976542632105124,0.19377936996058967,0.255699676840952,0.06978150250473371,0.027782732620835304,0.00832711537171197,7.229560287669301e-05,7.765725604258478e-05,,16.496553421020508,,,,,0.6241114139556885
Model6PhysicalFix_B_soft_gate,1031500,45.17501,-69.3147,0.8436975926160812,0.8766840839090354,0.8438381693103059,-7.149468164812985,-24.235297416816294,-7.662187576293945,0.7514370828866959,0.35589200660583753,0.13283970684824056,0.5969686033709617,0.3389042523700844,0.002729699361312162,0.25533214848801294,0.30138053282206606,0.05008876741828938,0.017599165439605713,0.004860073216815668,7.221385749289766e-05,7.746013579890132e-05,,25.566137313842773,,,,,0.5879503488540649
Model6PhysicalFix_B_soft_gate,1047000,44.8692,-69.9551,0.8206064999103546,0.8502032712095677,0.8276179204295365,-49.19223934157856,-21.41680884207403,-1.4238898754119873,0.7004110813140869,0.3529413466466086,0.11735183229736655,0.5955795076953596,0.3610432233720719,0.0032754646610652824,0.23125790406837382,0.2810647709989916,0.05538411705873601,0.022623131051659584,0.006557121326674629,7.228652248159051e-05,7.745898619759828e-05,,25.634105682373047,,,,,0.6289293169975281
Model6PhysicalFix_B_soft_gate,1052500,44.87739,-71.05749,0.8364436477422714,0.8007133374982603,0.8457920234450728,-0.5077398589234354,-24.82843722772243,-4.509459495544434,0.749545693397522,0.31198844725513436,0.12340051099186794,0.6019013444832523,0.37803462693860745,0.004152385932127483,0.21971130298024544,0.3049732909467489,0.08753852376063168,0.01153879426419735,0.003051281654432323,7.253946387208998e-05,7.743863534415141e-05,,32.29472732543945,,,,,0.5619144439697266
Model6PhysicalFix_B_soft_gate,1054200,44.39044,-70.97964,0.6905490458011627,0.8045320772006073,0.6972077541156063,-78.08833746680034,-28.74437006983591,-4.65079402923584,0.576936662197113,0.2950235602461751,0.10698700141926375,0.6447735512211819,0.4417256188137014,0.003728133036840022,0.1993172676197951,0.25892910266163766,0.06396387165690853,0.02031645178794861,0.0047625797959816715,7.233701035147533e-05,7.738276326563209e-05,,17.508380889892578,,,,,0.523306131362915
Model6PhysicalFix_B_soft_gate,1055000,44.64275,-70.58878,0.7103933393955231,0.8092777817833748,0.7194623383504098,12.455904450516533,-43.64127901749777,-2.609785556793213,0.566577136516571,0.33347920779486445,0.12861163575165002,0.6075660166024203,0.3997670175988489,0.002811491678264761,0.2049846563561265,0.2625264587167234,0.0613099976196753,0.01678561419248581,0.004635412862298118,7.251952774822712e-05,7.741483568679541e-05,,26.29254150390625,,,,,0.5990628004074097
Model6PhysicalFix_B_soft_gate,1057000,44.30399,-70.53968,0.7217147648334503,0.7521372377566904,0.8171513015389031,9.372902042251077,27.1329758250688,-2.0819175243377686,0.5510641932487488,0.35102126330163524,0.10896811545501545,0.584459840205044,0.3748992772716456,0.005171125852732636,0.2043863869189187,0.26678900442533054,0.07346333026984972,0.044180795550346375,0.01162055588796426,7.22813856555149e-05,7.746202754788101e-05,,14.878647804260254,,,,,0.5973235964775085
Model6PhysicalFix_B_soft_gate,1073000,43.1487,-70.96506,0.8866274505853653,0.8957605494673541,0.8898126924870509,51.23077529868869,-12.271709718540906,-7.117566108703613,0.8539863973855972,0.398080590756638,0.09874046463038266,0.5536060012765621,0.31750343643843937,0.004941602958086208,0.2311579662021797,0.2797889130336042,0.06270383757539247,0.05293375626206398,0.014199226173827607,7.223531429190189e-05,7.744590402580798e-05,,8.99654483795166,,,,,0.63020259141922
Model6PhysicalFix_B_soft_gate,1078000,43.56646,-71.74786,0.8301851749420166,0.870423317990475,0.8491084918896977,-24.490007830139998,-8.2972245301893,-1.8668088912963867,0.7306603491306305,0.36998247654531724,0.11144037621667623,0.5573560477365442,0.3258846656617497,0.005573684809155052,0.22589455024753405,0.2983555938272144,0.08390823034268534,0.04380542039871216,0.011713288516141614,7.237240788526833e-05,7.746926712570712e-05,,10.879083633422852,,,,,0.6130263805389404
Model6PhysicalFix_B_soft_gate,1118300,41.47482,-71.83424,0.7547285556793213,0.8732358446395675,0.7663112228522253,17.96181296295538,-9.019671331120518,-7.1641693115234375,0.6186026334762573,0.3769799405186308,0.1192596807609086,0.5710196401748703,0.2775977320295319,0.0053820175094742035,0.28803764558516254,0.34083501262342564,0.07009821635507653,0.0700371041893959,0.01738011615851555,7.228761387523264e-05,7.744187314528972e-05,,12.250544548034668,,,,,0.5927076935768127
Model6PhysicalFix_B_soft_gate,1121000,41.84371,-72.16897,0.777365654706955,0.7746118559955785,0.7836422853611359,51.54407807537288,-32.81558901099545,-4.072162628173828,0.6761046350002289,0.41809452079694776,0.13450479780038035,0.5424545857189902,0.25041818431628415,0.004423618193713045,0.28761048898526076,0.3293816049345607,0.05732243558738338,0.05762625113129616,0.01532837620601645,7.223853026516736e-05,7.740988075966015e-05,,8.938705444335938,,,,,0.6187262535095215
Model6PhysicalFix_B_soft_gate,1123000,41.67177,-72.0523,0.7355480492115021,0.7622274677891459,0.7968118229198105,-114.20061930008262,-5.419886010556159,-6.145125865936279,0.6405322551727295,0.4090242576732663,0.13319050706519164,0.5529862388065326,0.25007738716064676,0.004628142472712793,0.2982785884728257,0.33733804266831663,0.05459799108053515,0.06072283908724785,0.01558195282017657,7.223634020192549e-05,7.740940782241523e-05,,15.419273376464844,,,,,0.6030824780464172
Model6PhysicalFix_B_soft_gate,1134500,44.51172,-71.83731,0.7600630670785904,0.8276557956945377,0.76239727807999,43.2652467400288,-13.791187743011697,-4.3656439781188965,0.5960237681865692,0.36335665846889603,0.1435950333896018,0.5657790064405737,0.3135774906724223,0.003117284750306731,0.24908137832244315,0.32004177402535006,0.07507161788609211,0.015599732287228107,0.004364100405204755,7.250491034938022e-05,7.739108696114272e-05,,19.24156951904297,,,,,0.6032446026802063
Model6PhysicalFix_B_soft_gate,1137500,44.26867,-71.63036,0.7145493626594543,0.8275069933193488,0.7197993271067729,-33.68005214015645,-8.290188106890998,-2.7200255393981934,0.5330308079719543,0.30822937014285884,0.12233482100070812,0.61836681978304,0.3305940252207627,0.003905979314896164,0.283864457189586,0.3568911503930531,0.07668614572337144,0.018056821078062057,0.004365769611025344,7.231040217448026e-05,7.736925908830017e-05,,34.566436767578125,,,,,0.5381382703781128
Model6PhysicalFix_B_soft_gate,1139000,44.15034,-72.06509,0.7974039614200592,0.8339534541147092,0.8016260289058138,-41.28928312631636,-51.196820458032754,-0.48772943019866943,0.6181407868862152,0.41499002593981515,0.15151687869655564,0.5182630112049531,0.24532129803336478,0.003783611450031927,0.2691550841531771,0.3361627814133405,0.07341580272103009,0.021356619894504547,0.006588952062839989,7.26168800611049e-05,7.737510895822197e-05,,18.199176788330078,,,,,0.6744132041931152
Model6PhysicalFix_B_soft_gate,1139800,44.09284,-72.33565,0.6909418404102325,0.8014577027731604,0.6953267505311452,-6.606864961599261,-31.190324710829003,-5.77164888381958,0.4143279194831848,0.38102497606775665,0.14147853524269854,0.5400442803706512,0.23346878469967272,0.004968054378170424,0.30160461479384987,0.3809681096876806,0.0866908982797491,0.02587466686964035,0.0075494068605140244,7.23581324564293e-05,7.74096479290165e-05,,26.775108337402344,,,,,0.6439156532287598
Model6PhysicalFix_B_soft_gate,1142500,43.93451,-72.65788,0.7807391136884689,0.8340448833544551,0.7807440634717968,-9.320084869137531,-32.491094896692736,-0.8439066410064697,0.6256819367408752,0.40200723727899595,0.1478284581720473,0.5253092957031662,0.22004118997115527,0.0039194228383834665,0.3013461052429088,0.37444773923284635,0.07919267579793739,0.0219243336468935,0.006293168155204998,7.261746213771403e-05,7.737200940027833e-05,,18.914432525634766,,,,,0.6477406024932861
Model6PhysicalFix_B_soft_gate,1144000,43.71424,-72.41815,0.8263536393642426,0.8737632056712591,0.8264356609090482,-24.146749397068596,-34.08597281877006,-0.8835090398788452,0.7022062242031097,0.37816073035430536,0.12856586496145503,0.5518003626183816,0.30822425859957153,0.004663613724086608,0.23890950065921132,0.30929174588741626,0.07655000336236022,0.023125534877181053,0.006443897244185724,7.256442040670663e-05,7.73944630054757e-05,,18.183311462402344,,,,,0.6307596564292908
Model6PhysicalFix_B_soft_gate,1162500,42.68259,-72.11508,0.8008049130439758,0.8603257554219642,0.8010812979458211,-16.753101020840248,-25.399093499902047,-3.0587515830993652,0.6108860671520233,0.38790124557059796,0.10944954960976701,0.5192400134796789,0.2528332158967375,0.006730851800586162,0.2596730620872893,0.35471134270412386,0.10838657435129045,0.05066051706671715,0.013193311080723039,7.232434290926903e-05,7.74448926676996e-05,,6.521418571472168,,,,,0.5966617465019226
Model6PhysicalFix_B_soft_gate,1169000,42.63842,-72.72509,0.7446237802505493,0.7966343516298378,0.7461864083270348,-41.35343067739045,-32.062610682480624,-0.8826079368591309,0.6036302745342255,0.3746181030901676,0.12612838586937616,0.552221352382381,0.280639011097976,0.004483540091935517,0.26709626760413635,0.3416119072384762,0.07966289576415282,0.020270545035600662,0.005059238784560008,7.222532440209761e-05,7.740914588794112e-05,,9.742789268493652,,,,,0.574450671672821
Model6PhysicalFix_B_soft_gate,1170100,42.70342,-72.67065,0.7459393441677094,0.7691161305734124,0.7503404229713376,-24.405662606535888,-28.83956596116363,-1.4665031433105469,0.5700929164886475,0.385740277055618,0.1353207423471806,0.5414872438646738,0.2458696248567251,0.0036935692882324976,0.2919216469361432,0.36619869214063494,0.07839263053457701,0.015945717692375183,0.0040156197848515325,7.22055701771751e-05,7.73925639805384e-05,,11.143954277038574,,,,,0.5758737325668335
Model6PhysicalFix_B_soft_gate,1181000,42.23731,-72.89565,0.7635753005743027,0.752242264161882,0.7725879760268928,-35.07175782624884,-37.76901462851408,-1.6666390895843506,0.6561589241027832,0.3829405911001445,0.12175912662729792,0.5606443779727838,0.3070455578680626,0.004644760891218295,0.24895137085187083,0.30702766395068154,0.06426951467319461,0.02390851080417633,0.006115325334440735,7.22064432920888e-05,7.740547880530357e-05,,7.208452224731445,,,,,0.5939933061599731
Model6PhysicalFix_B_soft_gate,1187300,42.03732,-72.93899,0.703530341386795,0.7958472835980475,0.7106339144822961,18.579462045948663,-40.50778241053987,-6.641875743865967,0.5897985398769379,0.3641806681825135,0.10973819516824262,0.5657475532369761,0.36447930186082317,0.004245088835267924,0.19702029071940175,0.2679543047345012,0.07589411213734228,0.020198754966259003,0.0049871313380223424,7.225056469906121e-05,7.749273936497048e-05,,11.111709594726562,,,,,0.5772777199745178
Model6PhysicalFix_B_soft_gate,1195100,41.30593,-72.5312,0.7152284383773804,0.7269943310077986,0.7290545451500944,80.13687907291956,-34.484603832341215,-32.41242980957031,0.6271703541278839,0.4172484953801774,0.12202266553474837,0.5478933045236279,0.2508820536897048,0.004461165513067081,0.2925477280143421,0.32871539260545624,0.06012067416760215,0.09002669155597687,0.023963014044636508,7.223563443403691e-05,7.740516593912616e-05,,11.556060791015625,,,,,0.6392409205436707
Model6PhysicalFix_B_soft_gate,1333000,42.70897,-73.19677,0.689460813999176,0.7895879208918146,0.6960312193050749,-28.127072751082792,-38.77641179987662,-0.9517815113067627,0.41298389434814453,0.3835533321677766,0.13869117015975296,0.5392183820140259,0.2590214559050252,0.0030553180430169906,0.27713902255913253,0.35489641348218803,0.08063206988852728,0.010664264671504498,0.002796953432580178,7.224428554764017e-05,7.741717126918957e-05,,14.951179504394531,,,,,0.5972830653190613
Model6PhysicalFix_B_soft_gate,1350000,42.31953,-74.43654,0.6869068145751953,0.8159742102804972,0.6999135197596277,-12.979005566837358,-21.29373406988962,-12.78638744354248,0.5764772593975067,0.33058308983960816,0.10558461642561374,0.6015378605924265,0.43743681388862327,0.0033497963039159557,0.16074833376286207,0.22776029116577057,0.06887726417894385,0.009775727055966854,0.0023820246856666037,7.225698209367692e-05,7.745788752799854e-05,,19.40448570251465,,,,,0.5803928971290588
Model6PhysicalFix_B_soft_gate,1350080,42.37703,-74.41292,0.4444047212600708,0.6185734008703258,0.6264057457420584,-82.68577857995761,-16.60717095070551,-19.439401626586914,0.24610483646392822,0.36365353288725166,0.11087528013541241,0.5645509288634049,0.38952051702086227,0.0034849102051211227,0.17154216420993879,0.24227909011998988,0.07398668970179667,0.013877280056476593,0.003710441223341922,7.222150452435017e-05,7.744250615360215e-05,,15.902094841003418,,,,,0.6410377025604248
Model6PhysicalFix_B_soft_gate,1350140,42.42897,-74.47293,0.4827460050582886,0.642622769818334,0.5786452327192305,3.667681673625684,-39.9748489512531,-10.712404251098633,0.3520548939704895,0.3683666137032915,0.11806206952958685,0.5397188136661523,0.36932345293752267,0.0034446595972333596,0.16694739114386783,0.25782568186055876,0.09273782376198587,0.008944064378738403,0.0023917709594621413,7.223481225082651e-05,7.745054608676583e-05,,17.243589401245117,,,,,0.6398831009864807
Model6PhysicalFix_B_soft_gate,1365000,41.86648,-74.4871,0.6258674263954163,0.8107471029962069,0.6822482622843156,-50.92241410445772,-26.481382544566546,-1.7098851203918457,0.43196654319763184,0.31939212726115085,0.1090308615632789,0.625939082874041,0.4293259759615071,0.003118009532736207,0.1934927124649216,0.2476744362966897,0.05609918029771305,0.010524843819439411,0.002376848178210822,7.255287346197292e-05,7.741044100839645e-05,,24.893381118774414,,,,,0.5468335151672363
Model6PhysicalFix_B_soft_gate,1411300,39.30694,-74.82056,0.5731549561023712,0.7656389538251018,0.6777085104642162,-20.8424587138191,-36.15977197234046,-1.884732961654663,0.3486725687980652,0.4797870992957397,0.09850198572811171,0.4409029763617441,0.23479372164553805,0.005790656393820935,0.20031456297212666,0.2822480161441416,0.11074694277319459,0.09324527531862259,0.028390536731058794,7.218687824206427e-05,7.753715181024745e-05,,17.15499496459961,,,,,0.7982944846153259
Model6PhysicalFix_B_soft_gate,1413500,42.14481,-74.65349,0.6080465018749237,0.7423685690866757,0.7115566437731512,-17.578446853655308,-24.579047628580934,-3.0987982749938965,0.43822240829467773,0.32914652359129354,0.10398668270242314,0.5798680189497798,0.4375034870162317,0.003556572094268281,0.13880473653548256,0.22909154460433756,0.09207781175061944,0.008956479839980602,0.0021971611391957413,7.22137265256606e-05,7.745798939140514e-05,,16.825359344482422,,,,,0.5831020474433899
Model6PhysicalFix_B_soft_gate,1414500,42.1062,-74.73043,0.5336584150791168,0.7547350810219874,0.6311390766041557,2.000284340913958,-32.94049041770457,-5.13936710357666,0.320675253868103,0.3145015432199869,0.10339660006118116,0.6027112728049747,0.43745566171824984,0.0035051177564077688,0.16174762671026285,0.24383589741522202,0.08345149175692232,0.00795224029570818,0.00187373648889819,7.245130836963654e-05,7.743434980511665e-05,,22.686445236206055,,,,,0.5602417588233948
Model6PhysicalFix_B_soft_gate,1415000,42.12009,-74.81849,0.5843660533428192,0.7116273877536816,0.7003410864063294,-1.5747781241712027,-10.38499755859375,-5.052396297454834,0.3987188935279846,0.33975800732752826,0.10575099227688083,0.564136873390571,0.42052844919438925,0.0035783447163819948,0.14002680360390826,0.2355177247207945,0.09740011997926803,0.00908996444195509,0.002273988404508488,7.221155101433396e-05,7.744033064227551e-05,,15.539576530456543,,,,,0.5930131673812866
Model6PhysicalFix_B_soft_gate,1423000,42.1662,-75.13989,0.7484270930290222,0.8484438278752027,0.786812436045342,-31.558017060864355,-28.916637388561856,-1.5443546772003174,0.6543698310852051,0.3497619302853673,0.10821767383930984,0.538299269903647,0.41390934561296155,0.004040685191144905,0.12034574693679477,0.23173271267608553,0.11391188573240585,0.0112985884770751,0.0029064967131129495,7.220574480015785e-05,7.754273246973753e-05,,14.729205131530762,,,,,0.6012159585952759
Model6PhysicalFix_B_soft_gate,1434025,41.99537,-74.50099,0.5581189095973969,0.7598249726581366,0.6009256140513429,14.131825932267356,-50.28140785222261,-4.840882778167725,0.4092094302177429,0.2738189951077391,0.09677885939991408,0.666288534031635,0.4808615291381657,0.0032936476351277865,0.18213102008805707,0.24130412633839315,0.060292177133136324,0.008515103720128536,0.0018040836332589756,7.249199552461505e-05,7.742325396975502e-05,,32.8180046081543,,,,,0.5121553540229797
Model6PhysicalFix_B_soft_gate,1435000,41.89009,-74.58988,0.6873422563076019,0.8223932334611098,0.7027018572334317,-49.74146435004722,-39.99886774850959,-1.2736470699310303,0.5671809911727905,0.29445798579779636,0.10217382873644335,0.646396435060235,0.46050966035128155,0.0032564024665373333,0.18262798041992354,0.24117851728644335,0.06017705663059257,0.009984889067709446,0.0021856456868047662,7.249003101605922e-05,7.741597073618323e-05,,28.62202262878418,,,,,0.532018780708313
Model6PhysicalFix_B_soft_gate,1439500,41.08815,-75.03767,0.7421568334102631,0.8562833939275469,0.7799687789981016,-25.179460610591068,2.19486969204205,-0.24060070514678955,0.5442087352275848,0.3995253334082081,0.12016096057548152,0.5277645597548639,0.33501530622423564,0.003729423385776147,0.18901674503886962,0.26031805487926074,0.07997265485591165,0.035061661154031754,0.009084413683498464,7.220444967970252e-05,7.745413313386962e-05,,15.276613235473633,,,,,0.6365445852279663
Model6PhysicalFix_B_soft_gate,1440000,41.10667,-74.95222,0.8257304728031158,0.8712760670659226,0.8263897276357263,-61.68498084409843,-22.21290940445266,-0.443139910697937,0.7453591823577881,0.4328321282664709,0.1284365626305473,0.4842975316746499,0.2794178413630244,0.00392418893732397,0.20095243158138493,0.283305338391157,0.09128534783932932,0.034204401075839996,0.009265836081646732,7.221744454000145e-05,7.747222844045609e-05,,17.33138656616211,,,,,0.6600243449211121
Model6PhysicalFix_B_soft_gate,1440400,41.08481,-75.21462,0.715875655412674,0.8539368674331003,0.732690393087064,-82.85300782705514,-20.733267682924748,-1.7473032474517822,0.5924960970878601,0.3880356223238516,0.11918046775686159,0.543644126905185,0.343394178797604,0.003380872850402371,0.19686612335251188,0.26340813656835455,0.07399767292034058,0.031077362596988678,0.007891785585096189,7.308505155378953e-05,7.738152635283768e-05,,14.936494827270508,,,,,0.6224811673164368
Model6PhysicalFix_B_soft_gate,1451800,40.66176,-75.62685,0.7778940796852112,0.8230511435270267,0.7783588505058189,22.785658986266213,-19.7871247963437,-1.2645986080169678,0.6727794110774994,0.43522476086905504,0.10808193190141868,0.5069072231351232,0.341187668297905,0.003223868582772486,0.16249192993913938,0.21926823459273717,0.06962425971390666,0.04691575467586517,0.013142810306010716,7.220610132208094e-05,7.742636080365628e-05,,13.865974426269531,,,,,0.6904674768447876
Model6PhysicalFix_B_soft_gate,1466500,39.885,-74.50528,-0.18416941165924072,0.3821694879779469,0.5965423091911638,-45.07773601508435,-0.3575166781420504,-10.880270004272461,-0.43330061435699463,0.4601041824892949,0.11267095955789563,0.3631194977264884,0.08760169645734142,0.004714042913586771,0.27080065748415894,0.45020186036279575,0.22221868991644878,0.1573064774274826,0.04280317392465781,7.239943079184741e-05,7.739672582829371e-05,,28.438461303710938,,,,,0.8643959760665894
Model6PhysicalFix_B_soft_gate,1484100,38.90578,-75.51275,0.5183174312114716,0.7223378840899258,0.554514596860954,52.90575060132992,-63.64525108344996,-1.109386682510376,0.3627852201461792,0.4940882417718287,0.10750389294042294,0.39874531108123634,0.1522035983071695,0.006409673239022414,0.24012881071082903,0.3471018493118309,0.15953498455105378,0.18258269131183624,0.05286119252365539,7.219616236397997e-05,7.746573828626424e-05,,24.92505645751953,,,,,0.7836195230484009
Model6PhysicalFix_B_soft_gate,1485500,38.22892,-75.47144,0.8290129899978638,0.7935252203843693,0.8378122016956436,-21.884924961526853,-32.08298060869503,-11.106274604797363,0.766134575009346,0.5068432203141832,0.09664276235075832,0.348720376595,0.19510169297274726,0.0086591574674397,0.14495483894928063,0.2881762465366223,0.1681030166568819,0.08430055528879166,0.025165212439119202,7.218743121484295e-05,7.755155093036592e-05,,8.977508544921875,,,,,0.8116757869720459
Model6PhysicalFix_B_soft_gate,1486000,38.21389,-75.67139,0.7038002908229828,0.6834354672731315,0.7190839432757953,-5.8655805026277,-55.74820464856828,-47.69648742675781,0.6282511651515961,0.5046549766607147,0.11000093159466505,0.3972999684351334,0.2308982612405939,0.005319373254311464,0.16107813261323659,0.25734787406101883,0.12225989198969484,0.089305080473423,0.026341512746759554,7.220560655696318e-05,7.745626498945057e-05,,12.279366493225098,,,,,0.816886842250824
Model6PhysicalFix_B_soft_gate,1487000,38.72833,-75.56186,0.7014086544513702,0.8016475012114151,0.7522596610000578,-105.92161993761866,-16.09213337752629,-1.1866917610168457,0.4683905839920044,0.4919558351842201,0.10801435933973075,0.39588967509333894,0.20045933262037888,0.004189785572423377,0.19123680729432962,0.30286568747770304,0.15389713213934011,0.14758582413196564,0.04254041027110628,7.27435399312526e-05,7.745680341031402e-05,,23.930788040161133,,,,,0.7809343338012695
Model6PhysicalFix_B_soft_gate,1491000,38.99719,-75.78581,0.6480740606784821,0.6196935674929833,0.6711097735504469,56.638537123776416,-54.20597472898062,-2.5936801433563232,0.5035701394081116,0.4901129722142967,0.10521147870848391,0.40719904529879924,0.23022026193046968,0.005489829570594115,0.17148491045057593,0.27343475199969447,0.14218354998268265,0.14011923968791962,0.04079662279535939,7.221281703095883e-05,7.754402031423524e-05,,28.53787612915039,,,,,0.7843862175941467
Model6PhysicalFix_B_soft_gate,1510000,42.54118,-75.89964,0.7818591147661209,0.7803571799685962,0.7885808848154947,-59.404132699678335,-36.106878985756516,-2.7363510131835938,0.6581641435623169,0.4021920602715122,0.14287508350818745,0.5131521656851941,0.32102393258540524,0.0038759230116904245,0.188249201734949,0.2721461444329147,0.08700261451011865,0.012205132283270359,0.0035309522104222755,7.228930189739913e-05,7.74954169173725e-05,,15.462140083312988,,,,,0.647206723690033
Model6PhysicalFix_B_soft_gate,1516500,41.79091,-77.01469,0.3583008050918579,0.4243461705195666,0.5529104629295208,32.15067572617486,-40.71972097439014,-34.99160385131836,0.23780184984207153,0.4308487528489871,0.12871832567739183,0.4616048651269989,0.30022360820053723,0.00423037555572869,0.1571468135599221,0.26504103481200564,0.11526763159430292,0.024678079411387444,0.00756467769675522,7.220234692795202e-05,7.742500747554004e-05,,13.413918495178223,,,,,0.7120198607444763
Model6PhysicalFix_B_soft_gate,1518862,41.92313,-77.53193,0.6882721185684204,0.7816464025792047,0.6895025643611278,7.600768722806087,-36.08947916334502,-14.331330299377441,0.5767949521541595,0.4525963297335319,0.13199622228559774,0.4112825523598638,0.28259436817860817,0.004599336143183941,0.12408416039148015,0.2600587743000598,0.14092240574150977,0.015999427065253258,0.005237311899018546,7.244039443321526e-05,7.749034557491541e-05,,11.840023040771484,,,,,0.7480387091636658
Model6PhysicalFix_B_soft_gate,1532000,41.70702,-76.48467,0.6038186550140381,0.7459791913085063,0.6264295737178628,-9.919500865691198,-47.06358108211488,-6.6501898765563965,0.5098572075366974,0.42445552324076036,0.11773715173382326,0.4756993207401529,0.3588859465753964,0.004179861307361651,0.1126290168259219,0.21217998836844415,0.10587098964711861,0.021267196163535118,0.006601368447097666,7.243701838888228e-05,7.750476652290672e-05,,11.517165184020996,,,,,0.7188891172409058
Model6PhysicalFix_B_soft_gate,1539000,41.07814,-76.43106,0.8259245902299881,0.8698155220654893,0.8268370067588289,-63.54014624196337,-25.081823445488663,-0.33011388778686523,0.7721623182296753,0.42493908602189395,0.12353148271849793,0.4935191657056368,0.3258308047149484,0.004336273486726432,0.16334848525520376,0.24300942411512122,0.08653827540138698,0.025413107126951218,0.007360274207111655,7.220521365525201e-05,7.75155785959214e-05,,13.944836616516113,,,,,0.6893972754478455
Model6PhysicalFix_B_soft_gate,1542810,41.57895,-78.29251,0.7350609004497528,0.7961937558620792,0.7369673002007763,-15.084437531788115,-29.444941995139665,-20.193944931030273,0.6498405635356903,0.4146311294372531,0.12590867237290065,0.49560375951467034,0.3573887008684302,0.0033880713096722114,0.13482311680965794,0.22365366379929352,0.09329620759135834,0.016143783926963806,0.004747226539905377,7.221649866551161e-05,7.742020534351468e-05,,9.480819702148438,,,,,0.6628879904747009
Model6PhysicalFix_B_soft_gate,1543000,41.4134,-78.19695,0.8082046210765839,0.8861395792261029,0.8109908207822905,19.83510076575094,-23.363429098421605,-4.690545558929443,0.719810962677002,0.4277510461999087,0.13666309560097872,0.49347504001715975,0.34598935724413715,0.00312387076593912,0.14435820186248227,0.2221813841886369,0.08344173407410119,0.01989915780723095,0.005904164673388689,7.22406548447907e-05,7.744644972262904e-05,,10.247241973876953,,,,,0.6715822219848633
Model6PhysicalFix_B_soft_gate,1543500,41.31728,-78.10306,0.8220430165529251,0.8900946622897127,0.8249796282978359,-17.365449919043236,-25.73187197953165,-4.864415645599365,0.7356120347976685,0.43161580355416573,0.1415149862557688,0.49323979270168716,0.341081591136442,0.0031137307713424373,0.14904102989265208,0.22329258399952925,0.08072096399810019,0.022980881854891777,0.006774085011695206,7.223871944006532e-05,7.751175871817395e-05,,11.208697319030762,,,,,0.6699835062026978
Model6PhysicalFix_B_soft_gate,1544500,41.4759,-77.82582,0.7648168057203293,0.8781551286101399,0.7821710078252312,-28.812282217176385,-26.646250868617567,-6.535154819488525,0.6460719108581543,0.417721021342982,0.13110285574932673,0.4954720005685314,0.33665376754637455,0.0034516036649230716,0.15536290567349081,0.24116893906498157,0.09123668614930168,0.019304469227790833,0.005726962392403633,7.22974436939694e-05,7.746042683720589e-05,,10.602384567260742,,,,,0.6810411214828491
Model6PhysicalFix_B_soft_gate,1545600,41.38951,-77.69082,0.6930180191993713,0.7494325652233477,0.7676622366614658,17.692536063020306,-16.540537609869084,-15.11492919921875,0.5440128147602081,0.41294363405238926,0.12807498679246623,0.5145784297444954,0.35570194224992796,0.0028748362522017785,0.15599791440179597,0.22778959217059908,0.07804377314455588,0.02244238741695881,0.006583528379962655,7.227199239423499e-05,7.74281652411446e-05,,12.322388648986816,,,,,0.6789721250534058
Model6PhysicalFix_B_soft_gate,1547700,41.05951,-77.60583,0.7821662575006485,0.8066831918084789,0.783818578214343,-15.387894705504872,-27.725352284848928,-14.365781784057617,0.7209817171096802,0.4742505944722884,0.1450949587522707,0.4347400332854483,0.27371091044996265,0.003223869528957272,0.15780134228126907,0.24786787113354383,0.09512665958504322,0.016793077811598778,0.005353119834659093,7.22459371900186e-05,7.741088484181091e-05,,11.251100540161133,,,,,0.7487682104110718
Model6PhysicalFix_B_soft_gate,1548500,41.52174,-77.44748,0.7914644628763199,0.8262833236319984,0.8415356877953795,-69.92346346401193,-14.22145223022862,-4.712662220001221,0.675570547580719,0.42907953109244035,0.12838429412492605,0.4706910003863353,0.34381639097046146,0.004106469490783826,0.12276390934915939,0.22269608683858402,0.10542355703533512,0.01839938759803772,0.005733363282281826,7.241372077260166e-05,7.761034794384614e-05,,10.367118835449219,,,,,0.7204355001449585
Model6PhysicalFix_B_soft_gate,1549500,41.47368,-77.23081,0.6211979687213898,0.6663256848894097,0.7579444717832179,-29.583782773350688,-13.132929088503985,-25.026355743408203,0.5233465135097504,0.40224557647377945,0.10833297862655322,0.5146374224449395,0.3849495381432575,0.004038332641115059,0.12564534167776498,0.20792980144577275,0.08854035973851829,0.022460920736193657,0.006533357036041458,7.228951290016994e-05,7.743741298327222e-05,,9.636314392089844,,,,,0.6883711814880371
Model6PhysicalFix_B_soft_gate,1550000,41.41841,-77.03275,0.6899343132972717,0.8321103003647534,0.736422960373312,-101.66249881181761,-27.22786436249495,-5.1527886390686035,0.5943938791751862,0.41568792908454183,0.14033628201363565,0.5059762643909864,0.3375672395611944,0.00317548173564187,0.165230250099861,0.24255769568156235,0.08256235964958866,0.019530821591615677,0.005660903784323405,7.251578063005581e-05,7.74273939896375e-05,,16.39046859741211,,,,,0.6804351806640625
Model6PhysicalFix_B_soft_gate,1552000,41.32508,-76.91246,0.7935354560613632,0.8245834094527593,0.8442289404890421,-59.64795411385948,-1.470068164174707,-1.3807933330535889,0.7225881218910217,0.41056320545715846,0.14097917382285097,0.5195211539864174,0.3464899145169591,0.0032361845978234605,0.16979193279522903,0.23855998624382735,0.07546379714371981,0.025148024782538414,0.0071863824192059155,7.22162367310375e-05,7.747434574412182e-05,,17.566999435424805,,,,,0.6648448705673218
Model6PhysicalFix_B_soft_gate,1552500,41.35702,-76.53467,0.7371860444545746,0.822853590730055,0.7383518901136714,-54.26104014313069,-33.78382172098179,-2.5755624771118164,0.6552816927433014,0.3820064878744371,0.11498637742376502,0.5412343622135216,0.3634764030518491,0.0035221357675929692,0.17423232127719002,0.24951693756645907,0.08033517417786773,0.020155876874923706,0.005541373368843502,7.227985770441592e-05,7.740871660644189e-05,,14.65351676940918,,,,,0.6326097846031189
Model6PhysicalFix_B_soft_gate,1557500,40.68367,-78.23362,0.7374601066112518,0.7718617727872987,0.7522354954849396,-85.09186819624577,-12.472353323333556,-4.001211643218994,0.5634889602661133,0.4713802678511797,0.14191355341458747,0.42717916325655053,0.2632332032678251,0.003497244332556789,0.1604447046131938,0.26127149505151115,0.10642238066291526,0.018474562093615532,0.005866613979664954,7.220140832941979e-05,7.746393384877592e-05,,11.633539199829102,,,,,0.7483418583869934
Model6PhysicalFix_B_soft_gate,1567500,40.37092,-77.40221,0.7009349763393402,0.8458690268221684,0.7195793594910422,-96.20202415272769,-31.261754712186473,-9.543713569641113,0.6123248934745789,0.4815265766701654,0.12666302849109703,0.40641579894605334,0.2223237418613248,0.004359237851686557,0.17972891769448499,0.2888978351731079,0.11726678125345717,0.02871732972562313,0.008694842177832583,7.219673716463149e-05,7.747275230940431e-05,,18.47769546508789,,,,,0.7575274109840393
Model6PhysicalFix_B_soft_gate,1568000,40.32342,-77.16887,0.7776794731616974,0.7989750004201908,0.779855408814269,-80.15038046620303,-37.41741899966991,-4.367528915405273,0.6920676827430725,0.46447335854467275,0.13257849366028557,0.44312773123132904,0.22007185585614092,0.0048004020294975585,0.21825221022485164,0.30781477971233095,0.09776360122758004,0.030376313254237175,0.00886911527828402,7.220062252599746e-05,7.75327644078061e-05,,23.009679794311523,,,,,0.728279709815979
Model6PhysicalFix_B_soft_gate,1580000,39.62997,-76.40331,0.7249846756458282,0.8184486450561625,0.7366705377504437,52.61201470104042,-38.06589948439619,-1.5209732055664062,0.6403186321258545,0.49445858701423995,0.16094889134843696,0.45457807333687605,0.17368148770691533,0.0019203064226450853,0.2789740079189181,0.3275968148841452,0.0873713218774643,0.1412489116191864,0.040054354111033266,7.296360854525119e-05,7.729160279268399e-05,,58.479339599609375,,,,,0.7364373803138733
Model6PhysicalFix_B_soft_gate,1583500,39.51078,-76.6765,0.6396662294864655,0.7862539754345401,0.6583556072195645,31.08671145336099,-44.534040925774555,-1.138456106185913,0.5041938424110413,0.5162821391311205,0.16250310374996937,0.39232963476455723,0.13658463353371392,0.002770835320354952,0.25297147427324296,0.34196264630251466,0.12130171540131354,0.11175470054149628,0.03340856818818795,7.294948591152206e-05,7.73226929595694e-05,,49.33323669433594,,,,,0.7825867533683777
Model6PhysicalFix_B_soft_gate,1586610,39.45189,-76.95531,0.6173027753829956,0.6441407047614616,0.6319626683087155,51.59248308447996,-61.94151342022135,-7.559045791625977,0.5364621877670288,0.4973781139393695,0.1488064628480452,0.43728800403494744,0.20606433186728282,0.002617241222734223,0.2286034666349047,0.2918494503308434,0.09689427421047225,0.1170731857419014,0.03449486299391502,7.31796317268163e-05,7.730036304565147e-05,,49.63973617553711,,,,,0.7698362469673157
Model6PhysicalFix_B_soft_gate,1591400,39.25597,-77.05106,0.6267344951629639,0.6736449634319897,0.6360942718256059,71.21170379536412,-52.055945781557725,-3.139252185821533,0.5695585608482361,0.4958990566809891,0.14651690717272145,0.41430857954668593,0.17402251873519128,0.0014381313731053613,0.23884491551831627,0.32619857987702533,0.12630080362960994,0.13594576716423035,0.04012063005095854,7.311819354072213e-05,7.728260970907286e-05,,49.53028869628906,,,,,0.7987880110740662
Model6PhysicalFix_B_soft_gate,1594950,39.27669,-79.39031,0.6205389499664307,0.7501754967263156,0.6906521842080616,73.21650948332758,-25.900913672275372,-21.077594757080078,0.44581782817840576,0.3769662069916703,0.12604694109775622,0.5357557849769862,0.3781746177179986,0.0037375908261127904,0.1538406091158458,0.2418852437828439,0.09111068751891116,0.012774944305419922,0.00317246095814431,7.230299524962902e-05,7.741076842648908e-05,,8.823273658752441,,,,,0.6256999969482422
Model6PhysicalFix_B_soft_gate,1596500,39.57006,-79.10194,0.7709314078092575,0.8513568172278505,0.7722993844919117,-31.55267075609677,-30.680838558745737,-8.649293899536133,0.6510790884494781,0.4129934838732263,0.12126443478047325,0.4748189398740874,0.3391930578248123,0.003925418896663143,0.13169640314609113,0.2443542837616198,0.11624653123754158,0.012770751491189003,0.0037437423812626477,7.246999302878976e-05,7.74582294980064e-05,,10.830765724182129,,,,,0.7352662086486816
Model6PhysicalFix_B_soft_gate,1605500,38.63567,-79.33782,0.7231647968292236,0.6817861155157043,0.7625041957790785,-301.9620873418747,-14.553611249573681,-20.362979888916016,0.6718281507492065,0.48301968910248383,0.17847094976953295,0.42028187226750874,0.19446529174312413,0.0028429054276227807,0.2229707059622974,0.3188392569686351,0.09966778851451191,0.013637353666126728,0.004219465573684878,7.235600787680596e-05,7.739986176602542e-05,,18.559810638427734,,,,,0.784054696559906
Model6PhysicalFix_B_soft_gate,1606500,38.99122,-79.17587,0.7462097108364105,0.6868050481761288,0.7705652244926162,-187.53653587689814,-27.076405894133913,-25.531766891479492,0.6831723749637604,0.4736302251092875,0.18932369177475566,0.45932612491411373,0.21739125549781843,0.002669433554862589,0.23926301483943266,0.30570619256960213,0.07023301699037802,0.014179948717355728,0.004157477779051715,7.227695459732786e-05,7.739276043139398e-05,,17.83292579650879,,,,,0.7429977655410767
Model6PhysicalFix_B_soft_gate,1613050,39.89842,-78.13223,0.6516951024532318,0.6429328950340032,0.6668065786313929,71.6456559172615,-55.491591118690074,-24.324203491210938,0.5332950353622437,0.4847232553406469,0.1231072216703919,0.4094256384371685,0.2704999837902969,0.003658029906663066,0.1352629934278659,0.239681342001322,0.11262975220091746,0.027211029082536697,0.008592683424047634,7.22384502296336e-05,7.743512105662376e-05,,11.980279922485352,,,,,0.7922105193138123
Model6PhysicalFix_B_soft_gate,1620500,38.33763,-79.24004,0.6268322169780731,0.7555212421164378,0.6320332852852423,-17.45157200885203,-21.069973602179545,-58.94552993774414,0.5749238133430481,0.42012851929828965,0.11466842324350161,0.46048758473038454,0.3099488715340422,0.004007154952145178,0.1465273223786529,0.26657172575437627,0.12486496217528953,0.01722252555191517,0.005053069332359607,7.228512549772859e-05,7.741665467619896e-05,,14.022774696350098,,,,,0.7437491416931152
Model6PhysicalFix_B_soft_gate,1632000,38.63706,-78.8528,0.5588033199310303,0.6331276919884317,0.5599876825323973,12.620434184506466,-42.42373984254417,-17.612045288085938,0.4814331531524658,0.5190265792870598,0.14861231176584327,0.3520246247495042,0.2199028468098283,0.0035368898666650905,0.12858019719929412,0.25814211059849346,0.13628878860996688,0.020875737071037292,0.006991898848965366,7.232379721244797e-05,7.746815390419215e-05,,14.328729629516602,,,,,0.8699941635131836
Model6PhysicalFix_B_soft_gate,1632900,38.69345,-78.64279,0.48982399702072144,0.6975102757888755,0.5447347119977856,-34.77493466131308,-21.156939082459065,-5.404504776000977,0.3816196322441101,0.5720662185409421,0.17005432304883938,0.31854961017316547,0.13001046775919164,0.0032985472438629673,0.18523676122493565,0.2960233273805747,0.12155672371363135,0.0303296260535717,0.01040199948627045,7.219913823064417e-05,7.742413436062634e-05,,12.617136001586914,,,,,0.8915849924087524
Model6PhysicalFix_B_soft_gate,1634500,39.08122,-78.32945,0.4980589747428894,0.7168004230618431,0.5593388390462454,-89.16367135453848,-24.806655330470416,-13.6901273727417,0.3698548674583435,0.52402192931707,0.14399130192692067,0.37209914945778744,0.22691095943111583,0.0030507052133521206,0.14213308656782342,0.24661280858659396,0.11168195295205281,0.02270858734846115,0.007483223068072157,7.226565503515303e-05,7.740125147392973e-05,,18.18364143371582,,,,,0.8471001982688904
Model6PhysicalFix_B_soft_gate,1638480,39.25455,-77.57638,0.6319770216941833,0.6272958041802326,0.6461678926660197,59.70544008282929,-58.91697379337656,-10.985401153564453,0.5563836395740509,0.510215018563396,0.12180909439288835,0.37928478730958726,0.2398464330534211,0.004305736927645794,0.13512782737529744,0.24420159999120936,0.13750468148289233,0.08956438302993774,0.028758533977035323,7.220061525003985e-05,7.73647116147913e-05,,11.508369445800781,,,,,0.8430324792861938
Model6PhysicalFix_B_soft_gate,1639500,39.61236,-77.23744,0.7220664322376251,0.7835421258397405,0.7297431711929372,71.61930643895667,-31.491047561817663,-2.603720188140869,0.6407117545604706,0.4836497244932367,0.11723604334042015,0.41033810352851796,0.2595106844821138,0.0033832818380154935,0.14743978385664422,0.25166075039453245,0.12438980660709463,0.06802722811698914,0.02066417129995489,7.294846000149846e-05,7.735495455563068e-05,,22.014379501342773,,,,,0.7841347455978394
Model6PhysicalFix_B_soft_gate,1644000,39.01955,-77.57749,0.7027566134929657,0.7420809956198002,0.7117726792432076,36.21938596127799,-43.7257345309637,-10.70262622833252,0.6274369955062866,0.5093393877372702,0.12121209955182101,0.40827964593997046,0.2666928031978671,0.004182754860056716,0.13739937473609956,0.21900871105881772,0.10188854784197493,0.06411022692918777,0.020568233244066557,7.220776751637459e-05,7.737288251519203e-05,,10.914634704589844,,,,,0.8391919136047363
Model6PhysicalFix_B_soft_gate,1658500,38.58734,-77.4286,0.5350247025489807,0.6274896517603239,0.5374926894255305,74.34608479119807,-57.130713758990225,-29.01412010192871,0.4713088274002075,0.49431150572205457,0.10092434747160817,0.3539428835843821,0.2390335362972733,0.004057160039187235,0.11084691137601405,0.26090925246427144,0.16679467110983562,0.055229753255844116,0.016964435879122126,7.266740431077778e-05,7.738982094451785e-05,,6.088878154754639,,,,,0.834475040435791
Model6PhysicalFix_B_soft_gate,1664000,38.53068,-77.8136,0.8187233209609985,0.8380331101620625,0.8367426265115528,44.38718641075544,-12.155975208907785,-4.627676010131836,0.7681620866060257,0.5261956949206018,0.13478471825681612,0.39793139112988335,0.22722463911409926,0.004391646518314807,0.16631114563637453,0.24179458110128801,0.08877850093207101,0.04257764294743538,0.013269052325956012,7.220799307106063e-05,7.738762360531837e-05,,15.390921592712402,,,,,0.8167611360549927
Model6PhysicalFix_B_soft_gate,1666500,38.32513,-78.09556,0.6808339357376099,0.8072504153812547,0.6934011058257232,36.585610406645465,-24.550519914230772,-1.6593801975250244,0.6190672814846039,0.5198038604656066,0.12384410088054491,0.398930426498569,0.23470361766571268,0.004736839745728821,0.15948581753025776,0.2403912480037527,0.0951005620567189,0.04663345217704773,0.014364459686510112,7.219470717245713e-05,7.740758155705407e-05,,17.418018341064453,,,,,0.8304279446601868
Model6PhysicalFix_B_soft_gate,1667500,38.35041,-77.975,0.8413580507040024,0.8598929306941017,0.844684276884519,53.00491955457399,-22.067690502106842,-2.8374805450439453,0.8085038959980011,0.5143847309478284,0.11228446804151872,0.3974898064604242,0.24712168806337068,0.004753941632761629,0.14560975650051547,0.23321199478372734,0.10025354433391194,0.04230991378426552,0.013072600126331603,7.220766565296799e-05,7.742013258393854e-05,,17.771127700805664,,,,,0.8379586935043335
Model6PhysicalFix_B_soft_gate,1669000,37.87708,-76.90052,0.653673380613327,0.8200362074428317,0.6955049157618609,80.44510881142968,-10.370786342837837,-1.66353178024292,0.4596746563911438,0.5450553033997166,0.1334212437630785,0.32918746722427905,0.14721701603452916,0.005730027082875091,0.17623649196704744,0.29959867965574283,0.15453339274572336,0.1028614267706871,0.03121929008937933,7.221069245133549e-05,7.748574716970325e-05,,11.534610748291016,,,,,0.837684154510498
Model6PhysicalFix_B_soft_gate,1669520,37.63375,-76.69635,0.7131812870502472,0.685108646400264,0.7314991871841359,82.52111381261142,-44.00181813870721,-1.1361048221588135,0.5931373834609985,0.529372811552227,0.12393478250080228,0.33348227018731036,0.17933356350127144,0.006224264998605581,0.14792015425299768,0.282726200717917,0.16124556317771988,0.08941124379634857,0.02648610677866929,7.222164276754484e-05,7.751423981972039e-05,,12.875351905822754,,,,,0.8218821287155151
Model6PhysicalFix_B_soft_gate,2011400,38.04235,-79.88144,0.6686385571956635,0.4981457337007692,0.8296927799117781,-158.7367073201775,-0.38413848998410155,-19.365081787109375,0.5842755734920502,0.47276296532446965,0.15721130935486788,0.43110219596633753,0.2465252199673728,0.0030214405767117064,0.18155213959361205,0.276598113383487,0.09946413987518059,0.016487108543515205,0.004962906208757962,7.231014024000615e-05,7.740645378362387e-05,,21.390291213989258,,,,,0.7733005881309509
Model6PhysicalFix_B_soft_gate,2011460,38.2454,-79.76866,0.7791517525911331,0.8081745066777559,0.7807067039946964,-51.34494933063753,-36.8294743792796,-5.552337646484375,0.7156735956668854,0.4369923447786163,0.1357614622512824,0.4555587211188949,0.3042800703102416,0.0034174622695446154,0.1478574195999594,0.2542671018054201,0.10969505412800691,0.01279468834400177,0.003740209892567218,7.227026071632281e-05,7.741218723822385e-05,,17.164438247680664,,,,,0.7392908334732056
Model6PhysicalFix_B_soft_gate,2013000,37.8029,-80.047,0.7467551231384277,0.7827926160593198,0.7558678494120918,-166.91022462379348,-32.95001885548417,-8.759788513183594,0.6882952451705933,0.5085551417826922,0.14481896356382795,0.36502954902826956,0.2347756270871433,0.0035890641647793207,0.1266604305094289,0.2527309104350871,0.13036410136392454,0.014436190016567707,0.004634584694244234,7.233934593386948e-05,7.742476009298116e-05,,15.919548988342285,,,,,0.8548496961593628
Model6PhysicalFix_B_soft_gate,2014000,37.72901,-80.04228,0.7451570332050323,0.8058251652748981,0.7866606256216221,-310.04263048151614,-17.45204877691638,-10.14171028137207,0.6813258230686188,0.4934597696276731,0.14046435413111014,0.38193493349782937,0.25321022612529404,0.003771286207846919,0.12494905396424415,0.248721828914561,0.1284972513341102,0.016396531835198402,0.00511784040255129,7.231709605548531e-05,7.743299647700042e-05,,16.67210578918457,,,,,0.8156406283378601
Model6PhysicalFix_B_soft_gate,2015700,38.1954,-79.57032,0.6737782955169678,0.8113577213822702,0.6838819099130833,-230.1653980298789,-30.474756466803942,-4.319284915924072,0.5674133002758026,0.48054941834624976,0.1551743343052131,0.42070180943427554,0.24060153542669127,0.002768813415930922,0.1773278064829472,0.27495096082208037,0.10303661767440912,0.01899057626724243,0.005904571648821408,7.236868259496987e-05,7.741256558801979e-05,,19.923633575439453,,,,,0.7941590547561646
Model6PhysicalFix_B_soft_gate,2016000,37.7918,-79.75949,0.8186350613832474,0.8835619369443045,0.8200244351221508,-259.39866520221767,-26.226920774518014,-5.634137153625488,0.7622959315776825,0.5063989832512422,0.15422228279666333,0.376508574139283,0.22679039747805904,0.003417329130333275,0.14629682926620302,0.262033477223935,0.12046931739218464,0.01676185056567192,0.005300768833672204,7.234073564177379e-05,7.743356400169432e-05,,21.510059356689453,,,,,0.8184329271316528
Model6PhysicalFix_B_soft_gate,2017500,37.50624,-80.10671,0.8153408020734787,0.8831378747043623,0.8170274466776225,-136.9781808684483,-19.719093711076866,-7.5078630447387695,0.73391392827034,0.5231177086506553,0.15200834238365685,0.3544982911303272,0.21989322203658845,0.003424963828915592,0.13117572924803933,0.25268287666417877,0.12706671610026452,0.018340233713388443,0.00596833043166157,7.230629853438586e-05,7.742484740447253e-05,,16.95244598388672,,,,,0.8591020703315735
Model6PhysicalFix_B_soft_gate,2018000,37.66596,-79.91144,0.8414453417062759,0.9121603356349968,0.843831047936317,-188.50232579845832,-24.038104896654367,-6.833207130432129,0.7910367846488953,0.5202794187099644,0.14964450025214046,0.3459935899633928,0.22110597305411808,0.0038041635134823133,0.12107907883469507,0.25335857709577175,0.13781951601377607,0.01904626004397869,0.006106860503352805,7.240295235533267e-05,7.745446055196226e-05,,20.18150520324707,,,,,0.8576520681381226
Model6PhysicalFix_B_soft_gate,2027000,37.71542,-78.98169,0.5959770381450653,0.6253855734108336,0.6019596711487413,36.998025243443486,-60.192251465207534,-6.000919342041016,0.4655107855796814,0.4643770545814404,0.12182638040039658,0.482246131319469,0.25281192719978185,0.0033621711876979338,0.226068759832824,0.27901257484119757,0.0605701517917747,0.028227122500538826,0.007970855242912842,7.230003393488005e-05,7.739850116195157e-05,,20.091386795043945,,,,,0.7626517415046692
Model6PhysicalFix_B_soft_gate,2027500,37.70236,-79.02752,0.4255148768424988,0.6131933043673985,0.46254767368131156,41.47983888672116,-57.60804745005202,-10.258073806762695,0.2988203763961792,0.42474049065281655,0.11400282636379437,0.5405918702659637,0.3198781196880246,0.0030302037514734845,0.21768046942479483,0.2518580199019331,0.04017808288167934,0.024166183546185493,0.006417646429708779,7.230065966723487e-05,7.734374958090484e-05,,23.474716186523438,,,,,0.7204324007034302
Model6PhysicalFix_B_soft_gate,2028500,37.86959,-78.82335,0.7375955879688263,0.8280556722623179,0.7414109815633195,58.62690630539885,-28.43392421344545,-6.665914058685303,0.634057343006134,0.50588641120204,0.12771085631532872,0.4277726820737896,0.2479403407888298,0.004380366181759898,0.17544821029139596,0.2414773160212743,0.07396965315135691,0.026764698326587677,0.007945871155574435,7.222172280307859e-05,7.739422289887443e-05,,15.323953628540039,,,,,0.7807132005691528
Model6PhysicalFix_B_soft_gate,2038850,37.41542,-78.63584,0.5469766855239868,0.6060673278711575,0.5500793302131195,31.714747929454617,-48.92983329710971,-5.9535908699035645,0.48938846588134766,0.5593803900980484,0.14618973933753407,0.313039037969949,0.10519380130979031,0.0020646991054338384,0.20577694584299866,0.33318249977749564,0.13930001813833126,0.038151416927576065,0.01205739232759854,7.230816117953509e-05,7.733918755548075e-05,,15.626978874206543,,,,,0.9173972010612488
Model6PhysicalFix_B_soft_gate,2046000,37.06709,-77.60249,0.7099457681179047,0.8079702958029186,0.7188828843826068,78.21745282987173,-35.57388553042651,-25.780736923217773,0.6462200284004211,0.5078081533081747,0.08827236845638654,0.31975442541742927,0.2238270147250971,0.005654939118385476,0.09026694929210943,0.2616759354133257,0.1827497411128706,0.03925251588225365,0.011550587769765005,7.249087502714247e-05,7.741550507489592e-05,,6.283443450927734,,,,,0.8409775495529175
Model6PhysicalFix_B_soft_gate,2051000,36.99737,-78.34972,0.6046013832092285,0.5461311176869623,0.6281468922226117,87.31447274991979,-53.639836252779766,-55.500858306884766,0.5609177649021149,0.5471379731027102,0.1320396002951053,0.3244294149616284,0.14163656649539708,0.0024945162686284125,0.1802942552923354,0.30771203254209756,0.1436177873360271,0.05331633612513542,0.016361797481256175,7.367627404164523e-05,7.727363845333457e-05,,26.718528747558594,,,,,0.8575015664100647
Model6PhysicalFix_B_soft_gate,2051500,36.71681,-77.83166,0.76268170773983,0.8200110722396756,0.764019216099854,47.06835186496203,-31.29137174785565,-4.075899124145508,0.700895220041275,0.5258336334681408,0.09503717151510943,0.2980743820839047,0.19928348690833667,0.006022328368543124,0.09276295199217191,0.26744644763334663,0.18596285777515492,0.0376213937997818,0.01144895073052089,7.229846232803538e-05,7.74151340010576e-05,,9.721887588500977,,,,,0.9331390261650085
Model6PhysicalFix_B_soft_gate,2053200,36.37083,-77.02556,0.8619415760040283,0.8020383292085608,0.8692840481513799,38.28626131653518,-12.164153609371178,-127.59085083007812,0.8411502838134766,0.5472647439715695,0.10889685253769651,0.33488139004430556,0.18027994586877666,0.005317534753957256,0.1492797579509025,0.2631062521332914,0.14732686824039434,0.11579230427742004,0.0339680772811996,7.218983228085563e-05,7.761355664115399e-05,,23.416017532348633,,,,,0.8389320969581604
Model6PhysicalFix_B_soft_gate,2053800,37.14013,-80.26643,0.6638611257076263,0.6640398740609981,0.6962317664091395,-83.13913663692472,-44.632785101047865,-11.322104454040527,0.6039022505283356,0.5204709225125371,0.15932070712292629,0.37381157335830045,0.17311491742994942,0.0036208189961163435,0.19707239189601813,0.3007252872814756,0.11329370334618352,0.03351477161049843,0.01034130266827052,7.222905696835369e-05,7.740923319943249e-05,,22.397329330444336,,,,,0.8263392448425293
Model6PhysicalFix_B_soft_gate,2055100,37.41763,-79.93532,0.606130450963974,0.7016724880176008,0.6068125187872928,-82.88630975969171,-63.07466284994228,-3.16310453414917,0.506325900554657,0.5613400027008704,0.159665509194712,0.3110601215576002,0.13976329821433756,0.0027862519248309995,0.16850663937066956,0.29354813471719904,0.13612364789408163,0.036712322384119034,0.011866680694331076,7.226511661428958e-05,7.740350702079013e-05,,25.02871322631836,,,,,0.8717825412750244
Model6PhysicalFix_B_soft_gate,2056900,37.04514,-79.8442,0.7518029808998108,0.7864882275181813,0.7550813561656653,56.398157570597746,-36.134365827774296,-3.173917770385742,0.6903930008411407,0.5524687614340362,0.16659068086542134,0.3499877257985687,0.14595805984379825,0.004220832051756847,0.19980558243589594,0.2944137193745877,0.10911993196776258,0.04944726452231407,0.015435875893913509,7.223481952678412e-05,7.73589126765728e-05,,43.88774871826172,,,,,0.8508856892585754
Model6PhysicalFix_B_soft_gate,2059500,37.1732,-79.52031,0.6545193195343018,0.7504574905436697,0.6553789450160106,2.208536445496657,-40.63120012503061,-1.7565858364105225,0.6007306575775146,0.5498709039965048,0.1390840149817871,0.2762070237569094,0.12179313882845794,0.004818149366877851,0.14959110873209994,0.32202465613424924,0.18835424198801057,0.05062521994113922,0.016340956689467355,7.229809125419706e-05,7.739711145404726e-05,,25.671070098876953,,,,,1.0327856540679932
Model6PhysicalFix_B_soft_gate,2064000,37.12681,-78.95974,0.6741047501564026,0.6706656619218575,0.6812338990016843,25.24874143488276,-42.87580998618511,-0.8483970165252686,0.6342680156230927,0.5271822455366759,0.10905530728513324,0.2552307619554455,0.1355477737004636,0.0033481798154958754,0.11632928701757815,0.33233776271750953,0.22644233858632593,0.03389734774827957,0.010757872333228346,7.240324339363724e-05,7.737391570117325e-05,,12.854157447814941,,,,,0.9453861117362976
Model6PhysicalFix_B_soft_gate,2065500,37.07931,-78.76362,0.7064602077007294,0.7631313349590296,0.7109489713311926,86.75868807116503,-34.96161859034192,-1.0643856525421143,0.6645045578479767,0.5182514676861726,0.09959164747369038,0.2661298704799956,0.15493538927856615,0.004265666598784765,0.10692310168894478,0.3209349064555465,0.22825642068835367,0.04647653549909592,0.01452459569142284,7.246908353408799e-05,7.73645588196814e-05,,14.433379173278809,,,,,1.1795201301574707
Model6PhysicalFix_B_soft_gate,2069700,36.57097,-80.12949,0.7349629700183868,0.7503527910175932,0.8132060311127912,29.347478412833535,-11.30995875650187,-2.747295618057251,0.6656145453453064,0.5416917817156449,0.17402018611311412,0.40991349013025835,0.14623492931018434,0.0024581795238815124,0.26121818861223817,0.30660794947882464,0.05382004493069064,0.036256153136491776,0.010392495720436526,7.222392014227808e-05,7.73429055698216e-05,,70.34310150146484,,,,,0.7712748050689697
Model6PhysicalFix_B_soft_gate,2070000,36.56819,-79.98726,0.667081356048584,0.7769489913608022,0.7464487317700746,35.35366387956276,-13.244760567269838,-1.3681211471557617,0.5987490117549896,0.5447784647461057,0.14270912569508457,0.30147468710542485,0.13046448035525451,0.0028991575215658997,0.16810700776809884,0.31918470840562857,0.1669329508755707,0.05582330748438835,0.017000020164684954,7.250895578181371e-05,7.733215170446783e-05,,36.530059814453125,,,,,1.1397621631622314
Model6PhysicalFix_B_soft_gate,2074500,36.61958,-79.50419,0.7066087126731873,0.7915732317088852,0.7074219523089752,-11.068801573856495,-32.04005857275811,-1.5906412601470947,0.6735574007034302,0.5381819620869013,0.13119476913522987,0.2935586305778811,0.14563012299871864,0.004471438935600222,0.14345259373197294,0.3112324801244447,0.1836108452919347,0.05186690390110016,0.015818636223684717,7.240117702167481e-05,7.736719271633774e-05,,22.593589782714844,,,,,1.0462877750396729
Model6PhysicalFix_B_soft_gate,2077200,36.39778,-79.19667,0.6960436999797821,0.6835027934506366,0.7156117434625269,9.378504568609108,-17.33955421968659,-41.702239990234375,0.6995105445384979,0.5131234765620903,0.09214645084580567,0.35869443899281933,0.2601406469339478,0.0023665585133653753,0.09618201633247432,0.22276573497739602,0.1412548377079147,0.05058732628822327,0.015185956537623311,7.195778016466647e-05,7.736412226222456e-05,,12.99915599822998,,,,,0.8726342916488647
Model6PhysicalFix_B_soft_gate,2081500,36.19417,-78.58306,0.7496662437915802,0.8109985946110058,0.776495000023835,27.983385086319572,10.171886892344723,-162.024169921875,0.7132591605186462,0.5200889262164684,0.09400340818187189,0.3115977179791374,0.21109881199301067,0.003336537111114127,0.09715683464609676,0.2640293241490456,0.17933001696240436,0.04320051521062851,0.012900172631184531,7.218427344923839e-05,7.740793807897717e-05,,12.61325454711914,,,,,0.8545820713043213
Model6PhysicalFix_B_soft_gate,2082950,36.18333,-77.87611,0.7883874922990799,0.8196344211225378,0.7891590464076037,31.2488278578697,-29.850699385813307,-11.693824768066406,0.7614556103944778,0.5306374366646377,0.08549936343138348,0.29197312694507077,0.21251896845877521,0.006563363861924624,0.07288490968012963,0.24967775053368885,0.19137771023910974,0.04930083453655243,0.01482123165310654,7.250948692671955e-05,7.740755972918123e-05,,6.925857067108154,,,,,0.9678032994270325
Model6PhysicalFix_B_soft_gate,2092500,35.06417,-77.46139,0.7922491580247879,0.790642918405802,0.7970651921660987,9.47533923007649,-36.176994508588976,-31.806941986083984,0.7444296181201935,0.5186024901990309,0.09751336779920879,0.3073901595568158,0.18189291769098123,0.007357770808363224,0.11813513892160016,0.2875004619412786,0.1911081520822842,0.08725806325674057,0.02250233320564449,7.219061808427796e-05,7.763385656289756e-05,,20.838239669799805,,,,,0.8638595938682556
Model6PhysicalFix_B_soft_gate,2096846,35.98722,-79.20611,0.3986889719963074,0.48905223087081984,0.442617151968396,48.56520546447821,-37.85142333399256,-1455.088134765625,0.39196890592575073,0.541391049869152,0.1310104180001553,0.30622931562390476,0.1270308332301519,0.002410175358782767,0.17678428648477357,0.3298331661444638,0.16817053579485716,0.052227769047021866,0.015373524811807591,7.233746873680502e-05,7.73460342315957e-05,,14.006628036499023,,,,,0.9533601403236389
Model6PhysicalFix_B_soft_gate,2102908,35.18278,-79.1775,0.6248534023761749,0.7387038061529219,0.6511170474945929,2.415534914359537,-53.195329287461405,-1.7134065628051758,0.4939892292022705,0.5493931745910219,0.09651478933532716,0.37962608410481674,0.13054266939343118,0.004220125014837891,0.24486024845044435,0.31486158464294456,0.12439847868068879,0.18669916689395905,0.05463029491051474,7.262804865604267e-05,7.736730185570195e-05,,51.574180603027344,,,,,0.9000457525253296
Model6PhysicalFix_B_soft_gate,2108000,34.82889,-77.83222,0.8531710654497147,0.8939977467020007,0.8539141570032326,-13.368012061688946,-9.075086064107628,-25.179336547851562,0.8249622583389282,0.5271168401656597,0.1004878717848686,0.36693604378213845,0.15761005274766127,0.005623219016810264,0.20369972919022292,0.3054731851667361,0.14446254710334192,0.17167320847511292,0.044227543534545145,7.218444079626352e-05,7.74744403315708e-05,,43.3512077331543,,,,,0.8418707251548767
Model6PhysicalFix_B_soft_gate,2111180,36.07139,-81.40306,0.7253235876560211,0.7791862966723802,0.7261331263888126,2.4120441944033923,-40.31074350851797,-2.7360079288482666,0.6432674825191498,0.513527988424437,0.16076929670535187,0.43937341051159445,0.21949564318691825,0.0030651213418119772,0.21680996771082892,0.26559450713582644,0.054492779093727205,0.02002294361591339,0.0055056183385573795,7.219391409307718e-05,7.732615631539375e-05,,27.122817993164062,,,,,0.7322070002555847
Model6PhysicalFix_B_soft_gate,2111500,36.175,-81.16889,0.606541097164154,0.761610035624584,0.6307673718236136,-94.99279394197802,-48.75363660950662,-2.767655849456787,0.5049009025096893,0.5571299185423816,0.1908893727462919,0.4009437277304519,0.12909086222586616,0.002621491195643987,0.26922939594757506,0.31328199375454546,0.05605513052110897,0.04100840166211128,0.011837175145507072,7.226545130833983e-05,7.734359678579494e-05,,24.093568801879883,,,,,0.8219616413116455
Model6PhysicalFix_B_soft_gate,2112120,36.25028,-81.04444,0.7017625272274017,0.7989453516947609,0.7151736987290727,-7.54312012074786,-35.87277619140066,-2.6393730640411377,0.6025006175041199,0.54530033327694,0.17445715818597632,0.39669899433397243,0.13606265363167944,0.0030533698254803917,0.25758061478136374,0.3178433321054655,0.07239503869227024,0.04023148491978645,0.01163528973350938,7.228052709251642e-05,7.73566571297124e-05,,37.13212203979492,,,,,0.7866962552070618
Model6PhysicalFix_B_soft_gate,2112360,36.31139,-80.80722,0.6999102532863617,0.8288591534281494,0.7085755010364821,-14.42609312866337,-32.30229445237897,-0.9386633634567261,0.5791310966014862,0.5646223035070475,0.18393162072230523,0.4047037514400876,0.14209481942369304,0.0023777643680004523,0.2602290034009754,0.2933963473664375,0.04795142762257394,0.04747237265110016,0.0141456041134191,7.223928696475923e-05,7.733055099379271e-05,,40.43233871459961,,,,,0.8315532207489014
Model6PhysicalFix_B_soft_gate,2118500,36.00056,-80.74556,0.8014154136180878,0.8685610998109878,0.8095860603657788,43.16915360635411,-28.249143012485163,-1.1911826133728027,0.7674917727708817,0.5470648746237052,0.15720106145465745,0.33690017079091644,0.140725882134565,0.0037875467646424433,0.19238345879085839,0.3095199603458127,0.138774748868912,0.07300000637769699,0.02123563909712061,7.226825982797891e-05,7.734904647804797e-05,,41.358123779296875,,,,,0.8160580992698669
Model6PhysicalFix_B_soft_gate,2125000,35.33472,-80.33556,0.6614217460155487,0.668435905590641,0.6681437352500255,25.80103005127207,-46.07008606260063,-97.02969360351562,0.6172280311584473,0.560022460694914,0.09759763999961123,0.26446129027956183,0.19564801998023135,0.0016310746098762412,0.06717564785554272,0.24415989722825035,0.18817415141767738,0.036296673119068146,0.011507367803542041,7.218318933155388e-05,7.742547313682735e-05,,15.738402366638184,,,,,0.9521017074584961
Model6PhysicalFix_B_soft_gate,2128000,35.38722,-79.83139,0.567529708147049,0.6189464453932505,0.5696576174191581,61.121397275923016,-65.31254761563899,-21.465225219726562,0.5170379281044006,0.5512090310528279,0.12400421559657392,0.2864129404525038,0.16518356479593505,0.0032467092493720165,0.11797761704675336,0.2794613952560149,0.1733965776529601,0.03925231471657753,0.012235483656034966,7.233235373860225e-05,7.73793290136382e-05,,13.493821144104004,,,,,0.9065017104148865
Model6PhysicalFix_B_soft_gate,2137727,35.68583,-82.06028,0.8683111816644669,0.8971596063080172,0.8869143109844182,19.020972998815765,4.403817413069838,-1.1236882209777832,0.8515866845846176,0.49721914808642326,0.15690022030434356,0.4253657647470798,0.1921974317977023,0.0035548849520491213,0.22961098801865926,0.30926869548350033,0.08638455093041524,0.023736726492643356,0.006089706846792683,7.222463318612427e-05,7.73486535763368e-05,,31.317951202392578,,,,,0.6948145031929016
Model6PhysicalFix_B_soft_gate,2140991,35.83361,-81.71194,0.797899141907692,0.8163378211476304,0.8034803380703218,6.883528043868629,-29.33993269438923,-0.3469419479370117,0.7490387558937073,0.5197247638773987,0.1684232786730078,0.387666977901552,0.165082347121646,0.004061317356834121,0.2185207215058872,0.3124780658443473,0.10198123318220755,0.029757168143987656,0.008046056437612635,7.219956023618579e-05,7.737049600109458e-05,,15.909723281860352,,,,,0.7426299452781677
Model6PhysicalFix_B_soft_gate,2143000,35.68444,-81.40333,0.7974044382572174,0.834304830112063,0.7981164780476885,-16.14197746950315,-37.736424271643244,-0.7129741907119751,0.7616566270589828,0.5151315936274142,0.1359992383600742,0.3554061806881635,0.15484921909593935,0.003996973274669869,0.19655662887061592,0.32744854095872417,0.14930161932780317,0.06533527374267578,0.018176382183080188,7.220788393169641e-05,7.736361294519156e-05,,22.211933135986328,,,,,0.7875931859016418
Model6PhysicalFix_B_soft_gate,2143040,35.59069,-81.56704,0.8273663073778152,0.8244750181513529,0.8312387631582446,4.555057935018035,-18.70547361238927,-5.391101837158203,0.7924559116363525,0.46857703792979033,0.11811654141110181,0.41808417656483554,0.17954253388736027,0.003953411608008753,0.23458527668630766,0.3494215360612837,0.12861906653623859,0.05239548906683922,0.013432333642039957,7.22688710084185e-05,7.7351214713417e-05,,33.491249084472656,,,,,0.6946423649787903
Model6PhysicalFix_B_soft_gate,2149000,35.42345,-82.1115,0.6005387008190155,0.7197424522691859,0.7423644403188353,-22.20772092733291,19.51402213834742,-2.697566032409668,0.46615999937057495,0.5365065350098984,0.16932350396682935,0.3972346800923671,0.14784801375009146,0.0030975704672791655,0.24628676074771869,0.3155284022836615,0.07984519820545367,0.03562850505113602,0.009573377536954713,7.219735562102869e-05,7.734016980975866e-05,,37.68468475341797,,,,,0.7834656834602356
Model6PhysicalFix_B_soft_gate,2152100,35.49306,-81.68222,0.7547777891159058,0.8386804254015412,0.7577294821641328,-18.973014942126856,-36.61166574969899,-3.138759136199951,0.7181669473648071,0.5118174967258858,0.13886084693277556,0.36274640120202173,0.14011570890952613,0.003671438657434918,0.21895616642046678,0.3463532057094473,0.14332403151098663,0.056399401277303696,0.015412428551054945,7.225544686662033e-05,7.735207327641547e-05,,30.79391860961914,,,,,0.8241028189659119
Model6PhysicalFix_B_soft_gate,2177000,34.81398,-83.30599,0.8418073356151581,0.9145953464208822,0.8524663320140116,0.5231551709305701,-1.927190296776027,-0.698999285697937,0.7623430490493774,0.37677799451974936,0.10495123643010454,0.5462859190215709,0.193289256967887,0.0045514668374662375,0.3484437761504512,0.4260510954766003,0.08133248293410002,0.020432427525520325,0.0038674853087684686,7.220073166536167e-05,7.739620195934549e-05,,72.3954086303711,,,,,0.5231470465660095
Model6PhysicalFix_B_soft_gate,2178400,34.89037,-83.53044,0.7952842563390732,0.8859105218413404,0.8033044619782044,-63.487511479190616,-4.2409331912062775,-1.6339178085327148,0.6880592703819275,0.37859902814866697,0.11361540953464956,0.5603409709757913,0.19120381736199274,0.003934467889506632,0.3652012782909425,0.4265802565337303,0.06558887186446614,0.024762703105807304,0.004865597228910388,7.222825661301613e-05,7.737672422081232e-05,,83.33027648925781,,,,,0.5394382476806641
Model6PhysicalFix_B_soft_gate,2193340,33.68263,-82.85792,0.49081194400787354,0.7065717799095147,0.5233517145301685,77.02345271091076,-40.36401637825053,-16.54139518737793,0.4267100691795349,0.5546234886891221,0.08902394079310498,0.22131518585664275,0.1323309302933832,0.0036822549843977476,0.08529554281451789,0.30969380118387835,0.23644431974873517,0.03861681744456291,0.012118649831850969,7.257458491949365e-05,7.73546562413685e-05,,10.173260688781738,,,,,0.9238367676734924
Model6PhysicalFix_B_soft_gate,2196000,33.7293,-82.18179,0.6753908097743988,0.5193979675021858,0.7670273936079072,29.308797169582647,-1.9190341866101563,-82.07929229736328,0.6291699409484863,0.5697336951097546,0.09335594108018924,0.2214367423812201,0.15044179090478685,0.0032165264723366424,0.06777215600914009,0.2795570049835901,0.22258022482507586,0.03493967652320862,0.010714512178198026,7.248074689414352e-05,7.736880797892809e-05,,3.351796865463257,,,,,1.174875020980835
Model6PhysicalFix_B_soft_gate,2198100,32.93766,-81.81539,0.5522510707378387,0.5177660751708004,0.5816587547779523,-437.6798581506256,-65.30494842073435,-97.40343475341797,0.5094406604766846,0.6145436168648869,0.07843695556834476,0.22458896317648042,0.08651530061005389,0.0040592439873185825,0.13400915002642985,0.2987055065708251,0.19947656086977697,0.11128222942352295,0.03487202742271109,7.21890974091366e-05,7.744302274659276e-05,,11.231034278869629,,,,,1.0855629444122314
Model6PhysicalFix_B_soft_gate,2202600,32.16798,-81.48817,0.6558292508125305,0.7541643481611826,0.6936863987502299,56.043629598332856,-49.453680509321394,-793.409423828125,0.5698486864566803,0.6214356183191793,0.0788752969595504,0.21280038310215407,0.13051292525043953,0.005966017483357175,0.07631499629786512,0.24407848615464206,0.18783448156574015,0.06481755524873734,0.02034320463016355,7.218829705379903e-05,7.757397543173283e-05,,7.387792587280273,,,,,0.9472233653068542
Model6PhysicalFix_B_soft_gate,2212600,33.09985,-83.72351,0.7684566080570221,0.8407913108246512,0.7876985885908544,72.08704326883291,-18.318868263609968,-53.12367630004883,0.7298810482025146,0.5492944388213473,0.08722975342748539,0.24262604836237975,0.15214680601649153,0.003727724027391446,0.08674550953860996,0.29226352536239136,0.22237289313786723,0.05861537903547287,0.017318390603787218,7.229788025142625e-05,7.735124381724745e-05,,9.608671188354492,,,,,1.1915264129638672
Model6PhysicalFix_B_soft_gate,2215100,32.23944,-83.50167,0.7519739121198654,0.7442876190979592,0.760754672101371,21.27345808373922,-49.23551494607497,-12.608847618103027,0.6897428035736084,0.5935161301810671,0.07133234835611722,0.28824441934570294,0.1423177341687144,0.005613838684781429,0.14030808599201927,0.25660169505537833,0.15269163334299973,0.1235831007361412,0.036745198805774745,7.218508108053356e-05,7.749063661321998e-05,,7.857499599456787,,,,,0.9416596293449402
Model6PhysicalFix_B_soft_gate,2216180,31.99139,-82.92194,0.7833525538444519,0.7214535043375775,0.7908471091219216,,-31.963555086499404,,0.7531298696994781,0.5948790949365522,0.048805437319878575,0.32551635574713494,0.1453455255834991,0.0053047610588164325,0.1748617377686072,0.2568835181171927,0.12556323501892955,0.14362876117229462,0.04355661962559931,7.224639557534829e-05,7.737653504591435e-05,,6.041224002838135,,,,,0.9354568719863892
Model6PhysicalFix_B_soft_gate,2221525,33.25236,-83.48128,0.7163428962230682,0.6795570133161246,0.7554819047555879,53.934024633086295,-31.293641605563586,-8.230725288391113,0.6601282358169556,0.5899364251622785,0.141103683501672,0.3031672230034328,0.11633560376666395,0.0033329860065058736,0.18349497311264334,0.2885730976122285,0.12555724863321358,0.07077058404684067,0.02119400010867676,7.22121840226464e-05,7.735802500974387e-05,,22.58525276184082,,,,,0.9354846477508545
Model6PhysicalFix_B_soft_gate,2231000,30.35885,-82.0815,0.8191405236721039,0.604754471740281,0.8446884481634139,-82.73703579027907,-29.7743581768147,-122.66233825683594,0.8194208741188049,0.6194369764435621,0.1500851629962264,0.3061192078610247,0.09982651553947021,0.0035122948760492813,0.20277793892683976,0.27884172832144116,0.11960297068498331,0.16122940182685852,0.04358622704581518,7.218745304271579e-05,7.755222031846642e-05,,24.411632537841797,,,,,0.9154281616210938
Model6PhysicalFix_B_soft_gate,2231342,27.56865,-80.79617,0.5607077181339264,0.7507917532656243,0.6478972750810768,60.23306285712095,27.804344883932785,-72.4875717163086,0.4236609935760498,0.566254557291915,0.05280209567729015,0.3767708075488854,0.1411977305935359,0.0034041225834052597,0.23216620446951197,0.29097398276896463,0.12413016224512252,0.24440963566303253,0.06537533940120455,7.229388575069606e-05,7.740675937384367e-05,,17.831912994384766,,,,,0.924647867679596
Model6PhysicalFix_B_soft_gate,2235200,28.87453,-81.48938,-0.44939231872558594,0.21729095687410027,0.5424570556434724,-120.6592467784078,108.7510346734869,-53.79428482055664,-1.6169772148132324,0.5964277179933648,0.12558316292307561,0.1884334718900494,0.0722511475619861,0.0029749508090817275,0.1132028741795876,0.33120296795065174,0.2513807837427987,0.12304181605577469,0.03329864632014657,7.218497921712697e-05,7.760652806609869e-05,,20.81952476501465,,,,,1.1016991138458252
Model6PhysicalFix_B_soft_gate,2245500,29.97941,-81.85204,0.669410765171051,0.7457442462296141,0.671347140058545,-183.4963419900838,-35.42511986608368,-11.167198181152344,0.6018037497997284,0.5815304919395219,0.0950873607462289,0.2635833883458454,0.09983496124565869,0.004847933085757539,0.15889652697094384,0.31843727043605186,0.20191975881813048,0.15380384027957916,0.04204709170921975,7.219826511573046e-05,7.744305185042322e-05,,13.883556365966797,,,,,1.0144387483596802
Model6PhysicalFix_B_soft_gate,2246000,30.1133,-81.90649,0.7808661609888077,0.7828496181195631,0.7850618428551215,-22.021277140178253,-29.569239310885173,-10.843192100524902,0.7583641111850739,0.5763333512657118,0.07364188350118007,0.32430880688400254,0.127399281461634,0.005771123037051386,0.19113502290186046,0.2927349165182689,0.14712762350128356,0.16556571424007416,0.04534707073132178,7.225578156067058e-05,7.740702130831778e-05,,13.948379516601562,,,,,0.8875613212585449
Model6PhysicalFix_B_soft_gate,2296500,27.37504,-81.79647,0.8421758413314819,0.8264861883210445,0.84624036229877,49.135593624400904,-8.591915450014387,-21.154769897460938,0.7658090889453888,0.6252912953477973,0.11692814413145923,0.22239891448214613,0.09764921297717856,0.003925271168459194,0.12082018174728174,0.2738520443407171,0.19072150617791317,0.1380603015422821,0.0376809480194446,7.21819669706747e-05,7.756172271911055e-05,,14.05002498626709,,,,,0.9531963467597961
Model6PhysicalFix_B_soft_gate,2297155,27.48726,-82.02342,0.4426225423812866,0.3889405022645852,0.6999381214648857,67.15187025319362,14.370476104587661,-275.0564880371094,0.3683595061302185,0.5312147263333413,0.042739953715117344,0.3523725641453865,0.161104483836962,0.004688848236084712,0.1865755283925679,0.3028671797060495,0.17324944971533648,0.23045699298381805,0.057126131165242684,7.214363722596318e-05,7.74256550357677e-05,,12.027162551879883,,,,,0.9745660424232483
Model6PhysicalFix_B_soft_gate,2297310,27.19949,-81.98842,0.724136471748352,0.7233779924329723,0.7352220644018441,72.26635847033818,-26.067876643101737,-99.44692993164062,0.6672568321228027,0.5803244232834943,0.10986979901052177,0.3449866937901616,0.12845840531737318,0.002927186846040399,0.21359838974783,0.288330577177386,0.12917318059483687,0.21364639699459076,0.054697021343781176,7.226230809465051e-05,7.749198994133621e-05,,18.43543243408203,,,,,1.052384853363037
Model6PhysicalFix_B_soft_gate,2298123,27.052,-81.78453,0.7064759433269501,0.853367874677477,0.7383370375066994,53.87151728662222,-14.760586517677234,-1.4588992595672607,0.4910924434661865,0.5957153271237918,0.08112966702240078,0.33811943745269296,0.1297955016927268,0.0033257769985172037,0.2049951585124173,0.2714207947952021,0.12426027441625312,0.21286854147911072,0.05790285942542509,7.218831160571426e-05,7.757425191812217e-05,,22.72871208190918,,,,,0.9568809270858765
Model6PhysicalFix_B_soft_gate,2298608,27.34366,-82.15676,0.7010585069656372,0.7903944575144235,0.7019292564203771,72.42893928939233,-28.730296688741465,-29.533010482788086,0.6198027729988098,0.5446541673013529,0.05764544806087814,0.38638860467722974,0.16368469708226394,0.003161362211687829,0.21953964537091059,0.28888531927826844,0.1304755152454008,0.24140439927577972,0.06082202042695457,7.2108356107492e-05,7.743375317659229e-05,,17.01830291748047,,,,,0.9297400712966919
Model6PhysicalFix_B_soft_gate,2299950,27.47365,-82.2112,0.7060043215751648,0.698382444039997,0.7244855742343521,-0.2695995163567703,-21.121277545535758,-34.67567443847656,0.6593983173370361,0.5257242935112018,0.04166079719374721,0.43146530266198374,0.19218860574455682,0.003017959669250805,0.23625602230592133,0.27905939271817765,0.10848283320447587,0.26538363099098206,0.06586345404176716,7.209731120383367e-05,7.740050932625309e-05,,13.831724166870117,,,,,0.888950526714325
Model6PhysicalFix_B_soft_gate,2300700,27.79197,-82.35204,0.6575132608413696,0.7237412862429289,0.6577335689405903,72.5895324365836,-38.22438267759297,-9.274516105651855,0.62679722905159,0.5172525533084512,0.04742603746238752,0.42717474249920434,0.3219124316465585,0.004458515123198941,0.10079894865897057,0.15673734602392733,0.09529644010574892,0.15564052760601044,0.03947594621144721,7.220554107334465e-05,7.751138764433563e-05,,7.458266735076904,,,,,1.1172316074371338
Model6PhysicalFix_B_soft_gate,2310947,28.31195,-82.05591,0.6369564831256866,0.6210815404419279,0.6965828134640734,-34.084260725314444,-28.56438355029382,-1520118.375,0.5502786338329315,0.6000158232495648,0.12159101353124713,0.20493803823920395,0.08939574018224214,0.005111525854550226,0.1104264436820228,0.3069194975597138,0.2317789122510799,0.13121816515922546,0.034877426665870764,7.219199324026704e-05,7.766969793010503e-05,,26.99875259399414,,,,,0.9432361125946045
Model6PhysicalFix_B_soft_gate,2312200,28.57277,-82.15536,0.3710401654243469,0.5893210215196268,0.5179682150753203,39.04998780952006,-11.948549382328792,-3383.471435546875,0.10544192790985107,0.6154105088980095,0.1263113223149979,0.18427599982669685,0.07020674810068835,0.005321482651829199,0.10874315937204114,0.3108762472980731,0.236353488794447,0.12236329913139343,0.03395430397710974,7.219064718810841e-05,7.763464964227751e-05,,16.590036392211914,,,,,1.0520682334899902
Model6PhysicalFix_B_soft_gate,2314500,30.68056,-82.56056,0.6302218735218048,0.6109530409893916,0.7452943932492374,55.251978968539326,21.305112796020033,-121.73878479003906,0.46923285722732544,0.6429466477134805,0.15387570512545165,0.22834277163375333,0.08421961205238832,0.004060350644140279,0.14005907969828071,0.271517377028219,0.16563943777764237,0.12157240509986877,0.03406786086390167,7.218988321255893e-05,7.761505548842251e-05,,16.144630432128906,,,,,0.9523521065711975
Model6PhysicalFix_B_soft_gate,2315500,30.32578,-82.73818,0.7238350510597229,0.7188866296708214,0.7518023413085406,33.957382227914245,9.881686910501159,-99.55213165283203,0.6036226749420166,0.639138699797664,0.1624123283347861,0.2129839837799015,0.08090232405551503,0.0029722964440572317,0.129105635803973,0.2783865071656038,0.18126650703113506,0.11516579985618591,0.031943119806143484,7.218877726700157e-05,7.758644642308354e-05,,18.30173683166504,,,,,1.0112502574920654
Model6PhysicalFix_B_soft_gate,2324400,30.09827,-83.47181,0.47621917724609375,0.41629482413659324,0.5554612904232075,-102.04822798301845,-38.26507019149088,-4745.49072265625,0.37336742877960205,0.5873096869210856,0.1354306300501581,0.22321684864003496,0.060850607983715756,0.0007918033133245305,0.16157059487241798,0.34654709504957004,0.22809754177565653,0.17040947079658508,0.04440793430918399,7.235960219986737e-05,7.744527829345316e-05,,38.02582550048828,,,,,0.9908767938613892
Model6PhysicalFix_B_soft_gate,2327100,30.12937,-84.49435,0.6402381956577301,0.7444287311283919,0.6466907535544051,-93.55289130943726,-44.791818888479966,-268.2348937988281,0.5870561897754669,0.5124172602900334,0.060108531084770704,0.4354499066526349,0.25062959019743014,0.004533199616614064,0.18028403727204687,0.2319277982300906,0.10340592873311169,0.21781645715236664,0.052139462175139095,7.218951941467822e-05,7.758610445307568e-05,,25.541507720947266,,,,,0.784210741519928
Model6PhysicalFix_B_soft_gate,2342933,32.01766,-85.29577,0.6971776187419891,0.667116760096748,0.7153195664389604,35.540510634332705,-40.15950091401255,-43.50160217285156,0.6553968489170074,0.5359930324608051,0.08472455971315937,0.3068760582469509,0.16238267062972817,0.006819235654606744,0.1376695525270267,0.29347809655450513,0.17578298565657752,0.07765751332044601,0.02020376566196213,7.239579281304032e-05,7.739957072772086e-05,,4.236605644226074,,,,,0.8585705161094666
Model6PhysicalFix_B_soft_gate,2349900,32.19556,-83.90222,0.7703169882297516,0.7969970329995508,0.7875346414869173,-162.57275185870213,-19.753569086804468,-27.81709098815918,0.7257250249385834,0.5814102403317574,0.062225190313154495,0.30946240975540423,0.14971146027983662,0.004941650134452429,0.15480475396198334,0.26149544753376724,0.1526749919527112,0.15824586153030396,0.04639406998423985,7.218300015665591e-05,7.7436889114324e-05,,8.699484825134277,,,,,0.9308719635009766
Model6PhysicalFix_B_soft_gate,2350900,31.76444,-84.25333,0.8140805512666702,0.8230943303442316,0.8595816029764353,-13.495189132839617,-6.8890815699937535,-4.161504745483398,0.7488563358783722,0.5641994048923498,0.08805876566297037,0.31895430040761463,0.13023986929059467,0.007084132309183261,0.18162646524561582,0.29895018530152284,0.1582927301415694,0.15009881556034088,0.04101123557886637,7.231782365124673e-05,7.746131450403482e-05,,9.139863014221191,,,,,0.8681628108024597
Model6PhysicalFix_B_soft_gate,2361000,31.34295,-85.61049,0.768668606877327,0.8419366860552014,0.797358475065258,-99.500820856483,-25.843461499845503,-5.008206844329834,0.6876245141029358,0.5313216516917395,0.07240250208081109,0.36341516181605926,0.13120298365353208,0.005570483219303406,0.22663874683508883,0.3317411464669136,0.1446328974715938,0.1503620594739914,0.03819789353365145,7.221681880764663e-05,7.738205749774352e-05,,8.912344932556152,,,,,0.8313663005828857
Model6PhysicalFix_B_soft_gate,2363000,31.59489,-85.783,0.8062760680913925,0.7599189380378557,0.8227687694131254,-0.03497055894309919,-46.47911098801234,-10.36242389678955,0.717658668756485,0.5327933252860535,0.08953166414503169,0.3001238715507304,0.12364148171552988,0.006165063508404705,0.17031332840252258,0.33650804132704365,0.20168597920872453,0.13422264158725739,0.03387520801576732,7.234864460770041e-05,7.742273737676442e-05,,8.707999229431152,,,,,1.0532557964324951
Model6PhysicalFix_B_soft_gate,2369800,31.02768,-86.70996,0.8577078729867935,0.8211614512029658,0.8900811042603706,-257.3887943679867,14.8059064601422,-15.252784729003906,0.8566726893186569,0.49784170936462585,0.09738091713666802,0.37733056260234216,0.1393410110105332,0.004884648239993509,0.2331022798884222,0.35821862357005213,0.14732682262942912,0.1030411496758461,0.022508046918088675,7.245066080940887e-05,7.73774809204042e-05,,7.6295270919799805,,,,,0.8046660423278809
Model6PhysicalFix_B_soft_gate,2371500,31.5735,-86.25162,0.833167165517807,0.8612857453274793,0.8341525896294065,-93.64213389785702,-25.40686122646819,-7.109947204589844,0.7359311282634735,0.5309167408540927,0.08894706829030463,0.3258884558492531,0.16868488075839444,0.00792741176475347,0.14927207483413896,0.29161728079233606,0.1641206461928547,0.0874033123254776,0.022039415523233487,7.22268596291542e-05,7.750245276838541e-05,,9.615589141845703,,,,,0.7928453683853149
Model6PhysicalFix_B_soft_gate,2372250,31.59627,-86.40552,0.7881121784448624,0.7560237137840332,0.8014504720001902,-51.658656675606224,-42.85337553500594,-4.7636566162109375,0.7033876180648804,0.5291405494475714,0.09255899619483202,0.3289760457347601,0.16824107304596012,0.007416010632745127,0.1533150110150538,0.29471629550440315,0.16481643077668076,0.09445511549711227,0.023621391602635055,7.222577551146969e-05,7.747172639938071e-05,,7.535165786743164,,,,,0.7894470691680908
Model6PhysicalFix_B_soft_gate,2374500,31.4185,-86.98664,0.6510123312473297,0.807491085077654,0.723810962589472,-178.4060879596888,33.30273240003625,-1.9339282512664795,0.506653755903244,0.49820019704929386,0.08672669223720891,0.3616485743995087,0.12766652038041723,0.005851935974994448,0.2281270871528861,0.3703661426889858,0.16252779534066175,0.08245164155960083,0.018899059587229285,7.242124411277473e-05,7.736114639556035e-05,,7.401831150054932,,,,,0.9840174913406372
Model6PhysicalFix_B_soft_gate,2381600,34.57037,-84.46882,0.434187114238739,0.422623062689376,0.47039972819899556,16.07190011016483,-79.52374750811722,-1.0166795253753662,0.29887884855270386,0.42049091167058156,0.059565865970188335,0.5551720010637722,0.2997329988368419,0.0019295246899394534,0.2535068240437188,0.2801702703777145,0.03726051417483288,0.04234379529953003,0.01017719239904103,7.227710739243776e-05,7.733184611424804e-05,,10.953454971313477,,,,,0.7056564688682556
Model6PhysicalFix_B_soft_gate,2384540,34.87202,-84.72133,0.6054284572601318,0.5797482388626745,0.6732672178138842,33.9688567127815,-36.68580780535198,-31.500953674316406,0.5624534487724304,0.3864583174151261,0.09647579707606532,0.528795008363671,0.23319742612874295,0.0028228640845424312,0.29277267595153655,0.380648122787859,0.09180936237441269,0.01578311249613762,0.0032528646069045247,7.222381100291386e-05,7.735148392384872e-05,,14.27834415435791,,,,,0.5653001666069031
Model6PhysicalFix_B_soft_gate,2395120,34.24278,-84.88972,0.6699606776237488,0.7012201114146873,0.6734873716566461,-203.02852916828203,-47.442516788458114,-3.125291347503662,0.6056309640407562,0.5279605328391748,0.12000511642156567,0.32428003706576075,0.13950996212455027,0.0022649411372095796,0.18250141018406832,0.3337469647547334,0.16165933222621026,0.03757058084011078,0.010195579724711561,7.220612314995378e-05,7.740830187685788e-05,,12.414681434631348,,,,,0.7850752472877502
Model6PhysicalFix_B_soft_gate,2408540,32.91679,-86.27025,0.8268598318099976,0.8236754356714941,0.842582614712899,0.9062564924291014,-26.908229748605493,-2.643583059310913,0.7804531753063202,0.49061300348593134,0.10532379212167056,0.412724722153208,0.20983968487512725,0.00439231921024052,0.19848964601567803,0.2985480130468092,0.11223873248989066,0.049811579287052155,0.012088111303168758,7.234927034005523e-05,7.737610576441512e-05,,5.815415382385254,,,,,0.7713565826416016
Model6PhysicalFix_B_soft_gate,2415000,33.06679,-85.87913,0.8460429161787033,0.813066773201326,0.8518761626691773,-13.24203901106568,-20.189037553794446,-4.803402423858643,0.8102893829345703,0.5018207211381195,0.12269387121022213,0.4151865245702459,0.18834996012245905,0.004262500530933281,0.22257137871364485,0.3083274181502832,0.09718110475120358,0.04662194103002548,0.01136011420516009,7.229910261230543e-05,7.738074054941535e-05,,8.194647789001465,,,,,0.73995041847229
Model6PhysicalFix_B_soft_gate,2422500,32.58291,-86.9036,0.7795838713645935,0.7402712898439272,0.8217242061310338,-252.25491171397414,-10.027023290356812,-13.071328163146973,0.7332746982574463,0.509957296959048,0.09532520995727084,0.39641642284845535,0.19392831069994113,0.005515803335997178,0.1969690929353229,0.2924206476284053,0.11705767961429646,0.08905655145645142,0.021745893513192296,7.22816985216923e-05,7.744393951725215e-05,,9.205492973327637,,,,,0.7705402970314026
Model6PhysicalFix_B_soft_gate,2427250,31.99626,-87.06832,0.8262299597263336,0.7846738939512797,0.8392378543775493,-122.55557824490658,-33.96618028200711,-5.307371616363525,0.7933044880628586,0.5093702917210734,0.07795084367913971,0.3179067486331269,0.19306132462469322,0.006417619590840283,0.11842317599885513,0.29181773899501606,0.1827961210226015,0.038355205208063126,0.009563966566386344,7.256139360833913e-05,7.737470150459558e-05,,3.7258543968200684,,,,,0.9822341203689575
Model6PhysicalFix_B_soft_gate,2430085,34.46667,-88.28361,0.6083914637565613,0.7187803963222863,0.6102001597459643,-284.19728124295534,-55.2918897084626,-11.933536529541016,0.46417391300201416,0.49493350882283416,0.09967260698277822,0.4055234237980663,0.20737935358690274,0.002570226386224336,0.1955704744326881,0.2964470839448057,0.12007560739583846,0.07890858501195908,0.019322538970121744,7.233818905660883e-05,7.732501399004832e-05,,8.145305633544922,,,,,0.6962970495223999
Model6PhysicalFix_B_soft_gate,2430615,34.3925,-88.355,0.5195450782775879,0.6758004535847572,0.5293036100400083,-78.77024202847555,-59.297439098512356,-4.514744758605957,0.3936472535133362,0.4989973786683983,0.10843714776535282,0.3794292142737695,0.1588354294575125,0.0031290741128844855,0.2174615433062658,0.34066299926376853,0.1400052556938493,0.06911696493625641,0.016843433260289323,7.232926145661622e-05,7.733800157438964e-05,,13.116521835327148,,,,,0.6956748962402344
Model6PhysicalFix_B_soft_gate,2450250,34.28538,-87.39891,0.8166831284761429,0.8918411055977344,0.8247310364621727,-39.2998249353181,-12.119944509008159,-32.516971588134766,0.7771067172288895,0.4565238927814766,0.11544608393674227,0.42364793398593464,0.24206325838222204,0.003348284275110553,0.17823348672326825,0.2999649154685247,0.12636051688417152,0.020703645423054695,0.00472393548114488,7.240987179102376e-05,7.737986743450165e-05,,12.920645713806152,,,,,0.6948295831680298
Model6PhysicalFix_B_soft_gate,2464000,33.47928,-87.59723,0.8216530531644821,0.8137640162235914,0.8290649823175158,-57.45670307853463,-21.24581281154755,-13.335732460021973,0.7744039297103882,0.46135327141308596,0.07184766679932383,0.4180163473678668,0.24813777901539774,0.005326618671844863,0.16454843689312856,0.2870936741681513,0.12837336955077422,0.025707056745886803,0.005951800707484686,7.220298721222207e-05,7.739937427686527e-05,,8.347505569458008,,,,,0.7027588486671448
Model6PhysicalFix_B_soft_gate,2464146,33.41345,-87.51056,0.5685475170612335,0.6653110441024284,0.5709267178726352,-157.3962634063283,-66.04147546738757,-2.3142120838165283,0.42727404832839966,0.49406706296677044,0.10070266255704148,0.35801574137721787,0.16627779028615342,0.0035032194529837353,0.18823129316353304,0.33719518333806986,0.16341646431553875,0.0617985799908638,0.014580580275834493,7.248409383464605e-05,7.735771941952407e-05,,6.5320143699646,,,,,0.7284440994262695
Model6PhysicalFix_B_soft_gate,2464360,33.42484,-87.64251,0.7503397166728973,0.8015067049167498,0.7549425755580708,-216.3208490929414,-28.320656570177107,-3.2073068618774414,0.6788658499717712,0.49656096027151986,0.09155365493952833,0.324433826046447,0.1725620009488781,0.004795753529123094,0.14707201178462012,0.32704789518071153,0.1930568889323577,0.05490374565124512,0.013213824879652914,7.244204607559368e-05,7.737506530247629e-05,,4.683000564575195,,,,,0.7716161012649536
Model6PhysicalFix_B_soft_gate,2465493,32.99735,-87.62223,0.613564670085907,0.750267705848076,0.6221449027123399,-192.35316188867515,-35.679078169139935,-4.61845064163208,0.5310931205749512,0.516304509887922,0.10107815851264092,0.2897707204667703,0.1117224739379951,0.003393988371382772,0.17465043338224237,0.3696004736821256,0.21262541081439518,0.07252670079469681,0.01779153273087697,7.233336509671062e-05,7.734276005066931e-05,,8.543753623962402,,,,,0.8878142833709717
Model6PhysicalFix_B_soft_gate,2469800,31.74432,-88.02251,0.7882497608661652,0.7772310107720333,0.7942073690450319,-70.3756089276494,-36.13606759252139,-17.413471221923828,0.7371561527252197,0.5128987102033135,0.08955395708210205,0.3517099357991931,0.19661614095021182,0.004770567495194319,0.15031918066991912,0.2881343199850493,0.1531462706767167,0.06229249760508537,0.01528180048838193,7.245489541674033e-05,7.735445979051292e-05,,6.066793918609619,,,,,0.8014817237854004
Model6PhysicalFix_B_soft_gate,2472000,31.70694,-89.40694,0.855648472905159,0.8200046877621463,0.8623615569223438,-179.28302646072447,-31.420272648249835,-4.996527671813965,0.8081989288330078,0.5237922555485912,0.08331697071931378,0.3255622401526041,0.20130468483418343,0.008117072805320114,0.11613615236426567,0.26840007726568116,0.16510631108861876,0.05255084112286568,0.012961268829883004,7.230944174807519e-05,7.749322685413063e-05,,4.3668975830078125,,,,,0.7617496848106384
Model6PhysicalFix_B_soft_gate,2472500,31.42583,-89.41472,0.7871786504983902,0.8032235938224934,0.7897544906921059,-495.01596250654,-43.71941257754811,-11.129520416259766,0.7484945952892303,0.5359550215148253,0.1043790259774787,0.3127141582813097,0.14622148545582983,0.0070465115581376855,0.1594424643560388,0.309783322944548,0.17625653672627356,0.10820821672677994,0.026159476343171697,7.239684055093676e-05,7.749299402348697e-05,,8.458780288696289,,,,,0.8501705527305603
Model6PhysicalFix_B_soft_gate,2479155,31.02528,-89.01667,0.7219641208648682,0.7639163364946582,0.7664310296419692,-113.24209522989419,-9.68543982229737,-32.67809295654297,0.6771796941757202,0.5122231005966066,0.08743701204300008,0.39432263729563766,0.20726353656960184,0.004455850927078264,0.182600032160219,0.27514180143544953,0.11743368433086131,0.1089707687497139,0.02510484767258072,7.232627831399441e-05,7.735323742963374e-05,,4.242425441741943,,,,,0.7226367592811584
Model6PhysicalFix_B_soft_gate,2479300,30.73611,-88.78111,0.8150435090065002,0.8254259535780308,0.8408192562233616,-216.34385400144228,-18.899484083632046,-5.684554576873779,0.7642683982849121,0.49215483279753813,0.09233932816581153,0.42823917371622244,0.24606837624899844,0.007287520084982104,0.17488044499765465,0.25275808707926223,0.09747290048783153,0.09028727561235428,0.019824007704633963,7.218509563244879e-05,7.749134965706617e-05,,6.584330081939697,,,,,0.6956728100776672
Model6PhysicalFix_B_soft_gate,2479560,30.80908,-88.45863,0.8585364669561386,0.8662855718004172,0.8690960399075914,-294.66741922586334,-14.46812267372661,-8.186047554016113,0.8091300278902054,0.49294629043982874,0.0917657728535126,0.4259242834686764,0.23137849567254223,0.007654860172127506,0.1868881990568441,0.26758965572945465,0.10178944494839981,0.09776900708675385,0.02130071579351223,7.218446990009397e-05,7.74746949900873e-05,,6.802706241607666,,,,,0.6849685311317444
Model6PhysicalFix_B_soft_gate,2481000,30.55861,-89.12194,0.7813756614923477,0.765786921658473,0.8098555714180538,-26.710001851170816,-13.559761108157588,-50.15481185913086,0.7363272607326508,0.45338645767247837,0.06537278674697077,0.4663987648915796,0.3160798520032196,0.005775793864933081,0.14454005363320455,0.22320791613354712,0.09730672797815171,0.08918071538209915,0.018887968394929074,7.218297105282545e-05,7.743612513877451e-05,,6.891470909118652,,,,,0.6710872054100037
Model6PhysicalFix_B_soft_gate,2481510,30.48361,-89.27444,0.8393997400999069,0.8038598377160023,0.857021795978067,-58.99397469260235,9.64810720738054,-10.479026794433594,0.8031838089227676,0.48953000033562477,0.09432530026824044,0.4310998879862128,0.25607278451686655,0.00651730558384524,0.16850696334953844,0.24669462649010132,0.10140837824771011,0.1063808798789978,0.023456379507835738,7.218423706945032e-05,7.746877963654697e-05,,7.937065601348877,,,,,0.6959983706474304
Model6PhysicalFix_B_soft_gate,3010655,41.96173,-78.19807,0.7578758597373962,0.8764820783709539,0.7713367634118224,-61.93869483483696,-38.12289650697101,-6.193195343017578,0.6413789391517639,0.42647160934970824,0.1304391725616915,0.4652932087105054,0.3248633345292325,0.003922460367204836,0.1365032808132756,0.24410449221067232,0.11250427959503304,0.016935057938098907,0.00519478432932308,7.244192966027185e-05,7.748232019366696e-05,,11.512880325317383,,,,,0.6884605884552002
Model6PhysicalFix_B_soft_gate,3011800,41.76645,-78.71864,0.7483453750610352,0.8724601460185581,0.7738165394605696,-58.49693417201814,-16.247702595252683,-4.306272506713867,0.5890897214412689,0.3985385512542467,0.14277855890869143,0.5434361523980198,0.349713704015641,0.002422577228986705,0.19129690337603739,0.24847961626200693,0.06513501942733547,0.029908964410424232,0.00845476173777259,7.220742554636672e-05,7.741141598671675e-05,,18.73370933532715,,,,,0.6277467012405396
Model6PhysicalFix_B_soft_gate,3015500,41.85256,-79.31727,0.8016972094774246,0.7896941223108157,0.811182402731771,-194.85713365872112,-35.394375716892576,-2.802558660507202,0.6840570867061615,0.40673573985709527,0.128406372141296,0.5031661221468401,0.3436382945396196,0.003944146539175876,0.15558022192406504,0.24419228187673653,0.09456439969210272,0.022287489846348763,0.006273737135951142,7.222525891847908e-05,7.753786485409364e-05,,12.878911018371582,,,,,0.628297746181488
Model6PhysicalFix_B_soft_gate,3021350,42.01533,-79.78255,0.6640574038028717,0.6199756575043858,0.6886225697511142,-5.415477079230266,-34.472529862132255,-7.13112735748291,0.49395453929901123,0.38177089950311127,0.10970410033538963,0.5254460948240609,0.3775335051944968,0.003552709923406351,0.14435620774228733,0.2359115509455333,0.09745612949841115,0.02248343452811241,0.006173338998689801,7.253894727909938e-05,7.741789886495098e-05,,9.927412033081055,,,,,0.6146413683891296
Model6PhysicalFix_B_soft_gate,3026500,41.63117,-78.57669,0.722220778465271,0.8381796090983947,0.7475036279154921,17.554307470090766,-30.21455004126891,-15.257551193237305,0.5804663300514221,0.3974664947583281,0.13406031686005,0.538449098193213,0.35741841914578265,0.002712103374416524,0.17831527556665266,0.24138690198417428,0.0707291318723837,0.028287718072533607,0.008071330687306517,7.225856825243682e-05,7.742011803202331e-05,,14.748499870300293,,,,,0.6391967535018921
Model6PhysicalFix_B_soft_gate,3028000,41.57534,-78.69225,0.7875255793333054,0.8146079969743769,0.7908986609985634,-61.02737045774335,-36.16305356768572,-3.3454041481018066,0.6659469306468964,0.40864802033631964,0.13687149156876594,0.5234426347562379,0.3476612672097184,0.002731066106009437,0.1730468950234416,0.2399969825078846,0.07472931290210313,0.027999306097626686,0.008150237902481877,7.250251655932516e-05,7.741645822534338e-05,,13.26785945892334,,,,,0.6532458662986755
Model6PhysicalFix_B_soft_gate,3049000,40.7159,-79.69949,0.7403661012649536,0.8503630043065024,0.7535657349137068,0.40389061116592573,-28.071207801260517,-3.4943385124206543,0.6237693428993225,0.46371220583072137,0.11603714504716431,0.4072033715716779,0.30505327131648674,0.004475463182751013,0.09767010560227622,0.22654085839500843,0.13403018439058725,0.018047282472252846,0.005373311185331369,7.224622095236555e-05,7.749057840555906e-05,,7.606684684753418,,,,,0.7226699590682983
Model6PhysicalFix_B_soft_gate,3049800,40.52035,-79.93811,0.34550940990448,0.45254131861151936,0.3480061685980351,85.17642656168118,-58.62784529739869,-21.96355628967285,0.20465534925460815,0.520547723854869,0.14868413914358283,0.36474947178312717,0.222922030989501,0.0037141643425318708,0.13810899526209008,0.25176411601987564,0.12149904652625218,0.024765634909272194,0.008105401870663576,7.224857836263254e-05,7.751571683911607e-05,,9.29234790802002,,,,,0.8036940097808838
Model6PhysicalFix_B_soft_gate,3050000,38.80927,-79.88173,0.8235867768526077,0.8606568918779234,0.8260618728362046,39.03707830936742,-33.68830572671954,-6.860676288604736,0.7533601224422455,0.3998794364441837,0.1380883526650759,0.5264495152102415,0.3943917159725468,0.0030745562699216545,0.12898042475468127,0.20180637465524717,0.07580569485770622,0.012813071720302105,0.003284211907695555,7.227777678053826e-05,7.739619468338788e-05,,13.996394157409668,,,,,0.6404775381088257
Model6PhysicalFix_B_soft_gate,3066000,39.12705,-79.46838,0.7902785539627075,0.8873711455079755,0.8076514189734675,-7.946220582790024,-16.23465128363584,-1.7832605838775635,0.6479218602180481,0.3507027700507786,0.129170111925426,0.6032261423934333,0.3806642668008383,0.0027014641853066144,0.21985815780811696,0.26594829623328137,0.04939730452155969,0.015043782070279121,0.003530081265237036,7.224293949548155e-05,7.739657303318381e-05,,16.406341552734375,,,,,0.5888904333114624
Model6PhysicalFix_B_soft_gate,3069500,39.12288,-79.68117,0.8644294887781143,0.872199641551757,0.8662265151511167,-21.823071673552395,-30.8517780367545,-1.4906983375549316,0.7827398777008057,0.3762396744685807,0.15239849377724274,0.584292186950049,0.3651780796137222,0.002404611646007289,0.21670754761124084,0.255685213773637,0.042182506896589686,0.01501181349158287,0.003622202733158576,7.223708962555975e-05,7.73889769334346e-05,,20.268598556518555,,,,,0.6005441546440125
Model6PhysicalFix_B_soft_gate,3070500,39.61564,-79.70477,0.7800431251525879,0.7769488670586265,0.7873634111922141,2.821832179249206,-32.83574520412079,-5.583777904510498,0.6252604126930237,0.4269516786583054,0.14591928497738757,0.4982735044295102,0.33369831588490007,0.003200037683610679,0.16137224503175018,0.23575455775437124,0.08002065976638835,0.022031515836715698,0.005875452684006154,7.221447594929487e-05,7.742269372101873e-05,,11.646613121032715,,,,,0.6580303311347961
Model6PhysicalFix_B_soft_gate,3076600,39.65614,-79.39411,0.6580251753330231,0.8225412076446875,0.696646260951201,-72.37751392939465,-16.417368762936338,-9.815473556518555,0.47623878717422485,0.4055549783500494,0.14224560774284023,0.5014624331726488,0.3242120789028857,0.003556999404489963,0.17369045907763192,0.2669311532992988,0.09799104018915894,0.018490884453058243,0.004921730043831247,7.225215085782111e-05,7.74647924117744e-05,,14.026779174804688,,,,,0.6676070690155029
Model6PhysicalFix_B_soft_gate,3078000,39.70219,-79.13639,0.7442601323127747,0.8433937116952183,0.7502374432986383,9.091263306750616,-16.066722067474355,-5.859614372253418,0.5927817821502686,0.4013778853942416,0.13347910352195397,0.5192536162058948,0.3509404616158247,0.003497573442707162,0.16481237627836665,0.24459161474968605,0.08524136276807256,0.020325420424342155,0.005613161535414265,7.224123692139983e-05,7.744562753941864e-05,,10.53598690032959,,,,,0.6945604085922241
Model6PhysicalFix_B_soft_gate,3140000,40.36285,-81.86236,0.7253294587135315,0.7993177868182327,0.7280251715793552,9.32627085005018,-27.077012109960876,-20.95578956604004,0.6522684991359711,0.5409983839347215,0.1595161648675597,0.37031937158904255,0.19470950865353584,0.0016020873712386142,0.17400380774844293,0.2627669759107527,0.1081503970318348,0.0580514557659626,0.019610595026926393,7.235733210109174e-05,7.73253123043105e-05,,8.388339042663574,,,,,0.8385220170021057
Model6PhysicalFix_B_soft_gate,3144000,40.13257,-82.14792,0.7662592232227325,0.6982238888699352,0.7897186462927934,-130.2534896977808,-50.91482780843623,-6.109644889831543,0.7113104164600372,0.5198450294356477,0.13493860033415697,0.33685982631890576,0.20868185011490398,0.002794992653597474,0.1253781370778254,0.26969553475064145,0.15771871758225858,0.04113646596670151,0.013586442468593755,7.239771366585046e-05,7.737771375104785e-05,,8.786089897155762,,,,,0.8189730644226074
Model6PhysicalFix_B_soft_gate,3159540,39.06369,-81.8818,0.7415403425693512,0.8007187992428606,0.741609620819109,70.55935191696541,-16.407352501766827,-37.21597671508789,0.6713026762008667,0.5327485350134461,0.15327405101327493,0.33523771925757373,0.17471845486272103,0.002846281769750346,0.15766898281070554,0.2900901305558924,0.14178878881813123,0.030562646687030792,0.009555827834153803,7.22479380783625e-05,7.735277176834643e-05,,8.027174949645996,,,,,0.799791157245636
Model6PhysicalFix_B_soft_gate,3161000,36.39333,-81.40694,0.8411317318677902,0.8603930931501175,0.8746574849778855,-78.39341947622997,-17.477556325318176,-1.6098830699920654,0.8028487861156464,0.4516691569347532,0.16691027494094926,0.5001361406759892,0.19075789943290522,0.0047672632247233275,0.3046091182193251,0.3549707602339181,0.059017056417328295,0.03305123746395111,0.008373163794166135,7.221417035907507e-05,7.739101420156658e-05,,24.086145401000977,,,,,0.666745662689209
Model6PhysicalFix_B_soft_gate,3164000,36.64735,-80.97897,0.8153854757547379,0.8196330214927784,0.8543238610754768,-38.41525857450607,-17.392935586128,-3.7778234481811523,0.7532465904951096,0.47365478571345676,0.16242224642082093,0.465118622562464,0.17354851523544634,0.004688964981635069,0.2868790109822095,0.34963724667226287,0.07323810534642894,0.037650786340236664,0.010214324924374006,7.2320326580666e-05,7.737005216768011e-05,,38.2602424621582,,,,,0.7133501768112183
Model6PhysicalFix_B_soft_gate,3165000,36.64596,-80.91924,0.6283951997756958,0.8052160048863986,0.6554511992731591,-54.838463527836524,-34.2546760388825,-2.5376641750335693,0.5638293623924255,0.47213988473953394,0.12433521339890635,0.45423294798539837,0.22299289079734105,0.005254282502370553,0.2259826863647753,0.2995685593424356,0.08268828087000525,0.03431243076920509,0.009458126728784164,7.21960750524886e-05,7.741485023871064e-05,,48.5088005065918,,,,,0.7259776592254639
Model6PhysicalFix_B_soft_gate,3170000,37.03763,-80.55672,0.7311794459819794,0.7442847701832828,0.8150568213284997,12.583641826574558,-1.0913403846589256,-4.438596248626709,0.6546706855297089,0.5185980930277256,0.1692477492743504,0.38347089067162876,0.1363811165691338,0.004855347165023307,0.242231690370228,0.33810896735363477,0.10740184116842129,0.04276055097579956,0.012751910025934584,7.232146163005382e-05,7.739783904980868e-05,,43.30323028564453,,,,,0.8478828072547913
Model6PhysicalFix_B_soft_gate,3173000,37.26818,-80.70951,0.8013861179351807,0.8746657707393529,0.8025739637650495,-397.9133050534736,-29.923823869839037,-10.655296325683594,0.733301430940628,0.5390903828173391,0.1681018363372333,0.32762333509716285,0.17513235236456803,0.004054707562783268,0.14843208705570657,0.2823261440400746,0.14031894515177284,0.020108548924326897,0.006682114075081093,7.232477219076827e-05,7.74458676460199e-05,,14.655101776123047,,,,,0.8710416555404663
Model6PhysicalFix_B_soft_gate,3180500,38.54373,-79.83312,0.8229196220636368,0.8610261163451388,0.8239747110621531,-29.86798793167928,-32.59368637420216,-2.898050546646118,0.7371242940425873,0.38682209826499675,0.13633684229673676,0.5200978583746066,0.36103659845608643,0.0033414768340723966,0.1557167051593453,0.24793545944038864,0.09508894219883292,0.012249314226210117,0.0032554747883139523,7.263300358317792e-05,7.740628643659875e-05,,15.046847343444824,,,,,0.6571959257125854
Model6PhysicalFix_B_soft_gate,3182500,38.18595,-80.13062,0.8568835854530334,0.8145220786502588,0.8676662758160657,-126.2378621080187,-29.698434356446523,-6.369868755340576,0.7952469438314438,0.4364245333045902,0.16366183935635237,0.48110796308626375,0.28669152665620035,0.003167951850980628,0.19124576469554372,0.2731495120539143,0.08507028408438494,0.01269469689577818,0.003580668353867442,7.236917008413002e-05,7.742433081148192e-05,,18.039688110351562,,,,,0.709210991859436
Model6PhysicalFix_B_soft_gate,3186500,38.379,-80.48397,0.7572056204080582,0.8500738194720981,0.7609036780368684,-8.012270234087943,-40.80491599314089,-2.6783697605133057,0.6178533136844635,0.34031357525313527,0.11229585001660547,0.5870048782334105,0.4516063379438628,0.003344009661210276,0.13205162448526617,0.2048795091301392,0.07580394411942695,0.013177299872040749,0.0031230286013796188,7.241866842377931e-05,7.738942804280668e-05,,11.170818328857422,,,,,0.6070539355278015
Model6PhysicalFix_B_soft_gate,3187500,38.29539,-80.52648,0.7732678055763245,0.8109892798608889,0.7772784296584186,25.79004666269393,-43.828112457270045,-1.9130713939666748,0.6304737329483032,0.34254149030635644,0.11618945881446045,0.584278571720272,0.41821525109849367,0.0032674460676854022,0.16279309969789948,0.23640349337697494,0.07654148030777735,0.012712202966213226,0.0030089296012701656,7.259936683112755e-05,7.738199201412499e-05,,12.281828880310059,,,,,0.6097615361213684
Model6PhysicalFix_B_soft_gate,3213700,37.67316,-82.28014,0.7527536451816559,0.7765443501461281,0.7936774421526298,-88.36810490141744,-27.930746692676543,-4.790354251861572,0.6786769330501556,0.5094706147896989,0.1684764551876327,0.3852773015435251,0.22120871389637947,0.0037725758758269967,0.1602928742855559,0.26650108687976376,0.11285824388638985,0.02362046018242836,0.006703715139770735,7.224913133541122e-05,7.745761831756681e-05,,11.251718521118164,,,,,0.7516756057739258
Model6PhysicalFix_B_soft_gate,3237280,38.64369,-83.21574,0.34298932552337646,0.6083479278104528,0.4015170033677783,46.15269537172555,-59.30577103572538,-609.0653686523438,0.2433542013168335,0.5007572994131835,0.14841143075697366,0.36133842214676487,0.17583213953774574,0.0027456070513403154,0.18275722641804618,0.32133261269906255,0.1457918755808945,0.02619059383869171,0.007387098780619248,7.241229468490928e-05,7.73526553530246e-05,,8.793375015258789,,,,,0.724090576171875
Model6PhysicalFix_B_soft_gate,3237500,38.80368,-83.42102,0.7643323689699173,0.8188223998277739,0.7643568988504923,-50.55577071070591,-26.61057312358772,-30.685632705688477,0.7230386734008789,0.4967002844831321,0.1317582521331859,0.3794907506880151,0.26558941089105226,0.002345267579775398,0.11155136460882803,0.23629059660939516,0.13425628621952507,0.03139586001634598,0.009635183736347457,7.224514411063865e-05,7.742007437627763e-05,,8.719595909118652,,,,,0.7912082672119141
Model6PhysicalFix_B_soft_gate,3238500,38.85813,-83.92854,0.743867427110672,0.8074352177759091,0.7450560481032272,44.87606953487735,-10.163159239021459,-101.24098205566406,0.690232515335083,0.4667962561519206,0.0868836126616225,0.37665700342560227,0.3447940942434225,0.0011796754245831066,0.030677085525353143,0.18908096646076128,0.1654067163959411,0.02302306704223156,0.00704194853315577,7.25271602277644e-05,7.740371802356094e-05,,0.7963181138038635,,,,,0.7858372926712036
Model6PhysicalFix_B_soft_gate,3241500,39.72284,-83.88271,0.7988615483045578,0.8511662575908482,0.8032356024120819,-315.93237251193426,-17.02338307516965,-8.848113059997559,0.732470840215683,0.5080925237101316,0.14126995489952276,0.3480790607276795,0.1852343395029056,0.0024201627604419494,0.16042011084259516,0.30559873664752435,0.17516771333064843,0.09396876394748688,0.030108753245815762,7.224216096801683e-05,7.737010309938341e-05,,9.541024208068848,,,,,0.8181349039077759
Model6PhysicalFix_B_soft_gate,3280700,37.16509,-83.30796,0.653813362121582,0.6971410300225181,0.6818789334084224,-43.80482847079351,-40.74579445139492,-36.46419906616211,0.5953599214553833,0.463741482986074,0.13042363720924283,0.4027363177260795,0.2517552792465829,0.003316374758777881,0.14766126475315394,0.28116781658347245,0.1380902289508574,0.01834024488925934,0.004700993076742441,7.224844739539549e-05,7.736773113720119e-05,,11.740769386291504,,,,,0.6842867732048035
Model6PhysicalFix_B_soft_gate,3281100,37.15203,-83.7602,0.8366013318300247,0.8514910506370371,0.8378501510502409,-13.36153074335397,-23.889279904315966,-26.396894454956055,0.8027881979942322,0.48201809773607335,0.12329460888704648,0.36603596630177415,0.224317742704487,0.0035590247095798593,0.138155265424626,0.2893972780783651,0.15600720282672914,0.018380621448159218,0.0049524431256956275,7.225833542179316e-05,7.735867984592915e-05,,8.943636894226074,,,,,0.7041131258010864
Model6PhysicalFix_B_soft_gate,3281500,37.47981,-83.67519,0.8460920602083206,0.8557798384188191,0.8476008573051489,69.42999706440231,-29.70622428136174,-7.523286819458008,0.803369864821434,0.4860393244178648,0.13235128124420797,0.38375078424531445,0.23952741999347724,0.0044932165130866985,0.13972644183006838,0.26932609002142943,0.13504366797488332,0.020774202421307564,0.00561983384727559,7.248430483741686e-05,7.7379125286825e-05,,9.39460277557373,,,,,0.7028293609619141
Model6PhysicalFix_B_soft_gate,3285000,37.64202,-84.66078,0.7971089035272598,0.7651685608427725,0.8080676153703894,-33.108086032759196,-29.17223239541215,-7.011852264404297,0.7554277181625366,0.48171750310824357,0.11787910986477086,0.37632197974981096,0.27812017142046885,0.0028461225904139313,0.09535093053580257,0.23799923341149332,0.15018924836798195,0.027114329859614372,0.007714815877267131,7.218409882625565e-05,7.746296614641324e-05,,12.800177574157715,,,,,0.765992283821106
Model6PhysicalFix_B_soft_gate,3291780,38.87811,-85.25718,0.6454843878746033,0.7937374891226013,0.6572051059398731,10.92443523174786,-28.401541644827514,-46.58516311645508,0.5627119541168213,0.4500372233847911,0.10929384575000843,0.44800394181713665,0.3258506264429255,0.002510498329591442,0.11963876941396266,0.2242493609944876,0.11782870595090228,0.04824598506093025,0.013231478921983402,7.24822748452425e-05,7.734123209957033e-05,,3.6149964332580566,,,,,0.7130900621414185
Model6PhysicalFix_B_soft_gate,3300400,37.83284,-85.29607,0.8409958332777023,0.8088288579438008,0.8475575852813577,38.97308397970984,-12.152669110743506,-48.535057067871094,0.8008906990289688,0.47871658440634485,0.09008080381469705,0.376510384421019,0.31439310719782626,0.0020720604792412566,0.06003967425489626,0.20620721161416267,0.15325495468331493,0.02503853850066662,0.00723806804551289,7.25490172044374e-05,7.7411750680767e-05,,5.129675388336182,,,,,0.7810589075088501
Model6PhysicalFix_B_soft_gate,3338780,40.26531,-87.6428,0.7500898391008377,0.6401700036328932,0.7884804403606172,-96.036133903874,-44.48011880955172,-10.471491813659668,0.6577999591827393,0.5310840843760049,0.1298226891636578,0.32789437998206916,0.19005828440712655,0.002405060107923971,0.13542574711799021,0.2758417909151221,0.1659907211652112,0.0756133422255516,0.025806683216229604,7.246023596962914e-05,7.739818829577416e-05,,8.454487800598145,,,,,0.8509235978126526
Model6PhysicalFix_B_soft_gate,3340800,39.81255,-86.9539,0.7754049450159073,0.8381015333944912,0.7762401127892363,-273.8607969867354,-21.53469911897925,-17.023271560668945,0.7173789143562317,0.5125969282703935,0.1473341664510914,0.3588270911525315,0.1896182530837253,0.001660916131114867,0.16754380909537914,0.2961985307250443,0.15720810215314715,0.09055435657501221,0.028733902410525335,7.239596016006544e-05,7.733651727903634e-05,,9.107434272766113,,,,,0.8060791492462158
Model6PhysicalFix_B_soft_gate,3346000,39.01004,-87.94559,0.8224568963050842,0.7637758399898945,0.8356656004397353,-19.035573219225036,-32.51383876379684,-162.17552185058594,0.7900006473064423,0.4976751139372582,0.10250711604508632,0.3678892401438567,0.2648460437619295,0.0023262532490183454,0.10071146608593638,0.23567361460974084,0.151297068190543,0.05259580537676811,0.016503819823203737,7.24535493645817e-05,7.744815229671076e-05,,5.383897304534912,,,,,0.8305362462997437
Model6PhysicalFix_B_soft_gate,3357350,39.76171,-86.72945,0.593491405248642,0.7052209953790285,0.5984544800477304,-6.3045776615894145,-50.704577842628495,-32.88577651977539,0.5180986523628235,0.4886240917890528,0.1301322921509185,0.36946831601485003,0.23120202496393347,0.001714014669045912,0.13654789264504638,0.2795435646611274,0.16480037365146089,0.07135093212127686,0.021842575586940534,7.223644206533208e-05,7.735632243566215e-05,,7.064099311828613,,,,,0.7856523394584656
Model6PhysicalFix_B_soft_gate,3364500,39.27477,-85.70165,0.6748179197311401,0.7582565279835283,0.6759136425310308,29.143479558968007,-47.270960521214654,-19.112873077392578,0.6102041006088257,0.46962948289240686,0.12397626536199569,0.41387367260072455,0.26029009209870174,0.0024536263311668266,0.15112563001253218,0.2706515338247121,0.14436349896493672,0.08415332436561584,0.024535431040091527,7.220126281026751e-05,7.735488907201216e-05,,4.997166251996532e-05,,,,,0.7585121989250183
Model6PhysicalFix_B_soft_gate,3366500,38.80422,-85.67386,0.8452966064214706,0.8530918863363248,0.847228381894755,-33.43969875795291,-21.943886349665135,-15.710777282714844,0.8154015690088272,0.4567833038169972,0.11327234318170688,0.3954697965178739,0.28357981769934576,0.00218936560593642,0.10969630868775247,0.26021820800483814,0.16478122977150939,0.05115239694714546,0.01396993434785415,7.226258458103985e-05,7.737906707916409e-05,,4.984311090083793e-05,,,,,0.7166314721107483
Model6PhysicalFix_B_soft_gate,3368000,39.07033,-85.48608,0.606604129076004,0.7124886564345487,0.6078991757793615,13.006754246581474,-38.394748866302066,-145.13333129882812,0.5442599952220917,0.4626291105752366,0.12386923592297477,0.41892385544266325,0.30272374147933306,0.0020635050825627958,0.11413251625825832,0.23581321501605007,0.14354763633414908,0.07712734490633011,0.021500922113695812,7.243863365147263e-05,7.733937673037872e-05,,4.998231815989129e-05,,,,,0.7314919233322144
Model6PhysicalFix_B_soft_gate,3384450,37.47227,-88.54727,0.6780802607536316,0.823706114160775,0.6918427120739389,56.403240832815364,-18.81121615337378,-116.094482421875,0.623498797416687,0.4649793395052243,0.08720477618655306,0.36949387761286634,0.2512046046552016,0.0026125150296333523,0.11567189005209463,0.2833175124962435,0.177149343198102,0.03545278683304787,0.009659940491927827,7.246257155202329e-05,7.733368693152443e-05,,4.8018670082092285,,,,,0.7445021867752075
Model6PhysicalFix_B_soft_gate,3439000,35.14333,-82.82472,0.7643779218196869,0.8743336531386409,0.7860414146222504,2.751395633434843,3.5084724569217833,-1.8596229553222656,0.6768804490566254,0.3570267428154056,0.11946817616379261,0.5729084177181138,0.2213130277275536,0.004163046415569298,0.3474308278485264,0.4182179825583955,0.07429437150389412,0.01780080981552601,0.003256528373991825,7.22085460438393e-05,7.737083069514483e-05,,88.25477600097656,,,,,0.4890390932559967
Model6PhysicalFix_B_soft_gate,3450000,35.65306,-82.40528,0.6849865317344666,0.6916932057104233,0.8091723132274287,-26.760334676223636,16.70171095817288,-8.5142822265625,0.6211069524288177,0.4085800608661477,0.1373632234032809,0.5202627968792063,0.24371397189203992,0.004836714280868116,0.27170983701763035,0.34419537556637975,0.07896175153852797,0.026714814826846123,0.006543785816360896,7.230835035443306e-05,7.739412831142545e-05,,30.6599178314209,,,,,0.6617993712425232
Model6PhysicalFix_B_soft_gate,3455500,35.39611,-82.9375,0.5717767775058746,0.7775361268525374,0.6078465301016327,-49.995093874626605,-18.29017206546645,-6.817366600036621,0.46760207414627075,0.30267338499009583,0.09798006755853844,0.5484483858541167,0.2204578609571406,0.005476212398267459,0.3225125374648634,0.4716428648646634,0.1527818346219092,0.022537505254149437,0.003994606554724937,7.242499850690365e-05,7.735687540844083e-05,,57.12422561645508,,,,,0.5902453064918518
Model6PhysicalFix_B_soft_gate,3456500,35.46167,-82.86972,0.7703055292367935,0.7780393831815978,0.7748522921593399,-40.889077475879674,-30.25072744750575,-5.002097129821777,0.7253941297531128,0.38396611588661617,0.13484963783814324,0.5435211778754522,0.23139419255670995,0.004841120186531518,0.307284086092805,0.380583940972209,0.07848344922370609,0.025040403008461,0.005348897772028016,7.230993651319295e-05,7.738843123661354e-05,,39.68341064453125,,,,,0.5778324007987976
Model6PhysicalFix_B_soft_gate,3460000,35.6675,-83.07361,0.7697170078754425,0.8820492626391536,0.7814111192183878,-64.07543227972056,-2.145610634093583,-2.330333948135376,0.6695915162563324,0.4216958541512423,0.14097511437646462,0.45634080777487884,0.18196344850522372,0.004214044864494338,0.27016122256141184,0.3918433808252134,0.12403034477306038,0.014013485983014107,0.0031457972780994155,7.24125056876801e-05,7.738439308013767e-05,,51.34286880493164,,,,,0.5933198928833008
Model6PhysicalFix_B_soft_gate,3463300,35.83151,-82.18429,0.7441556751728058,0.7323405312398212,0.7521448639267448,-25.941981323379444,-27.000789596306042,-0.4078265428543091,0.7049614191055298,0.3711205348739015,0.1162555827239087,0.5382761872827071,0.2917192951267575,0.004652288068967027,0.24190223077486914,0.3335732401178101,0.0972635352736193,0.02533370815217495,0.005595209554042641,7.241727143991739e-05,7.736068801023066e-05,,24.896711349487305,,,,,0.6690040826797485
Model6PhysicalFix_B_soft_gate,3471500,36.76039,-81.63123,0.7209476232528687,0.8411583367091088,0.7315863531764498,-446.03148259190334,-33.16221441922366,-9.036819458007812,0.6210808455944061,0.5082903672022338,0.17781585475056375,0.3888188331109743,0.15033526540283418,0.0030641863084167917,0.2354166564343547,0.339250596617809,0.10952846998424869,0.02006053738296032,0.005880726310926364,7.228532194858417e-05,7.739585998933762e-05,,16.985485076904297,,,,,0.762952446937561
Model6PhysicalFix_B_soft_gate,3473000,36.65178,-81.84401,0.7755829244852066,0.8544108344675373,0.7795878664101827,-216.67391233682824,-35.711236189767526,-3.1547436714172363,0.6619849503040314,0.4857585608548041,0.16186283768670626,0.4219469418286815,0.19006181917222426,0.0037447922862877616,0.2281374760283028,0.32117078237671304,0.0983967125926427,0.019386939704418182,0.00553943009339744,7.237262616399676e-05,7.739290595054626e-05,,15.740378379821777,,,,,0.7401137351989746
Model6PhysicalFix_B_soft_gate,3479000,36.23917,-81.82222,0.7995624393224716,0.7911364412264287,0.8053278195808174,4.0215936445989575,-35.53666757375384,-1.766190767288208,0.7672923505306244,0.44029739424799696,0.15595073408532095,0.47447873254933387,0.21950614676117053,0.0051255522477194745,0.24984463646702645,0.33696667140311076,0.09405046817300107,0.026485707610845566,0.006741627387979921,7.231174095068127e-05,7.741451554466039e-05,,15.546428680419922,,,,,0.670428991317749
Model6PhysicalFix_B_soft_gate,3488000,36.89678,-81.74623,0.8283236920833588,0.8557579853016245,0.8325868093680814,-168.0054985439692,-32.538872400085594,-3.72507905960083,0.7824305146932602,0.5113616631956931,0.16923977677361848,0.39768013293421645,0.22865302582330838,0.003698981208791874,0.16532468721774238,0.25661927567761833,0.09659324040234894,0.017982708290219307,0.005454155905918703,7.242355059133843e-05,7.73951833252795e-05,,12.48505973815918,,,,,0.7977017164230347
Model6PhysicalFix_B_soft_gate,3498500,35.78562,-83.8846,0.8099736422300339,0.7685073146000362,0.8342638032483508,-54.13741726495978,-20.31675017773664,-4.349649429321289,0.7698182612657547,0.43521077266656466,0.13026777085624724,0.4941099532929484,0.19016059470569313,0.002769103091047212,0.30117858616635995,0.3710916167332685,0.07151122991030745,0.010529253631830215,0.0024514784785988814,7.224824366858229e-05,7.737366831861436e-05,,36.902103424072266,,,,,0.611350417137146
Model6PhysicalFix_B_soft_gate,3500000,35.15,-83.37972,0.7675721645355225,0.766730583135053,0.8487585669497946,2.0799186670069143,8.247905250520212,-3.8580517768859863,0.6595180630683899,0.39565418983812656,0.13503686774182427,0.5537596554951291,0.17443065897711943,0.00358761377763723,0.37574012966581244,0.42725063183424344,0.0545712580375454,0.01627691462635994,0.0031995170430577833,7.218815881060436e-05,7.736069528618827e-05,,83.87700653076172,,,,,0.543330729007721
Model6PhysicalFix_B_soft_gate,3500240,35.15889,-83.39417,0.8110945820808411,0.7999041426498841,0.8517280060938949,-0.5043923515873548,14.848904852066381,-6.66107177734375,0.7795929610729218,0.4071134923573681,0.13745674123086313,0.5266211374704608,0.17307650907443492,0.0030968202715726087,0.3504462379849321,0.4183019166165195,0.07158038253223636,0.017124345526099205,0.0035056577497580457,7.220173574751243e-05,7.733553502475843e-05,,55.006038665771484,,,,,0.6083989143371582
Model6PhysicalFix_B_soft_gate,3504000,35.1275,-83.61861,0.7923330366611481,0.8035191755617668,0.802155165939831,-54.336796288012444,-8.282525737228175,-2.0004239082336426,0.6566202342510223,0.34576681026359724,0.12009251351695692,0.6156293712790213,0.19015977812814366,0.004106645563425517,0.4213618350679099,0.46081864185439114,0.043665946193619624,0.025630757212638855,0.004771123003146657,7.221617124741897e-05,7.738232670817524e-05,,75.12394714355469,,,,,0.4816758334636688
Model6PhysicalFix_B_soft_gate,3574500,34.62425,-86.30637,0.7819139212369919,0.8185915718524747,0.782543473768329,-209.3518493290478,-38.6283592602232,-9.376684188842773,0.7144224047660828,0.4369563959964135,0.10927381663657383,0.44707522770301367,0.301398250214208,0.003796906305422798,0.14187671364319257,0.2601128662594817,0.12219392112928486,0.01706118695437908,0.0040354971822853455,7.218344399007037e-05,7.744823233224452e-05,,8.291693687438965,,,,,0.6659915447235107
Model6PhysicalFix_B_soft_gate,3592718,34.83556,-88.28806,0.6199037730693817,0.6851836782373709,0.6255432804660798,-197.17643465248608,-33.173637884085245,-4.576413631439209,0.5449758768081665,0.46993710812410744,0.08182376339863329,0.29667018690894426,0.1620321755508132,0.0038278421883489967,0.13080583190418002,0.3656007562500706,0.247493047107792,0.05350988730788231,0.012848556198508112,7.249249028973281e-05,7.732810627203435e-05,,3.2985587120056152,,,,,0.8797202110290527
Model6PhysicalFix_B_soft_gate,3604000,35.49591,-87.8328,0.7400338649749756,0.8478218557825216,0.7565454975884719,-567.2100232400759,-32.27950293261524,-8.734335899353027,0.7122033834457397,0.46278786464372107,0.10917084803328872,0.35807076171630925,0.1830058377753888,0.0032444345513710166,0.1718172372442456,0.353741547267029,0.18922928785595408,0.03202719986438751,0.007435362351314244,7.223722786875442e-05,7.741546869510785e-05,,11.228256225585938,,,,,0.6814355850219727
Model6PhysicalFix_B_soft_gate,4015330,46.94688,-91.7924,0.7454241514205933,0.7898745181960235,0.7460628997850562,83.61625133083962,-33.7282522925158,-37.69463348388672,0.6642788052558899,0.4609396358326672,0.10886685915732254,0.4318643497745468,0.3495868202742732,0.004988793028413432,0.07728064236854688,0.18484533623473323,0.12715329399279918,0.04539324715733528,0.020088206265758576,7.231926429085433e-05,7.742323214188218e-05,,12.433941841125488,,,,,0.8743882775306702
Model6PhysicalFix_B_soft_gate,4024430,46.63327,-92.09408,0.8058218359947205,0.8263140653572694,0.8104417480479348,-18.386728285245905,-14.410747144672296,-17.568941116333008,0.7540894001722336,0.5088394253881339,0.11668800558389007,0.4064341496939648,0.27290480482153096,0.0037771969161523398,0.12974509817102312,0.21378558073385068,0.11433091150827453,0.07137488573789597,0.03204626811827322,7.229160837596282e-05,7.769567309878767e-05,,36.38263702392578,,,,,0.9007720351219177
Model6PhysicalFix_B_soft_gate,4027000,46.48661,-90.6963,0.7442803978919983,0.7864716336698564,0.7804802742799041,1.1074221303885798,-28.42849789923165,-3.5040016174316406,0.6707671284675598,0.46606942394395995,0.1265435084720728,0.41900573893677373,0.2723023905991028,0.0047405407887870345,0.1419566670102923,0.25533558979207344,0.12710110423390028,0.04008403792977333,0.016395705087340933,7.252149225678295e-05,7.765051850583404e-05,,44.69842529296875,,,,,0.8470198512077332
Model6PhysicalFix_B_soft_gate,4040500,46.58411,-88.57597,0.79215307533741,0.8681764058196618,0.8208673183316847,24.28904883461124,-16.803263082232423,-5.909893035888672,0.6964735090732574,0.4581065634218289,0.14787893372759248,0.46811376077830724,0.2684780781994554,0.0035488080707893692,0.196082120773769,0.26823131169162695,0.08493337127013842,0.03699969872832298,0.014719952366263899,7.267877663252875e-05,7.769515650579706e-05,,39.068519592285156,,,,,0.926734209060669
Model6PhysicalFix_B_soft_gate,4043050,47.22854,-88.38539,0.6292295455932617,0.4991649394418296,0.6956896634063695,-72.68187751351044,-60.59476959705239,-3.544919490814209,0.5093947947025299,0.4903335594285712,0.15934512400877635,0.44520704749634,0.21750716789118504,0.0029458679746279075,0.22474880656828106,0.2894176868475498,0.09461572906675048,0.061040248721838,0.02976548406167637,7.238017860800028e-05,7.752623787382618e-05,,35.87199020385742,,,,,1.0553712844848633
Model6PhysicalFix_B_soft_gate,4045500,46.57502,-85.26955,0.6552815735340118,0.6690878849879498,0.8085480549022305,-51.47309110827168,12.184399618364173,-10.106122970581055,0.4132188558578491,0.4177213172186167,0.10625332162299068,0.5399266190365446,0.25910764319156293,0.0026728558094458498,0.2781423027284214,0.31914302600632827,0.08549123199825862,0.12042638659477234,0.04573123558825114,7.238469697767869e-05,7.750818622298539e-05,,71.97564697265625,,,,,1.0893559455871582
Model6PhysicalFix_B_soft_gate,4056500,46.03053,-86.16125,0.40806108713150024,0.5870730438211611,0.7013295095876825,-112.3956624725044,-29.717039667662743,-3.9478259086608887,-0.06925046443939209,0.4374721146741963,0.10484789431783688,0.5137662944804953,0.272183546297516,0.0020343143878974105,0.23954389773137302,0.2862150198454745,0.08844770731791132,0.11050578206777573,0.04438687005652953,7.235523662529886e-05,7.764279143884778e-05,,62.286136627197266,,,,,0.8493872284889221
Model6PhysicalFix_B_soft_gate,4057510,45.94302,-86.7057,0.5755386650562286,0.6566972029126221,0.7427061958784813,-22.13604273030578,-27.256120116234587,-14.105372428894043,0.3512003421783447,0.4377152113498006,0.1003777529607881,0.5026365461704052,0.22344828947539017,0.002714170710919833,0.2764698032900705,0.33404203061181825,0.10589606623844249,0.126362606883049,0.051639570510365475,7.237360841827467e-05,7.754591933917254e-05,,96.21016693115234,,,,,0.8640309572219849
Model6PhysicalFix_B_soft_gate,4057800,46.4991,-87.88652,0.7192487120628357,0.79117655261105,0.791414140489796,-55.97684438345873,-16.198078806370695,-3.8190083503723145,0.5943500697612762,0.45493702080113685,0.15835314425606486,0.44961388008940584,0.23489490676221295,0.003947146012715289,0.21076712147042256,0.3045383059593944,0.10229797733932848,0.025499990209937096,0.009999592080094816,7.243780419230461e-05,7.759322761557996e-05,,37.48057174682617,,,,,0.8231841325759888
Model6PhysicalFix_B_soft_gate,4059500,45.75552,-87.20152,0.668231874704361,0.7580038644787477,0.7366829793059988,51.65979585221581,-26.394126412933584,-11.247406959533691,0.4777548313140869,0.5163656998891221,0.14530021551767505,0.3637586604499912,0.2129573814300634,0.00496993681870959,0.14582472235246297,0.2628216113316819,0.1399618266078806,0.05551357939839363,0.0250699753291625,7.252060458995402e-05,7.767543138470501e-05,,48.079349517822266,,,,,1.0695888996124268
Model6PhysicalFix_B_soft_gate,4063700,45.76357,-88.46318,0.3207867741584778,0.4186055830553941,0.7022852941468389,-104.29210320535856,-25.98002629128575,-17.702802658081055,0.02388167381286621,0.50566986334406,0.17185660183275359,0.41860050947569644,0.17991820311477616,0.0035677534182456954,0.2351101530575169,0.30908241129688696,0.10929180714877797,0.09080615639686584,0.03880768812110537,7.238684338517487e-05,7.752577221253887e-05,,75.10469818115234,,,,,0.8882045745849609
Model6PhysicalFix_B_soft_gate,4074950,45.18997,-88.73344,0.1611207127571106,0.2938042353064084,0.8050883196691871,-169.07833670403667,27.228169571156272,-7.3381195068359375,-0.58669114112854,0.5173338142973453,0.16144041783089572,0.37421035151771126,0.13871268788335056,0.005389857710161659,0.23010300180772386,0.3355536055478005,0.13361167071113678,0.07417940348386765,0.03226453346258272,7.234562508529052e-05,7.755309343338013e-05,,84.36137390136719,,,,,0.9756526947021484
Model6PhysicalFix_B_soft_gate,4105700,42.35337,-85.35389,-0.017627239227294922,0.44075870379202986,0.5514606213005437,-132.70200368735001,88.64910521122577,-6.258861541748047,-1.0710153579711914,0.5284353091333698,0.14353996794802878,0.42197011083513447,0.08853367253093021,0.0036113660749313645,0.32982285022031704,0.38131806167332816,0.10152433556279124,0.14034788310527802,0.0506917394522633,7.225142326205969e-05,7.741674926364794e-05,,64.54090881347656,,,,,0.8303616642951965
Model6PhysicalFix_B_soft_gate,4115265,43.24976,-84.98113,0.5003509223461151,0.73957919592,0.5504446314922025,-27.47501323124846,-42.89388773098691,-3.7524166107177734,0.2128657102584839,0.5644204609806723,0.1538853490029447,0.37745511843256624,0.09285796625131391,0.0031055770159006857,0.2814885635297047,0.33915752922043674,0.12531091425155746,0.1716827154159546,0.06883816532648247,7.234112854348496e-05,7.745502807665616e-05,,64.76109313964844,,,,,0.9057934284210205
Model6PhysicalFix_B_soft_gate,4122200,43.46418,-86.23257,0.410392701625824,0.7055239549555206,0.5864930758578032,-284.2445177802058,-43.231021520556084,-13.512781143188477,0.08972305059432983,0.5184849428586904,0.1249001888912961,0.454118913502681,0.07403461483778367,0.0018169846343870173,0.37826565292747655,0.40387917727346584,0.07705664707793966,0.13918764889240265,0.052870047527487404,7.223010470625013e-05,7.743544119875878e-05,,59.12683868408203,,,,,0.844161868095398
Model6PhysicalFix_B_soft_gate,4122500,43.94501,-86.27869,0.4201316833496094,0.6325467874183766,0.6709042403129889,-418.0620377063818,20.83052309662068,-9.433248519897461,-0.11677777767181396,0.5199974762728836,0.15462306332854436,0.44575503657023446,0.0843121704189251,0.0018580754888615882,0.3595829523933912,0.3925598347809051,0.07824514063486362,0.12205449491739273,0.04658257757569821,7.225939043564722e-05,7.744757749605924e-05,,57.973663330078125,,,,,0.8461113572120667
Model6PhysicalFix_B_soft_gate,4124000,44.43639,-85.69868,-0.13574206829071045,0.6321925535049538,0.6578857550015553,-326.8770394046463,13.179844357276936,-31.858585357666016,-0.26338207721710205,0.564579764894107,0.20270345297150652,0.4089232388856346,0.053537844157493325,0.0012081384007114886,0.3541758346417204,0.3803029176983077,0.0703365476473318,0.10861196368932724,0.044574426499271146,7.220663246698678e-05,7.740691944491118e-05,,78.39622497558594,,,,,1.0526427030563354
Model6PhysicalFix_B_soft_gate,4127918,46.18585,-84.59783,0.24747395515441895,0.32341982317642726,0.7283839634649437,-363.7948836071486,3.209724215888113,-18.837820053100586,-0.04162740707397461,0.4359176434326812,0.15115201880087464,0.5017159918523798,0.23376560618426295,0.0026419473467719423,0.26530482949958817,0.3269735538977303,0.08083501526904531,0.052704330533742905,0.019908362668742845,7.231761992443353e-05,7.746291521470994e-05,,47.755393981933594,,,,,0.773171067237854
Model6PhysicalFix_B_soft_gate,4127997,45.27446,-84.60003,-0.0086442232131958,0.5001943849301965,0.5304910433435224,-208.627162834023,-9.794183358305919,-13.556282043457031,-0.30542922019958496,0.539388722316351,0.18116969144983283,0.4105805110849611,0.0706521422682028,0.002039705619855311,0.3378864784392996,0.38930285618987304,0.08219459478304876,0.0732860192656517,0.029556848659244822,7.222608110168949e-05,7.746652408968657e-05,,80.73677062988281,,,,,1.1421146392822266
Model6PhysicalFix_B_soft_gate,4161580,42.80086,-83.09021,0.5458488166332245,0.6867821711430016,0.6497112655622372,-124.69526929782116,-21.743240805648657,-23.452680587768555,0.3450944423675537,0.5676000540093437,0.18786178609409585,0.3667335738345415,0.11033958729040563,0.0027267946577363283,0.2536639431524738,0.31740038803984905,0.11356257043387978,0.12688231468200684,0.05042993180257743,7.231695053633302e-05,7.741988520137966e-05,,21.605854034423828,,,,,0.9208685159683228
Model6PhysicalFix_B_soft_gate,4185000,41.5045,-84.42967,0.8247416168451309,0.7937183160896061,0.8342585584484898,-65.65865281796744,-23.57488229024986,-2.478189706802368,0.6475603580474854,0.5306181191956054,0.12224338777545049,0.3333754344160774,0.21970197153773496,0.0029004750929050413,0.1107666843185515,0.24844202954012468,0.1562423104552723,0.04948927462100983,0.018723588342041603,7.229499169625342e-05,7.750462100375444e-05,,4.793127536773682,,,,,0.918175995349884
Model6PhysicalFix_B_soft_gate,4196800,40.92283,-83.34881,0.6348581910133362,0.6029524870939365,0.6497860363891081,-42.099767778774655,-43.44001625725618,-42.08183670043945,0.47430551052093506,0.5397734728440993,0.14043292371999153,0.2831445771801314,0.17717270372420563,0.0018741441221673972,0.10409145183391444,0.28137010083815733,0.19671224279929642,0.05206830054521561,0.01925330557512074,7.225795707199723e-05,7.738315616734326e-05,,4.984558472642675e-05,,,,,0.9175497889518738
Model6PhysicalFix_B_soft_gate,4197100,41.02228,-83.10964,0.6940849423408508,0.657339943825676,0.7131257338026628,-72.62664660828439,-44.334848038766424,-53.4724235534668,0.5806986093521118,0.5204686903960327,0.1318575364376253,0.3207565175538084,0.2043470253380065,0.002426187237022496,0.11397761034974488,0.2732662526017732,0.17754684151777142,0.05141163244843483,0.01846169281027345,7.246424502227455e-05,7.742142770439386e-05,,7.209004878997803,,,,,0.8863880038261414
Model6PhysicalFix_B_soft_gate,4197170,41.11367,-83.16825,0.6985518336296082,0.6664831117598805,0.7172902230401288,-253.21742948139268,-44.77921475017165,-93.38725280761719,0.6558970510959625,0.5182372026129738,0.12643717254617162,0.31025143902801705,0.21709071451093973,0.002065263744314739,0.09108915258045486,0.26260149180512893,0.18946603896495393,0.04828602820634842,0.0177149938198924,7.224951696116477e-05,7.739134889561683e-05,,5.003024125471711e-05,,,,,0.889244794845581
Model6PhysicalFix_B_soft_gate,4213000,41.927,-80.60397,0.7341194748878479,0.7542291145213446,0.7383475874264384,-55.57071159682861,-50.544472489396135,-20.846473693847656,0.6095171570777893,0.42794687137247933,0.10766654665564852,0.4641063317710898,0.3678355969957321,0.002526755815895391,0.09373931228919766,0.20053095971958296,0.1147273737224196,0.02657373622059822,0.008168922827235308,7.225141598610207e-05,7.745804032310843e-05,,7.644655227661133,,,,,0.7085900902748108
Model6PhysicalFix_B_soft_gate,4213075,41.992,-80.29117,0.4225466251373291,0.599837288803662,0.43917136757394193,-88.54104342507215,-62.69252191809506,-16.331789016723633,0.2567428946495056,0.45120294009878303,0.14426488402873244,0.45466916838067856,0.25942266548959525,0.0020929269115222263,0.19315014503513725,0.2863443209364801,0.10278909657801027,0.03213340416550636,0.009853619437222566,7.238199032144621e-05,7.735253166174516e-05,,11.227278709411621,,,,,0.7085540890693665
Model6PhysicalFix_B_soft_gate,4216418,42.86395,-78.28363,0.713923841714859,0.8361846022289061,0.7229736967326207,-52.089321645194445,-39.1369810144383,-6.580995559692383,0.5952368974685669,0.4143106097369071,0.1403138892771649,0.49448860534484623,0.3136729872871112,0.0036911714815271468,0.1771208056302071,0.2668603907492437,0.09486309754577335,0.01815197989344597,0.005595658387981348,7.251126226037741e-05,7.740975706838071e-05,,15.425246238708496,,,,,0.7076854109764099
Model6PhysicalFix_B_soft_gate,4221000,42.12229,-77.95722,0.7743018567562103,0.8565409059894462,0.7762002690680252,-51.986260587744844,-35.43357498125474,-5.640049934387207,0.6587862372398376,0.4551386960430556,0.15381300241156431,0.4314136253551205,0.25401408189502495,0.0043062092486141155,0.17308961884375124,0.2855980272707011,0.11863776367835216,0.02099919691681862,0.006601009103680456,7.25164427421987e-05,7.751407974865288e-05,,17.14259147644043,,,,,0.7150161266326904
Model6PhysicalFix_B_soft_gate,4224775,42.53562,-77.70416,0.6245412528514862,0.7360273754288446,0.6293771928379922,-108.48786023881101,-57.64295096756988,-6.267513751983643,0.4898231625556946,0.45670782396940574,0.1349106185320981,0.39973213218736375,0.2706417314695508,0.004393990629059107,0.1246917162038514,0.2667558928968458,0.14538294447268799,0.011739889159798622,0.0038927593518513813,7.239617116283625e-05,7.752990495646372e-05,,13.85117244720459,,,,,0.7702146172523499
Model6PhysicalFix_B_soft_gate,4233000,42.39313,-76.54494,0.6266365647315979,0.7710300636684757,0.6390366921537141,-92.16623904902204,-57.787748322370604,-2.7076592445373535,0.470409095287323,0.493479243352223,0.14848793147762687,0.39196930989012035,0.23523805199863934,0.004583778654314212,0.15214284068136305,0.26624408800241184,0.11833405140433903,0.013016005977988243,0.0045857483847798084,7.220503903226927e-05,7.748469215584919e-05,,16.080589294433594,,,,,0.7820449471473694
Model6PhysicalFix_B_soft_gate,4256000,43.74729,-75.33435,0.7661197334527969,0.8348039589000656,0.7713945366850815,-139.56773131431143,-11.089223386902736,-2.227419853210449,0.6091433465480804,0.3724048690576047,0.14368459215722992,0.5727825413750731,0.28378603198578684,0.003775203912558886,0.28521898823360087,0.3393620717405233,0.06011380708320824,0.024846533313393593,0.006741796900390304,7.23651610314846e-05,7.743890455458313e-05,,30.11168098449707,,,,,0.6023457646369934
Model6PhysicalFix_B_soft_gate,4296000,44.86894,-72.2701,0.7970098853111267,0.8726271870290011,0.7997208270754007,-7.922474257994433,-12.482962646656853,-3.320115566253662,0.6389243006706238,0.3761738124654163,0.15043430213877176,0.5450295136908392,0.25435563469687483,0.0042959711420075585,0.2863755489089415,0.36545550169788216,0.08447496289605065,0.019564777612686157,0.005314928985011612,7.230794290080667e-05,7.737854321021587e-05,,26.986183166503906,,,,,0.6059733033180237
Model6PhysicalFix_B_soft_gate,5056000,47.80555,-98.71622,0.33980393409729004,0.5474308687809121,0.4285526420226251,71.25587361182819,-41.251350306165044,-8.163196563720703,0.1288999319076538,0.7103979676551655,0.11256548666688805,0.05216901338292432,0.03551008285458108,0.0026983863385414936,0.013940177415069904,0.24449234549862187,0.24195721117125493,0.015854639932513237,0.011815812522830671,7.254385855048895e-05,7.798350998200476e-05,,10.855766296386719,,,,,1.5684493780136108
Model6PhysicalFix_B_soft_gate,5057000,47.43277,-98.0276,-0.05566978454589844,0.4548961039251229,0.4904670449601931,66.25132155263556,-23.019072216919678,-1.2688238620758057,-0.48644542694091797,0.7012769235281296,0.12291766554508043,0.08944494304923391,0.07010437173147926,0.003139135401368565,0.016182857847828358,0.22047783759312584,0.22245401800093567,0.025486689060926437,0.018474708463163302,7.238696707645431e-05,7.789982191752642e-05,,12.8247709274292,,,,,1.4968341588974
Model6PhysicalFix_B_soft_gate,5057200,47.22916,-98.12482,0.29607462882995605,0.38912634975836835,0.29945951661339865,53.419750621888994,-83.79849397491297,-155.80316162109375,0.18911761045455933,0.6924373829401085,0.10652743900254315,0.05834605144787167,0.02842783639130824,0.002286604262203712,0.02761399269617935,0.2746225814808504,0.26127810302764354,0.02116210013628006,0.014420342432785867,7.230321352835745e-05,7.805880159139633e-05,,18.24094009399414,,,,,1.403967022895813
Model6PhysicalFix_B_soft_gate,5062500,47.26663,-96.24478,0.489351749420166,0.7424649023336528,0.616384577764942,-22.61852906267537,-34.11666424751432,-5.29238224029541,0.24489659070968628,0.571642759291785,0.1292163524954955,0.2306115618066315,0.14373538801212674,0.003229087711836934,0.08363723422822461,0.2786453759874585,0.22095427847359178,0.05369633808732033,0.027356809896914032,7.24685232853517e-05,7.74941872805357e-05,,28.99774169921875,,,,,1.0719659328460693
Model6PhysicalFix_B_soft_gate,5087500,48.34109,-96.81812,0.39717406034469604,0.2910433095951269,0.43630865704710214,85.6572478190659,-77.29441861403306,-76.12635803222656,0.21425879001617432,0.5877310757691986,0.10172422121264885,0.1705516117812094,0.11937268698370355,0.006636338143065756,0.044528845741216495,0.2809183701335287,0.2609712481705304,0.044956039637327194,0.025894455811327682,7.248015026561916e-05,7.810381794115528e-05,,18.925493240356445,,,,,1.2002177238464355
Model6PhysicalFix_B_soft_gate,5120500,48.13834,-100.53986,-4.574386119842529,-0.7495463813377701,0.18121866132458717,80.45439315990691,1.9821737357852485,-222.40432739257812,-6.032141208648682,0.7056510038925711,0.10307363393271089,0.058615923175782646,0.036878530159089803,0.002061627649433124,0.019655750402929103,0.24672734863128248,0.23897296610091825,0.017641495913267136,0.012866373893508943,7.264950545504689e-05,7.813934644218534e-05,,13.266114234924316,,,,,1.5541843175888062
Model6PhysicalFix_B_soft_gate,5123400,48.58889,-100.44208,0.25713855028152466,0.6222831811416822,0.45538675406250145,,-40.522474306081904,,0.03027188777923584,0.6641052352498318,0.1124313265834436,0.06817292757291607,0.043108029396536844,0.003056898878198715,0.021989617229727195,0.28296602252575603,0.2741647886865978,0.02019268274307251,0.014168136378870912,7.239179103635252e-05,7.799236482242122e-05,,14.937705039978027,,,,,1.4441667795181274
Model6PhysicalFix_B_soft_gate,5129115,48.26463,-92.56599,0.7243295609951019,0.8572624147916618,0.7383145816338041,50.28776310992942,-17.48745505229368,-6.771412372589111,0.42908257246017456,0.5533112845041047,0.15021274049031635,0.3389706471281728,0.14664183178017554,0.0047603166751280035,0.1875621778946469,0.2957916502479267,0.13238138683038966,0.05462878197431564,0.0273368285701595,7.23824487067759e-05,7.764837209833786e-05,,46.8079719543457,,,,,0.9632567167282104
Model6PhysicalFix_B_soft_gate,5131500,48.39578,-93.54933,0.773041382431984,0.836891681357459,0.7731959412068466,7.842017853435748,-38.5500604475723,-12.926750183105469,0.6364401876926422,0.548607682385267,0.13239733961797864,0.31554013242989354,0.23452669726553108,0.00412911049030256,0.07687577162845155,0.21258508059636608,0.162733996410502,0.05906948819756508,0.029188153511720827,7.252611976582557e-05,7.788394577801228e-05,,21.61782455444336,,,,,0.9624159932136536
Model6PhysicalFix_B_soft_gate,5291000,45.29163,-96.48756,0.32886743545532227,0.16827448344461104,0.44176102077645857,-16.41940773915276,-83.20133938208265,-12.833980560302734,0.24868535995483398,0.6499724355742332,0.1085998321052618,0.09917609368321641,0.05672440820943845,0.0027638079665541397,0.03967411528942647,0.2902046728995882,0.2713761481978189,0.0371154360473156,0.021318127257045308,7.24552373867482e-05,7.775135600240901e-05,,18.95907211303711,,,,,1.2892757654190063
Model6PhysicalFix_B_soft_gate,5362000,45.30803,-90.95652,0.7827402055263519,0.8021653332788055,0.7904056642624855,-45.53430228318371,-34.090977758356566,-14.884441375732422,0.7259680032730103,0.48304097915897926,0.1183755549179331,0.40757962088193456,0.29675321996458776,0.0048180529890799175,0.1060013053319968,0.21414012513826194,0.1284884060684606,0.053015466779470444,0.02203029656751901,7.246352470247075e-05,7.777795690344647e-05,,41.922752380371094,,,,,0.8826237320899963
Model6PhysicalFix_B_soft_gate,5393500,45.44913,-89.97931,0.7929476648569107,0.7903791865241803,0.7979820997443882,-25.319219855222197,-31.99679127970852,-11.33448600769043,0.7415052354335785,0.48341170170127945,0.12940073089986223,0.4361606211955743,0.28883694555193246,0.004080539162360468,0.1432367989158649,0.2226782262431461,0.10379794942024499,0.06240646541118622,0.02609364964696599,7.2503971750848e-05,7.753638055874035e-05,,38.49555206298828,,,,,0.873556911945343
Model6PhysicalFix_B_soft_gate,5399500,44.82191,-90.07958,0.7183904349803925,0.7389656778942809,0.722046096291843,-50.21024176134225,-36.394844767488784,-37.146583557128906,0.6783550679683685,0.5152157618958605,0.1101876971907267,0.3164495309896069,0.245064436867603,0.0026793808888323795,0.06869720203203947,0.2351185894147064,0.1821822881382479,0.03843950852751732,0.016931677453969826,7.259135600179434e-05,7.739981811027974e-05,,11.072203636169434,,,,,0.9323247075080872
Model6PhysicalFix_B_soft_gate,5408000,43.57414,-90.64319,0.5507945716381073,0.7328241993112101,0.6743206856983016,-117.83464712153945,14.325642559145972,-8.120059967041016,0.5281707942485809,0.5614963332529828,0.1988180647483149,0.3222979740948167,0.08561023381742691,0.0027590885952298214,0.2339252103007966,0.34366520242718884,0.13061547197716541,0.06655696034431458,0.026288835985935642,7.223356806207448e-05,7.745985931251198e-05,,113.92313385009766,,,,,0.8946390748023987
Model6PhysicalFix_B_soft_gate,5412500,42.73999,-91.2618,0.7344425320625305,0.8411240565826907,0.7456457551318884,-72.58778514591756,-40.86891418078295,-3.833249092102051,0.6482314467430115,0.5163359057602066,0.13272610543057203,0.3543005369684118,0.20655809743640888,0.0036839238192468795,0.14405302891126112,0.271970071753257,0.1563324578508666,0.08372294902801514,0.03081973306423675,7.221963460324332e-05,7.746463234070688e-05,,75.26599884033203,,,,,0.8454897999763489
Model6PhysicalFix_B_soft_gate,5413500,42.72027,-90.81929,0.5173163414001465,0.6893161683865825,0.6405659455073234,-135.35767932973542,-27.208356759639717,-20.675064086914062,0.45036453008651733,0.5637100846457068,0.2144342847789605,0.3640510270776177,0.06949512241751721,0.0019157265353785394,0.29263806638508366,0.3605680382248044,0.09670737215549095,0.08938975632190704,0.03307409171871745,7.22775948815979e-05,7.736170664429665e-05,,99.2739028930664,,,,,0.861296534538269
Model6PhysicalFix_B_soft_gate,5414000,42.7311,-90.64041,0.3984806537628174,0.618898706301769,0.48404620606116044,-51.831609323035316,-42.058760228584646,-20.102954864501953,0.3155477046966553,0.552059028529973,0.20987693503440105,0.3781524260092228,0.07495070775587385,0.0020195220275201226,0.3011801733109609,0.36633665192169873,0.09622448780194896,0.09840922802686691,0.03572520178891117,7.227201422210783e-05,7.735513645457104e-05,,108.71993255615234,,,,,0.8411859273910522
Model6PhysicalFix_B_soft_gate,5444000,41.90281,-89.69622,0.48969727754592896,0.7426520963296683,0.5673128368928615,-174.13824464901555,-20.79362544256319,-2.0635111331939697,0.3752291798591614,0.5512700063479382,0.17621274804484377,0.31418176150724725,0.1010014281923699,0.0014154061631400136,0.21176123353226206,0.344970261927756,0.175444471288234,0.124627985060215,0.04369596315996092,7.21920223440975e-05,7.736504630884156e-05,,25.099403381347656,,,,,0.8490983843803406
Model6PhysicalFix_B_soft_gate,5454000,41.70002,-91.48767,0.571650505065918,0.745297721309369,0.6078230362832402,31.69622876555289,-17.17869232198825,-11.642765045166016,0.46427422761917114,0.5542302991471261,0.15535492077733648,0.2864265744998978,0.13153428273655163,0.0010258869909004545,0.15386138377371106,0.3081952308281051,0.1881514437154175,0.09545628726482391,0.0344799449847622,7.224344153655693e-05,7.73377250880003e-05,,18.517366409301758,,,,,0.8689493536949158
Model6PhysicalFix_B_soft_gate,5458000,43.03328,-92.50354,0.7345359325408936,0.7525050251411589,0.7384505406244422,-99.07528107950101,-31.789495150170282,-4.646450996398926,0.6839642524719238,0.5434166638285778,0.14699741404549885,0.31792433248499,0.1679089787743184,0.004043627409449897,0.14596593515450346,0.2830306949477672,0.17878816195971373,0.10805676877498627,0.04248388298356165,7.23535122233443e-05,7.74632062530145e-05,,28.986957550048828,,,,,0.879679799079895
Model6PhysicalFix_B_soft_gate,5466500,41.18698,-90.96737,0.7483244836330414,0.7186084230161804,0.7628245061940624,-86.65688457035526,-39.89851940766329,-2.905094861984253,0.5918151438236237,0.5444461846966783,0.1368029326958875,0.2822572797461172,0.15195903546092007,0.002770055157749229,0.1275225161180165,0.29681738178195555,0.1958144829781935,0.07945308834314346,0.028613892305203725,7.220366387628019e-05,7.748085772618651e-05,,19.731300354003906,,,,,0.8941592574119568
Model6PhysicalFix_B_soft_gate,5487980,41.24688,-93.26607,0.72212353348732,0.7659969355523668,0.7237605630263546,-216.65309503547488,-32.055674339929304,-101.63520812988281,0.6699492037296295,0.5300419111461946,0.11413137640938305,0.30715861438119746,0.22625518483066684,0.001990174553065719,0.0789063989149667,0.23810130568642807,0.1777275038691993,0.05255328491330147,0.01909025127523008,7.245260349009186e-05,7.753005775157362e-05,,15.427947044372559,,,,,0.9046710133552551
Model6PhysicalFix_B_soft_gate,5488200,41.30055,-93.04548,0.6435278058052063,0.7563361861048062,0.6522686702655919,33.03990595536525,-39.09408056542651,-226.97935485839844,0.5911377966403961,0.5199877607484722,0.1147267374111949,0.34087741797331783,0.25237225041370476,0.0012442816988523719,0.08725442747057024,0.22226892672394136,0.15593390714631963,0.06044776365160942,0.021691280710137543,7.250586349982768e-05,7.732851372566074e-05,,15.349745750427246,,,,,0.9119201302528381
Model6PhysicalFix_B_soft_gate,5489000,41.219,-92.90853,0.6761752367019653,0.7812434205416637,0.683153385558431,-25.1914973495257,-48.28568185879203,-126.3695297241211,0.6220159828662872,0.5220708417186186,0.11347376404987161,0.31846776957812434,0.23168488386025507,0.0016252878943313592,0.0851511033032116,0.23998175382299258,0.17544201784219274,0.06018543615937233,0.02150952884044475,7.249372720252723e-05,7.736408588243648e-05,,17.02202796936035,,,,,0.9084197282791138
Model6PhysicalFix_B_soft_gate,5495000,40.39241,-91.59788,0.8032195121049881,0.8125562813866415,0.805992109649681,-33.997280880188946,-17.749342873419252,-47.3487548828125,0.7600171715021133,0.5273139557432182,0.10501427009149698,0.2990903592525785,0.23139132671098936,0.00154750547338353,0.06614445400270079,0.23625913573314045,0.1865821673197538,0.048454951494932175,0.01704413010591817,7.248698238981888e-05,7.745924085611477e-05,,13.469355583190918,,,,,0.9142795205116272
Model6PhysicalFix_B_soft_gate,5495500,40.14282,-91.33737,0.7799859791994095,0.735956616646914,0.79791512769425,-40.407412919176934,-44.07846051300609,-95.84510803222656,0.748018741607666,0.5346676849857538,0.10697044102694075,0.27580775475056296,0.19160634411680796,0.0015151355272905308,0.08267908937364471,0.2705287855276365,0.20500668247875917,0.051962029188871384,0.0186775457502017,7.25158242858015e-05,7.736462430329993e-05,,10.515756607055664,,,,,0.9206097722053528
Model6PhysicalFix_B_soft_gate,5501000,39.81799,-91.5177,0.7996115982532501,0.888520238624577,0.8088231900683589,-100.8852393330852,-16.474778856490694,-135.223876953125,0.7714362144470215,0.5199799213726668,0.09541572850848581,0.2947734978375205,0.2382681223343079,0.000981512133636479,0.0555165378973623,0.2375711769728292,0.19744592631326033,0.04814133048057556,0.016631415564162755,7.255720993271098e-05,7.736915722489357e-05,,9.051459312438965,,,,,0.9087156057357788
Model6PhysicalFix_B_soft_gate,5503800,39.58483,-91.99349,0.7177633941173553,0.6646056121779413,0.7281895290151992,-30.759608721980694,-13.643551087898114,-6854.94580078125,0.6898355185985565,0.5009046254864579,0.09062599308571594,0.3387804243883179,0.2569225634476812,0.0012398777004297998,0.08061163745551152,0.23830130346867445,0.17513319826388946,0.05601736903190613,0.018454525438026403,7.247117900988087e-05,7.734137761872262e-05,,8.921808242797852,,,,,0.8750871419906616
Model6PhysicalFix_B_soft_gate,5507600,39.43143,-91.67627,0.7533368021249771,0.7533505479813799,0.7588305658480122,18.491271414257934,-26.597817542663535,-2780.80078125,0.7307749688625336,0.5012542677426983,0.08531815553894474,0.2681586881318428,0.21657755853625785,0.0012481569085440417,0.05032553978849347,0.2773948379475856,0.24602796894069665,0.0598679855465889,0.019958067905386536,7.224213186418638e-05,7.738251588307321e-05,,8.640981674194336,,,,,1.2224856615066528
Model6PhysicalFix_B_soft_gate,5508805,39.52046,-91.34275,0.8082370758056641,0.8659622842708772,0.8113287889693297,45.52488578453085,-14.70873600642895,-352.8389892578125,0.7873499095439911,0.5193703082169283,0.09386916274330118,0.2804494458983854,0.2121878832693086,0.001166269119817748,0.06708818647825575,0.2632996392522861,0.2109121064563469,0.04593893885612488,0.015706476625927206,7.227339665405452e-05,7.740165165159851e-05,,8.17121410369873,,,,,0.9382017850875854
Model6PhysicalFix_B_soft_gate,5514500,39.0088,-90.97754,0.7740607559680939,0.7699764579938756,0.7766535715773433,-126.25335414674072,-32.79358087577308,-119.77123260498047,0.7417864203453064,0.5212034135998421,0.09882891801059474,0.30367061577225385,0.22062731046061898,0.0018614741289989323,0.08117546906015607,0.2508115917668485,0.18479849269709858,0.04861210286617279,0.0161877954736517,7.229088805615902e-05,7.742446905467659e-05,,11.872827529907227,,,,,0.8864594101905823
Model6PhysicalFix_B_soft_gate,5525500,40.63004,-87.72392,0.7518637180328369,0.7072562020304352,0.7665137660371639,-84.37313257076858,-33.431980156065286,-14.008517265319824,0.6443665027618408,0.5396402315962696,0.13813998417877954,0.30881718066051406,0.1722824260337945,0.0028683524946482453,0.1336611276563008,0.2851179410865146,0.17607026031769682,0.07082122564315796,0.02483188039354817,7.226073648780584e-05,7.742248999420553e-05,,8.622013092041016,,,,,0.8664302825927734
Model6PhysicalFix_B_soft_gate,5556500,41.36587,-89.49843,0.7384105622768402,0.685006049585513,0.7593936766077601,-4.48227050896093,-40.29838030873228,-28.802541732788086,0.6707278490066528,0.55051091966563,0.15966559299397876,0.29416982812625103,0.11947943096541268,0.001794778069629959,0.17289096475272062,0.3283778291023791,0.18749544358447742,0.09235555678606033,0.033136204145832925,7.237882527988404e-05,7.740210276097059e-05,,12.412962913513184,,,,,0.8593361973762512
Model6PhysicalFix_B_soft_gate,5584500,40.33032,-90.89624,0.8047571331262589,0.7466166197055173,0.816400298008046,-203.6526802942357,-23.925601271334425,-11.796160697937012,0.7407561242580414,0.5355729936451781,0.11233023204926482,0.2644552643176993,0.16995567426649721,0.00236444951218713,0.092128613756893,0.28933300412006907,0.2144422685588559,0.054101478308439255,0.019162896676046634,7.219135295599699e-05,7.745108450762928e-05,,12.46346378326416,,,,,0.9042244553565979
Model6PhysicalFix_B_soft_gate,5585000,40.02477,-90.63179,0.7879728972911835,0.7211069960721707,0.8091565266709991,-20.1133591967621,-24.73008849557522,-10.901834487915039,0.6794116795063019,0.5420952169489899,0.10258390750419806,0.24955524368885776,0.170981979235847,0.002213060214109496,0.07635319517458761,0.28148793427032276,0.22000949960605248,0.0469953753054142,0.016803543481792346,7.218545215437189e-05,7.746314076939598e-05,,14.768902778625488,,,,,0.9081811308860779
Model6PhysicalFix_B_soft_gate,5591550,39.5067,-88.52756,0.705668568611145,0.6439979430008895,0.7284142546785524,9.334206950290808,-42.05449771311549,-171.44781494140625,0.6317685842514038,0.5459237758784196,0.13328204864067286,0.29902930741426376,0.15456057057502887,0.0011780375992643606,0.14328566927129885,0.29676503470654714,0.18427428322117964,0.09134364873170853,0.031054597670677135,7.224924775073305e-05,7.734252722002566e-05,,10.689384460449219,,,,,0.8910328149795532
Model6PhysicalFix_B_soft_gate,5592050,39.40587,-88.89646,0.7678340077400208,0.8165593256705768,0.7680894830355278,37.77372224907538,-33.74342220498733,-212.10287475585938,0.7292421460151672,0.5358086566214366,0.11478664499626795,0.28185461676503193,0.18702814491569206,0.001058399728189231,0.09376184408752673,0.2715040707873478,0.1978232867209643,0.05914407968521118,0.0203868137294927,7.226528396131471e-05,7.734246901236475e-05,,8.366658210754395,,,,,0.9145570397377014
Model6PhysicalFix_B_soft_gate,5592575,38.93699,-88.95284,0.7164551317691803,0.8456234333091587,0.7313620788567281,-32.927248498926694,1.7556191886738144,-591.0089721679688,0.681396484375,0.506369401360222,0.08056581462654865,0.2954631205751925,0.2630150985437516,0.0006871669174853926,0.03175359647701428,0.22846762689968766,0.20757364195297354,0.03380485996603966,0.0111187835931284,7.22839540685527e-05,7.736596307950094e-05,,5.7408223152160645,,,,,0.8960670828819275
Model6PhysicalFix_B_soft_gate,5593575,38.44172,-89.41675,0.8070391118526459,0.8289872054833624,0.808388438036094,45.48466647667291,-25.32123384918192,-104.74380493164062,0.7761239260435104,0.5245846589483473,0.09131261891564817,0.3001140930724881,0.23296243592007249,0.0012173989481164302,0.06592734495587811,0.2403501572152177,0.18907477892593633,0.044466760009527206,0.014957438615019216,7.225423178169876e-05,7.737297710264102e-05,,5.546027660369873,,,,,0.902521550655365
Model6PhysicalFix_B_soft_gate,5593900,39.14894,-89.35231,0.7007417678833008,0.7119123689507131,0.7040119180179008,45.56140451809925,-41.937715570393976,-225.26893615722656,0.6621115803718567,0.5210873383679204,0.10209093060626974,0.28373146737367,0.21755004990786403,0.0013202446421432422,0.06485401260015151,0.2559796206371701,0.20796075758081992,0.05099521949887276,0.01734896125183876,7.246846507769078e-05,7.735549297649413e-05,,8.200843811035156,,,,,0.9161375164985657
Model6PhysicalFix_B_soft_gate,5595730,38.25394,-89.03979,0.8168365657329559,0.8018776041631628,0.8209959620203213,-0.7969679571205525,-35.425804240396296,-4253.84423828125,0.7982602566480637,0.506308380080975,0.09003073716208732,0.31307640421245964,0.24918769307125754,0.0011442132178182652,0.06273785220704142,0.24299341553762482,0.19328696297550085,0.04165758565068245,0.013401012700244236,7.253596413647756e-05,7.734811515547335e-05,,5.140696048736572,,,,,0.8614158630371094
Model6PhysicalFix_B_soft_gate,6037500,44.65687,-111.06827,0.6566158533096313,0.6444668169137922,0.8532255012117851,-54.38604136870382,-25.904823198313192,-41.967315673828125,0.6257853209972382,0.3487838942060666,0.09016940127712823,0.4452982921963421,0.08921178544203989,0.004462625559483862,0.351618939375307,0.5603975445980257,0.22522460903468028,0.026759572327136993,0.011155643511673918,7.232095231302083e-05,7.74250365793705e-05,,149.38868713378906,,,,,1.0822819471359253
Model6PhysicalFix_B_soft_gate,6043500,45.49743,-111.27051,0.9268240556120872,0.893442037974806,0.93316440282705,7.61913028141967,-21.107601646905152,-15.90853500366211,0.880633756518364,0.3525157154480478,0.08672247059906914,0.47022474668060116,0.2101663080628127,0.007333860740595895,0.25271769884228146,0.4313131259883159,0.18360493985388862,0.009931146167218685,0.004589447561990748,7.239795377245173e-05,7.769677904434502e-05,,140.7294921875,,,,,1.2236248254776
Model6PhysicalFix_B_soft_gate,6154410,47.9661,-108.66071,0.4449808597564697,0.25485736626310374,0.6565710341191221,-96.11909818434567,-71.10163071783464,-14.477856636047363,0.37348562479019165,0.6662820443912809,0.1377302057822229,0.1640732635811094,0.0421862503714095,0.0028272250372284,0.11904708009401799,0.2784842415748987,0.19287163502317117,0.05450546368956566,0.041142141486150606,7.259775884449482e-05,7.767636270727962e-05,,66.30615234375,,,,,1.6006433963775635
Model6PhysicalFix_B_soft_gate,6188000,44.92772,-110.39381,0.8725647032260895,0.7286917487734939,0.9228410576685951,-1.700927156069242,-36.48870041341269,-52.66938400268555,0.786333829164505,0.31177248983088146,0.0720793786979596,0.5767283018826377,0.3423523950140058,0.008255368927725607,0.226113208033875,0.3386715602379403,0.1264086201220593,0.029918182641267776,0.013200927858831353,7.241790444822982e-05,7.765684131300077e-05,,63.09649658203125,,,,,1.123817801475525
Model6PhysicalFix_B_soft_gate,6191500,45.11188,-110.79438,0.9255452305078506,0.8673276230375053,0.9345568475320772,35.25549076576119,-15.996944804894717,-8.867875099182129,0.8569190502166748,0.32256150507343945,0.08559139645252063,0.5423218988740404,0.2793584378671449,0.005655991792783294,0.2573007425424557,0.3971375636473465,0.15832157115018677,0.03690698742866516,0.01699915742665188,7.252872455865145e-05,7.75508742663078e-05,,139.36903381347656,,,,,1.540149211883545
Model6PhysicalFix_B_soft_gate,6221400,43.34551,-109.41014,0.5134183168411255,0.43072742303050915,0.6123890018542434,34.47765223569281,-37.38765155055985,-37.82689666748047,-1.1517648696899414,0.33472939684743475,0.07705712762735907,0.6354356928282476,0.4037846898171186,0.002037136691441629,0.22960357108914795,0.2655967153252356,0.059211458759457374,0.02982751838862896,0.019757063919048388,7.247459870995954e-05,7.775644189678133e-05,,37.342769622802734,,,,,1.9377528429031372
Model6PhysicalFix_B_soft_gate,6224000,43.1769,-109.20291,0.6887227296829224,0.4953068532303807,0.7927290194590675,-83.63600972720025,-55.089955527668856,-6.770096778869629,0.2398245930671692,0.36091832083854114,0.07923007660558808,0.5925477689708475,0.4083543334402028,0.0036051013362937267,0.18057537937516904,0.23223925203532172,0.06986243091838351,0.023313572630286217,0.01607350901186914,7.269904017448425e-05,7.793695840518922e-05,,33.19125747680664,,,,,1.7478702068328857
Model6PhysicalFix_B_soft_gate,6278300,44.50802,-107.40369,0.6392630934715271,0.6219260036354819,0.6586632280076775,-114.39168741997092,-60.479339582376056,-72.67778778076172,0.5203807055950165,0.2757195331830035,0.0650989757390554,0.6508956383693822,0.48799934210839957,0.003005881544948775,0.15988035192433292,0.23762033933858057,0.09352126944474902,0.028568997979164124,0.015282750368276277,7.259239646373317e-05,7.778783037792891e-05,,6.701239109039307,,,,,1.3194775581359863
Model6PhysicalFix_B_soft_gate,6280300,44.20828,-109.55489,0.8256016969680786,0.8858260483945269,0.8261312713029209,17.378636826840552,-21.92019987711155,-10.144050598144531,0.6593994200229645,0.3062488106200469,0.07264824634663064,0.6185711025991841,0.35569644227707975,0.006533192212368469,0.25633390483697716,0.3350387050166355,0.09072355788526215,0.019826315343379974,0.010032320554695244,7.242149149533361e-05,7.774064579280093e-05,,68.4627456665039,,,,,1.3031617403030396
Model6PhysicalFix_B_soft_gate,6289000,45.00691,-107.61509,0.7610466331243515,0.7369440032203842,0.7740548733822455,46.64977486189983,-53.888480953529935,-6.780943870544434,0.6353918612003326,0.4250654448875458,0.0855514099830409,0.4249023887225082,0.1501158922090186,0.006949722082973399,0.2678281448392062,0.42149907451460206,0.1598944429781099,0.010864253155887127,0.006455927666850041,7.245666347444057e-05,7.764410838717595e-05,,80.35932922363281,,,,,1.4459497928619385
Model6PhysicalFix_B_soft_gate,6291500,45.12644,-107.60054,0.5809118151664734,0.6285601611626371,0.600697041577247,27.13267007756976,0.8155906380935646,-7.173081398010254,0.33658623695373535,0.5476692229448871,0.10975164460113439,0.2600319340250485,0.10133537821723688,0.004291448344946406,0.1543932367677876,0.3514504188263986,0.2042150509402822,0.012265913188457489,0.007952635322655685,7.265534077305347e-05,7.790517702233046e-05,,29.96207046508789,,,,,1.9870622158050537
Model6PhysicalFix_B_soft_gate,6311000,44.02774,-107.08089,0.7195810079574585,0.7744096155965501,0.7250943513312678,-71.65557816062575,-49.52194210723754,-23.41525650024414,0.5812456607818604,0.45820710759348826,0.09051250835062899,0.3902132255078468,0.30660925768068065,0.007997573476762651,0.07558911849321637,0.23515543510389741,0.17925710137617346,0.027309110388159752,0.01955058814394746,7.247352914419025e-05,7.817770529072732e-05,,6.606945991516113,,,,,1.6762200593948364
Model6PhysicalFix_B_soft_gate,6332515,47.78724,-102.76853,-0.018294453620910645,-0.036490607255875496,0.03773642782612841,67.05751732329101,-96.78072762562192,-4158.345703125,-0.04423177242279053,0.7745361952708966,0.1311602206430272,0.05883294105886843,0.03989329983097363,0.0021224870390396393,0.016796125570236818,0.17990118318460224,0.17621980698278839,0.016681045293807983,0.013607740680830956,7.239112164825201e-05,7.757896673865616e-05,,9.087663650512695,,,,,2.0428178310394287
Model6PhysicalFix_B_soft_gate,6339100,47.23613,-102.76991,0.023597538471221924,-0.2016125343030606,0.02634254027451458,74.59139007754129,-98.56079258211624,-188.6083526611328,-0.013389945030212402,0.8026298021337174,0.14002592831044364,0.05016280349903352,0.03123453002649968,0.0020566846040246953,0.016849980095363003,0.16336564631439318,0.16034507096955375,0.016781305894255638,0.014064168833894497,7.23960401955992e-05,7.761458255117759e-05,,8.948613166809082,,,,,1.8333618640899658
Model6PhysicalFix_B_soft_gate,6339500,47.15445,-102.05989,0.07239335775375366,-0.08827184285680079,0.07638355712972608,65.41367243360925,-96.40070556585984,-67.50198364257812,0.01265650987625122,0.8132643048495084,0.15715224402814457,0.04001753328308514,0.023312370376598904,0.0014042017909383564,0.015278447045547157,0.16159118087179977,0.15781895203986473,0.013672425411641598,0.011674385017694034,7.230566552607343e-05,7.760459266137332e-05,,8.667838096618652,,,,,1.900624394416809
Model6PhysicalFix_B_soft_gate,6344600,47.02779,-103.05324,0.03185611963272095,-0.1777719153628181,0.03829352986464725,65.65392730843017,-99.11759537588452,-702.14013671875,-0.0091172456741333,0.7909779384384195,0.13120450400739214,0.039406041648243434,0.03697931377056409,0.0024135725359260615,-1.3191166292495214e-05,0.16630256337141905,0.17462003392281672,0.010269265621900558,0.00866503817012452,7.23572084098123e-05,7.746187475277111e-05,,5.0099886721000075e-05,,,,,1.8733030557632446
Model6PhysicalFix_B_soft_gate,6350000,46.42667,-102.55183,0.11704808473587036,-0.04460343584664206,0.14175432189605575,8.307229244966095,-92.95202488218379,-24.615570068359375,0.08888512849807739,0.799149349375844,0.13479051432871947,0.04411445635691929,0.03136195184057835,0.0014771647805229707,0.01125059070191831,0.16640834897244275,0.16696901503108422,0.013357339426875114,0.01194917731242237,7.234184886328876e-05,7.760347216390073e-05,,5.715610980987549,,,,,2.0174014568328857
Model6PhysicalFix_B_soft_gate,6352000,46.15417,-102.47405,0.10365915298461914,-0.10075549548136364,0.13162182061551098,37.782714397329286,-94.19137687556369,-540.4583740234375,0.07451754808425903,0.7863306843730687,0.12725176064331617,0.04274819387468879,0.031100747500509517,0.0015516571021821242,0.0100709622535513,0.17887598149949277,0.18037079039630421,0.013390538282692432,0.011782591123373126,7.24644196452573e-05,7.767751958454028e-05,,5.524651050567627,,,,,2.130794048309326
Model6PhysicalFix_B_soft_gate,6353000,46.09167,-101.33374,0.052514612674713135,-0.2768631984280261,0.15842950113689538,68.23549141872762,-98.1766945509071,-631.4650268554688,0.001239001750946045,0.8119100432248771,0.14450565226330553,0.022295497753314776,0.010122879420043336,0.0005709678804859847,0.01157768471185277,0.17367959503208277,0.17016693219910675,0.00971049815416336,0.008224216096232338,7.247627945616841e-05,7.773077231831849e-05,,8.602653503417969,,,,,2.6806068420410156
Model6PhysicalFix_B_soft_gate,6354000,46.37611,-100.93444,0.1301727294921875,-0.12725288694046677,0.2673177877245926,84.1462472541257,-94.87651884920278,-31.5965576171875,0.07613533735275269,0.8124325755877729,0.1375273149007223,0.030161569240526428,0.02155484845681354,0.0006537999215104384,0.007928356306961122,0.16347136446774987,0.16549983649071787,0.011685862205922604,0.009919258167124112,7.233871292555705e-05,7.7596225310117e-05,,5.916109561920166,,,,,2.320103883743286
Model6PhysicalFix_B_soft_gate,6360500,45.25582,-100.84292,0.2964036464691162,0.13855782797007155,0.4004250522945516,64.6438088336721,-82.46928371187606,-740.431884765625,0.2153569459915161,0.799055176768185,0.1258938626814159,0.048562395487654314,0.039981453011996924,0.000593032748425091,0.007964780561451246,0.16027013134916093,0.16591428320056767,0.017079580575227737,0.013775635983499988,7.230634219013155e-05,7.746887422399595e-05,,5.366265296936035,,,,,1.919934868812561
Model6PhysicalFix_B_soft_gate,6404000,43.87249,-103.33658,0.632074385881424,0.517263984964502,0.7312323572831155,85.79901936846751,-1.7900248511972594,-29.520965576171875,0.5720565021038055,0.6606885471063639,0.1305821452799657,0.16486194749673713,0.10554592704130013,0.004048889770958835,0.05525292231716439,0.23388773503349777,0.20145697302832566,0.03385379537940025,0.022037140539818686,7.244733569677919e-05,7.743338937871158e-05,,18.420949935913086,,,,,1.5631996393203735
Model6PhysicalFix_B_soft_gate,6406000,43.82805,-103.19602,0.4168633818626404,0.6991404684556008,0.5170470574250037,38.90909730427281,-42.56393536703545,-51.48451232910156,0.304111123085022,0.7278373388420354,0.1549226486561341,0.08968667567143528,0.04055598556864728,0.0032925347396109326,0.0458225084397932,0.2328397507447535,0.2026221619084104,0.0217356625944376,0.015172883913075448,7.236010424094275e-05,7.74593063397333e-05,,19.00269317626953,,,,,1.6603947877883911
Model6PhysicalFix_B_soft_gate,6408700,44.13665,-103.85854,-2.0080506801605225,0.1661172292955576,0.09120566254421426,-395.6296995116748,-54.9723225680334,-33.63017654418945,-35.33881378173828,0.5142683084159105,0.1088075090992635,0.23710949653138202,0.047107968845218305,0.004352020444924129,0.18564087387051145,0.4377265710378978,0.27036132132021606,0.034003451466560364,0.018285387098972497,7.246663881232962e-05,7.771776290610433e-05,,63.93216323852539,,,,,1.2802454233169556
Model6PhysicalFix_B_soft_gate,6409000,44.01359,-103.83048,-3.2904601097106934,-0.4032131850688667,0.3702585002043288,-19.297782820724926,-32.79944606143699,-141.03689575195312,-6.519722938537598,0.5485282391419911,0.1188178435342956,0.21724544598690912,0.040215599143370764,0.0038431998967256554,0.17317759585847559,0.411885426346523,0.26117450219331173,0.039608195424079895,0.022544000653326894,7.246826135087758e-05,7.76903543737717e-05,,47.690696716308594,,,,,1.501588225364685
Model6PhysicalFix_B_soft_gate,6431500,44.48248,-103.86159,-0.3133302927017212,0.16363643734612798,0.6767823981471751,-6.4956390248461915,36.52029318852221,-10.458773612976074,-1.3735816478729248,0.5332205561844967,0.1253648485244674,0.2190463853017138,0.04639831377852418,0.004700582704017184,0.1679395248970981,0.4193228450466489,0.26482114139877655,0.0253010056912899,0.012608041216181289,7.268480840139091e-05,7.76818924350664e-05,,54.94343566894531,,,,,1.4789272546768188
Model6PhysicalFix_B_soft_gate,6440200,43.96888,-101.76709,0.20359724760055542,0.10851581754433448,0.2358556457382592,,-94.75028128767845,,0.15663117170333862,0.7971568516842997,0.14113172461363474,0.05419007667800452,0.03378808108680309,0.0013382491540003016,0.019043680097511048,0.17045655223663408,0.16535051576700172,0.018818862736225128,0.014206209554702195,7.255178934428841e-05,7.745526818325743e-05,,7.7546706199646,,,,,1.7963721752166748
Model6PhysicalFix_B_soft_gate,6441500,44.32665,-100.3843,0.2177433967590332,0.12819525246700902,0.23344066293414759,-11.705131218300696,-85.204727371408,-560534.375,0.111766517162323,0.7853648273218429,0.11941438444605347,0.044190525479982035,0.030867822003505484,0.0006767607677613301,0.01262511859374739,0.18345089710045617,0.1814668990176347,0.014264541678130627,0.010786980795596743,7.240223931148648e-05,7.768915384076536e-05,,6.091789722442627,,,,,1.7831850051879883
Model6PhysicalFix_B_soft_gate,6447000,43.7525,-101.52487,0.40373390913009644,0.4052321196628559,0.41591674090122077,83.65107275860176,-77.9442527670257,-7.885654449462891,0.23871773481369019,0.8158705854815588,0.13972644068815845,0.04199107408667832,0.032222337428256156,0.00038929408528340706,0.009358644516591286,0.1585434671167522,0.1622290527115695,0.0172777958214283,0.013070162002754878,7.240530248964205e-05,7.744446338620037e-05,,4.811283111572266,,,,,2.07549786567688
Model6PhysicalFix_B_soft_gate,6447500,43.16667,-101.63015,0.23416423797607422,0.4558564894457312,0.3036134389605302,-35.83141440433156,-62.91186075541055,-6.305023193359375,0.04130887985229492,0.7732234104198493,0.15403441469302254,0.058269911003963296,0.015407728393206305,0.0007452004270074463,0.04210158624899678,0.21421541255178783,0.19109051132437382,0.026321781799197197,0.018304706068277807,7.270903734024614e-05,7.765112241031602e-05,,16.508712768554688,,,,,1.680942177772522
Model6PhysicalFix_B_soft_gate,6450500,43.60139,-100.74986,-0.07698309421539307,0.5239737955765555,0.32437224733241,49.89518447063479,-55.8939888402909,-3.933289051055908,-0.3278377056121826,0.7598791554333778,0.16573141482865414,0.09495513752397079,0.03977725932063653,0.001607947731976973,0.05355571558936464,0.2020447099061994,0.1758893727375384,0.03894033655524254,0.026623507653503437,7.257850666064769e-05,7.764394104015082e-05,,25.481746673583984,,,,,1.6088125705718994
Model6PhysicalFix_B_soft_gate,6452000,43.74833,-99.55649,0.2914316654205322,0.5359397857940786,0.34857923705749894,84.85226061495543,-80.92902981643921,-36.32038497924805,0.16602253913879395,0.8009901900956655,0.15376195690528,0.07480460052639579,0.06217350533976335,7.123802400755344e-05,0.012541824584008206,0.14403799763074898,0.15076936279431274,0.026377692818641663,0.019054945224026582,7.231259223772213e-05,7.731790537945926e-05,,6.415548801422119,,,,,1.7431482076644897
Model6PhysicalFix_B_soft_gate,6453600,42.81099,-98.17586,0.4066467881202698,0.4008171734920416,0.41921576404471533,85.08969731963916,-66.21471895426835,-13.024223327636719,0.28973913192749023,0.7012105246619825,0.11539740257216594,0.07278906297159339,0.03900631255524749,0.0017669978309546766,0.03200146144851988,0.2603959596256112,0.2443221706877604,0.028124287724494934,0.016309761670398756,7.261038990691304e-05,7.771519449306652e-05,,19.643484115600586,,,,,1.3890049457550049
Model6PhysicalFix_B_soft_gate,6464500,43.02889,-99.78067,0.17079579830169678,0.47086205965283623,0.33102310679904623,-14.621707612070228,-96.0924921563522,-3.376230239868164,-0.3188256025314331,0.7445906379801706,0.1315869359763317,0.057549137185748125,0.022854132308245186,0.0016766125038000298,0.03300260958595316,0.23645989455214725,0.2201130484927332,0.025087451562285423,0.01633801523412943,7.249870395753533e-05,7.775220001349226e-05,,13.241083145141602,,,,,1.5530391931533813
Model6PhysicalFix_B_soft_gate,6468170,47.55805,-98.86289,0.2280094027519226,-0.01620372275303228,0.40488251103819434,79.01110821101906,-78.24309246255255,-457.498291015625,0.09027493000030518,0.7208633503535198,0.1089562572421013,0.03968640303220839,0.0186071278721731,0.0019344296407471679,0.019124413391459226,0.25197638958463664,0.2435646331658479,0.014710929244756699,0.010990232018217005,7.247446046676487e-05,7.812112744431943e-05,,12.6256742477417,,,,,1.5794907808303833
Model6PhysicalFix_B_soft_gate,6468250,47.39972,-98.79761,0.10188412666320801,-0.1803695551955784,0.36546322311108936,84.68020899339793,-88.85821458954602,-128.77635192871094,-0.07731401920318604,0.7234239460067611,0.11192316519753713,0.029732758865872122,0.011466098502010394,0.0013683585536476456,0.016877071699187708,0.2582673178591342,0.250721347344025,0.012783338315784931,0.0094875586020307,7.250616909004748e-05,7.823184569133446e-05,,12.134111404418945,,,,,2.159748077392578
Model6PhysicalFix_B_soft_gate,6470800,46.22524,-98.07177,0.32207632064819336,0.48146225819109933,0.3801266231390878,77.27969897021384,-49.02130541860271,-3654.531982421875,0.22023671865463257,0.6725230386453664,0.09920528773238009,0.07306735364929075,0.04040313476568644,0.0026886322546498644,0.029959710447000437,0.2778151087244814,0.26392277218040455,0.02711319364607334,0.01678992708471416,7.239574915729463e-05,7.798259321134537e-05,,19.314800262451172,,,,,1.3515616655349731
Model6PhysicalFix_B_soft_gate,6477500,43.7764,-98.24567,0.30282700061798096,0.5017105078774456,0.3302762066251241,55.22358734565115,-76.19055011441571,-8139.40380859375,0.2261946201324463,0.6828831523366877,0.10491685611327603,0.05864525724427435,0.030660696079402076,0.000887544711282441,0.027082211045718525,0.28536142584338564,0.2703840709228822,0.02176581136882305,0.012568626365245516,7.240936247399077e-05,7.763442408759147e-05,,11.14532470703125,,,,,1.3900588750839233
Model6PhysicalFix_B_soft_gate,6479215,45.1808,-97.18619,0.36321043968200684,0.310030077872412,0.40753312744991804,83.31250774162167,-84.706890030066,-968.3139038085938,0.25705260038375854,0.6114571506706113,0.09426385920956985,0.1220786559878499,0.07306566912856129,0.0031041501824389697,0.045895555982216146,0.31151473028834603,0.2901374047055859,0.04491899907588959,0.024649384924097018,7.259025005623698e-05,7.772992103127763e-05,,21.07558250427246,,,,,1.2060749530792236
Model6PhysicalFix_B_soft_gate,6479438,45.00608,-97.16508,0.28989607095718384,0.24847002049677203,0.32179852189007535,62.81305975416045,-89.1877513842911,-204.33282470703125,0.2055613398551941,0.6334186187334286,0.10258684763827294,0.09274521972257392,0.05016699539706862,0.0023286455129081503,0.040235755553633214,0.3134348601627954,0.2922201042863299,0.03373692184686661,0.01908369210871605,7.266778266057372e-05,7.778550207149237e-05,,21.741535186767578,,,,,1.2700084447860718
Model6PhysicalFix_B_soft_gate,6601000,42.32158,-96.48768,0.25584620237350464,0.24237170973588107,0.27204509290014595,-28.963455814108563,-87.35840836964725,-2.1485559940338135,0.18496257066726685,0.6657576365767689,0.1530557209375001,0.17307053291113791,0.04167745496213745,0.0012321385855596475,0.13015360961247754,0.2908383304311047,0.19962802953437161,0.08499645441770554,0.04014675000345169,7.230503251776099e-05,7.74827494751662e-05,,48.44829177856445,,,,,1.1354936361312866
Model6PhysicalFix_B_soft_gate,6614800,40.49609,-105.86501,0.7946121096611023,0.7381723471846314,0.8067883712360396,-31.1057732573454,-57.29055471452242,-64.06534576416016,0.6874253749847412,0.2030085991293256,0.04963162147292138,0.7702275094565815,0.5080021575427147,0.0014735285272862886,0.26074700669366635,0.2978318019822486,0.05690392042699659,0.042291488498449326,0.014819753854380982,7.267772889463231e-05,7.78218382038176e-05,,80.75971221923828,,,,,1.2940359115600586
Model6PhysicalFix_B_soft_gate,6622700,41.37024,-106.52058,0.8926214501261711,0.8779323215828264,0.8949145597659994,-36.83377612444923,-39.355595812483244,-19.465463638305664,0.8486580699682236,0.31521170915520963,0.06069584399890352,0.5972801541247283,0.40447849705224875,0.013139321302956246,0.17965385639992124,0.27062404685515284,0.11174100713869295,0.04600859433412552,0.01993205163101181,7.268509943969548e-05,7.804481720086187e-05,,54.723812103271484,,,,,1.475885033607483
Model6PhysicalFix_B_soft_gate,6623800,41.02358,-106.82477,0.9022311940789223,0.7823321704820356,0.9152296345590406,-46.03449625795183,-35.39256022443639,-21.342493057250977,0.8498801738023758,0.26620306067896526,0.05320669818056666,0.6416433954629625,0.37798200142801325,0.012671524143492558,0.25098434881310067,0.3461245676684202,0.10742584699117878,0.03023015893995762,0.010244475086146189,7.274178642546758e-05,7.773332617944106e-05,,95.88521575927734,,,,,1.061952829360962
Model6PhysicalFix_B_soft_gate,6632400,41.58525,-106.22279,0.8298646211624146,0.7613869105485815,0.8390876178840155,-97.79246272343696,-54.6606526002787,-50.61469650268555,0.7516943663358688,0.2901574339662963,0.05832437061124412,0.6249539518729207,0.4079910944596706,0.009646313717901549,0.20730825441685755,0.2961212721898783,0.10728693536525315,0.03754357248544693,0.01659805479315398,7.250888302223757e-05,7.793728582328185e-05,,53.02040481567383,,,,,1.458059549331665
Model6PhysicalFix_B_soft_gate,6746095,40.53998,-105.88279,0.6664971113204956,0.4520105168706148,0.7767116976317724,-39.30137315482811,-64.50477317748323,-11.286247253417969,0.4207049012184143,0.22431897174399304,0.04859399669879326,0.7164395050712306,0.5154154846144691,0.0031951907127416752,0.19782223222428658,0.2606505891802713,0.0761281849064645,0.0313073955476284,0.011538065406209495,7.269844354595989e-05,7.809430826455355e-05,,32.72835159301758,,,,,1.0840002298355103
Model6PhysicalFix_B_soft_gate,6784000,41.03244,-98.74053,-2.4409430027008057,-0.23860370624058258,0.24137961893888518,63.54780890106593,-82.47823430787365,-2.5437376499176025,-3.8136653900146484,0.7347144573770603,0.14649276502079328,0.07078216899722209,0.025052140367631946,0.0009652798745656127,0.04475196866622031,0.24063720947191575,0.21389527305743308,0.03310782462358475,0.018606710559161008,7.244618609547615e-05,7.763158646412194e-05,,50.9744758605957,,,,,1.4190748929977417
Model6PhysicalFix_B_soft_gate,6803510,40.89311,-96.68155,0.6408930122852325,0.7648642693790696,0.7481649131372131,-70.86173268542831,0.38875390415359595,-9.726264953613281,0.6272293031215668,0.6483872956342124,0.10978654446198965,0.1350534680172827,0.09216625756368449,0.0006897763490818197,0.04218666758858888,0.25431994838346356,0.23105995507295335,0.04133259132504463,0.019318408780309406,7.232153438962996e-05,7.734016980975866e-05,,8.57127571105957,,,,,1.185526967048645
Model6PhysicalFix_B_soft_gate,6803530,41.0157,-96.54428,0.5994308292865753,0.7907290694280393,0.6295351728875116,-227.02831642139935,-17.02268633864807,-17.602365493774414,0.5813618004322052,0.6490873323448969,0.12673514405401462,0.15324157973378097,0.08257405511647618,0.000689076165957923,0.06996939574823002,0.26310404342092997,0.21781771006442843,0.05442648380994797,0.025146788287061177,7.228796312119812e-05,7.734899554634467e-05,,11.765097618103027,,,,,1.1604516506195068
Model6PhysicalFix_B_soft_gate,6814000,39.94778,-96.10862,0.6524109840393066,0.7189363849571109,0.6688116135554061,38.17601831192648,-23.43483871563932,-76.53580474853516,0.616710364818573,0.6172898577387181,0.10961757478745254,0.20834476872362948,0.13426844352525688,0.001770843131169456,0.07229681510557252,0.2464499144984664,0.19423547001716063,0.048175148665905,0.02037910722148667,7.243362051667646e-05,7.743234891677275e-05,,8.384230613708496,,,,,1.0735630989074707
Model6PhysicalFix_B_soft_gate,6847900,39.76985,-100.10078,-0.08371281623840332,0.10239802252210994,0.07374507578970124,62.59300262642957,-75.57213513764452,-5.095351696014404,-0.10234642028808594,0.8358249129515574,0.13097024892610543,0.0055368734981696005,0.005404184261694185,0.00012085523829931279,-9.740052958815032e-06,0.1623014047575766,0.16354518774231674,0.0023575404193252325,0.0015462644955311139,7.253658259287477e-05,7.738190470263362e-05,,4.9970818508882076e-05,,,,,2.097996473312378
Model6PhysicalFix_B_soft_gate,6853800,39.89925,-98.25043,0.38717907667160034,0.5424789558688292,0.4112632036538378,63.334881210564404,-44.27078977274615,-518.1497802734375,0.3553382158279419,0.7306131935309381,0.09567640429217189,0.045091070560922764,0.020359063523279642,0.000279132313659109,0.024439205704612898,0.249674785096847,0.2351759438480735,0.019741306081414223,0.010227235228022555,7.267717592185363e-05,7.749049837002531e-05,,8.006563186645508,,,,,1.4654734134674072
Model6PhysicalFix_B_soft_gate,6876700,39.13907,-97.83696,0.3448448181152344,0.4162324854002404,0.3449777576457317,57.694254660245186,-81.59275738424674,-85.68877410888672,0.25272566080093384,0.7526191497878415,0.11582942910857393,0.07037504742356294,0.028219111340077298,0.0005869271093982783,0.04155740782174433,0.21744068406665565,0.19137423036916698,0.030759591609239578,0.015544530815678076,7.230757910292596e-05,7.747275230940431e-05,,12.969377517700195,,,,,1.3034342527389526
Model6PhysicalFix_B_soft_gate,6878000,39.03111,-97.04029,0.5982339680194855,0.6259355607958267,0.6021940051964719,-48.2997184269177,-56.138073746875385,-16.389476776123047,0.5656383633613586,0.6951214274055684,0.11356596957876001,0.12457373454329321,0.06589951716253853,0.0005648910197980135,0.05809972443789042,0.23714675623313194,0.19857746186890465,0.04378800466656685,0.019910008481545963,7.242431456688792e-05,7.744102185824886e-05,,6.627276420593262,,,,,1.297702431678772
Model6PhysicalFix_B_soft_gate,6879650,39.10195,-96.59521,0.22251147031784058,0.4779761896597099,0.339769260367489,,-69.09628751353542,,0.1583799123764038,0.652846024316744,0.1878845903554781,0.2363405506539891,0.06932458012429435,0.0007099335328590079,0.1663010624516858,0.27834419311441605,0.14544244900874098,0.08741986751556396,0.03361519663193378,7.233195356093347e-05,7.73564024711959e-05,,17.863170623779297,,,,,1.0078293085098267
Model6PhysicalFix_B_soft_gate,6885500,39.68192,-96.44289,0.67018923163414,0.608560216327481,0.6986052689167048,-31.530331009038328,-47.4026947354396,-16.429418563842773,0.635970413684845,0.6270315361900458,0.09791325767500109,0.1660425069586997,0.10508320092974958,0.0012189782560446192,0.059731167643368444,0.2686629711844933,0.2312580448697918,0.053450800478458405,0.022526048552253947,7.225044828373939e-05,7.741566514596343e-05,,6.143253803253174,,,,,1.1722356081008911
Model6PhysicalFix_B_soft_gate,6888500,39.06265,-96.15025,0.7247500121593475,0.8439086759292604,0.7322715946198793,-102.5291669821441,-8.63443496645182,-36.923728942871094,0.6954017281532288,0.6152494380757678,0.13938697543583548,0.23894531133759983,0.11302549829244782,0.0008195057995374266,0.12509442266046905,0.26959677518169883,0.17017846589736266,0.06943535059690475,0.02622740033174838,7.252098293974996e-05,7.739054854027927e-05,,14.992711067199707,,,,,1.0341734886169434
Model6PhysicalFix_B_soft_gate,6889200,39.23833,-95.8886,0.5325944125652313,0.5517004707797257,0.5399386614073859,56.4293760756178,-40.57038832128051,-27.06793975830078,0.5075606107711792,0.600558602207975,0.09558137398182762,0.2205664275090263,0.15297411408147407,0.0013113556007451031,0.06627262961081531,0.24685179249995673,0.2016737515938799,0.053759608417749405,0.021227197963718584,7.225256558740512e-05,7.741850276943296e-05,,9.994495391845703,,,,,1.0122371912002563
Model6PhysicalFix_B_soft_gate,6889500,39.09938,-95.72495,0.7266213297843933,0.717742873432015,0.7369538420970756,-27.81614569987488,-33.22584517438609,-32.98952102661133,0.7098328471183777,0.5941532644919302,0.09722721345849039,0.2315987830511873,0.16649726596948203,0.0012092652682080588,0.06388419428617782,0.23909554123315463,0.1952905074551623,0.05243700370192528,0.020327917399575155,7.225434819702059e-05,7.73976935306564e-05,,8.8818359375,,,,,1.003288984298706
Model6PhysicalFix_B_soft_gate,6892000,39.11633,-95.01088,0.7872802466154099,0.7387699936972509,0.8062951200129775,8.009736325533476,-29.55667563786438,-31.032821655273438,0.7563190460205078,0.5626266578947675,0.09715819839025547,0.2522668727259868,0.17932557476211144,0.0020419971541116595,0.07089190927016945,0.2535062014036852,0.20271822333550557,0.05676748603582382,0.02062754764927481,7.246392488013953e-05,7.75089647504501e-05,,11.452502250671387,,,,,0.9441742897033691
Model6PhysicalFix_B_soft_gate,6903400,40.95189,-93.25985,0.6217077970504761,0.7891406526672227,0.6764141478941541,21.537399487094138,31.323678247980723,-2543.038330078125,0.5331003069877625,0.514777094688875,0.10964016035355306,0.3090534646626476,0.2314414733993493,0.0011872461903407038,0.07641821107901964,0.24875659590100963,0.1903316326995831,0.05252761393785477,0.018532506077337783,7.249621558003128e-05,7.738095882814378e-05,,12.822587966918945,,,,,0.8772861361503601
Model6PhysicalFix_B_soft_gate,6906800,38.70225,-92.97883,0.757311686873436,0.750135814903919,0.760745149568958,-80.49230978514392,-13.655042080168899,-77.92463684082031,0.7264265716075897,0.5052723789893468,0.10495332926323808,0.3215238772698249,0.22266744334539426,0.0016477495993499982,0.0972028153670367,0.2660919524134918,0.18627628292016266,0.05836676433682442,0.018341557539571406,7.220881525427103e-05,7.744086178718135e-05,,15.032755851745605,,,,,0.8326355218887329
Model6PhysicalFix_B_soft_gate,6910800,38.56701,-95.96163,0.7716870307922363,0.8655399824390069,0.8069698539088681,37.33206563872825,10.726570727925802,-196.94081115722656,0.75323286652565,0.5834170701137066,0.1111048970878597,0.24566311746723515,0.15810157142836412,0.0008850400686183174,0.08666928265777309,0.25620512958522357,0.19182516630935895,0.06127618998289108,0.022676527785638063,7.24967903806828e-05,7.737597479717806e-05,,12.653898239135742,,,,,1.0181626081466675
Model6PhysicalFix_B_soft_gate,6911900,38.71069,-95.83603,0.8121820539236069,0.8589790687313087,0.8130647257055422,16.304186074843326,-18.56921094783452,-226.57994079589844,0.8014315813779831,0.583724837476044,0.10793020857295917,0.2556989281100106,0.16025376886143508,0.000796796163307162,0.0946414822058304,0.2536709359920042,0.18225394000862719,0.06389226019382477,0.02361457402004069,7.251661736518145e-05,7.736864790786058e-05,,10.351351737976074,,,,,1.002447485923767
Model6PhysicalFix_B_soft_gate,6917000,38.01897,-94.71367,0.7790773063898087,0.7513040395006461,0.7916285976059031,29.697529259385213,-28.773329310724684,-1839.3336181640625,0.7547342777252197,0.5453263632723749,0.10520044107787184,0.292995615874302,0.19181436882094147,0.0012680832645167155,0.09990678846504664,0.25679492100044776,0.17833438168546592,0.06599175184965134,0.021929303677998346,7.226911111501977e-05,7.74340151110664e-05,,11.816729545593262,,,,,0.9118374586105347
Model6PhysicalFix_B_soft_gate,6918460,37.40237,-93.80203,0.39113205671310425,0.6074195778223432,0.6658932321610774,-285.1818352137392,17.44169370610584,-5.425832271575928,0.20186901092529297,0.5575340665010126,0.1460698043490557,0.32793733646229706,0.1497017624429217,0.002116156457474097,0.1761155788817212,0.28569733786567536,0.1413377601970667,0.10438426584005356,0.03292808349920672,7.218265091069043e-05,7.742638990748674e-05,,27.247756958007812,,,,,0.8525838255882263
Model6PhysicalFix_B_soft_gate,6919500,37.8342,-93.87549,0.808880627155304,0.7470010795392643,0.8137294960128572,34.24944342117722,-10.85617789188845,-446.0794372558594,0.7799642235040665,0.5364938274440351,0.1189364959182935,0.2947161742264778,0.17649580779265014,0.0022751235622295303,0.11593998633689456,0.27916209586750645,0.18392115363323552,0.07041110098361969,0.02139822944592056,7.224114233395085e-05,7.755643309792504e-05,,23.17650032043457,,,,,0.8598437309265137
Model6PhysicalFix_B_soft_gate,6921070,37.68265,-93.37033,0.71708545088768,0.7510939606933988,0.7855484616488447,-204.78850868092218,19.044009462738398,-48.19658660888672,0.674606591463089,0.5275825206701152,0.12700595058588846,0.33757642775513863,0.20471236125934006,0.002432898383071273,0.1304266534060471,0.2601444618280195,0.15608022231891425,0.08949369937181473,0.027570992810184613,7.238969556055963e-05,7.739997818134725e-05,,17.582626342773438,,,,,0.8490154147148132
Model6PhysicalFix_B_soft_gate,6921200,37.75047,-93.26618,0.5925597846508026,0.5858086925252762,0.6772067673960038,17.035861317059595,-21.762790144011845,-298.3712158203125,0.5493912696838379,0.5340770108217822,0.13218393434371498,0.3467813287488111,0.18315005594468067,0.0019825019579957316,0.16164493703363544,0.2754498453486383,0.1471585059338404,0.11373548954725266,0.034760467429518965,7.23264820408076e-05,7.736931729596108e-05,,20.29557991027832,,,,,0.8470278978347778
Model6PhysicalFix_B_soft_gate,6934000,38.38881,-91.81989,0.8341286480426788,0.8109442689915396,0.842506396947619,-153.05295977533254,-23.886197683830066,-11.510525703430176,0.796632319688797,0.5316527782038952,0.113507197011635,0.32155670836984973,0.20890775810819884,0.0026629330897405454,0.10998089030226471,0.25267320115838715,0.15949109522100818,0.056366272270679474,0.017576939571514134,7.22943150321953e-05,7.737753912806511e-05,,37.128631591796875,,,,,0.829831600189209
Model6PhysicalFix_B_soft_gate,7014500,38.15853,-91.10846,0.7683397084474564,0.7322873928094524,0.7843977587783175,-312.7663644773733,-30.025324067959815,-11.81595516204834,0.7348118424415588,0.5575355995383582,0.15181925272692218,0.3180152917478504,0.11723417006370371,0.002631500661371665,0.19814623674578774,0.3192013387832409,0.13630375636034647,0.05206376686692238,0.016045599626248106,7.230568735394627e-05,7.740310684312135e-05,,22.487384796142578,,,,,0.8440671563148499
Model6PhysicalFix_B_soft_gate,7056000,35.98318,-92.74755,0.8564041256904602,0.8674602897516437,0.8576223334687597,-113.70377205541519,-24.550951879507732,-56.392913818359375,0.8385533839464188,0.49011246481711324,0.10585175651515613,0.35699017026670754,0.19545892392950096,0.003834920783186514,0.15769204928975927,0.30908492181491515,0.15857288838454955,0.026639172807335854,0.007499141438717151,7.245401502586901e-05,7.742829620838165e-05,,13.063709259033203,,,,,0.7753399610519409
Model6PhysicalFix_B_soft_gate,7057500,36.62303,-92.24813,0.8446461260318756,0.8672522323501574,0.8590122447392688,-524.8009807751822,-17.9669874612963,-24.618131637573242,0.8275886923074722,0.5700907362167595,0.13776409367860118,0.34372873509958557,0.10436667482999842,0.0014927994444224428,0.2378664172705329,0.3205205714840108,0.10368602296816502,0.06947428733110428,0.021834030582133686,7.238830585265532e-05,7.735242252238095e-05,,20.242883682250977,,,,,0.8504294753074646
Model6PhysicalFix_B_soft_gate,7060710,35.99535,-92.21265,0.5739461183547974,0.5574647892512441,0.579519727967423,-81.25760519892818,-48.00598276039833,-107.0469970703125,0.5500693917274475,0.5088100162362765,0.1022014530501005,0.27358715401267975,0.0961816300545075,0.0022724418351099816,0.17512882712231329,0.39128515443791556,0.22678654611875676,0.03978213667869568,0.010785406468658188,7.256103708641604e-05,7.735303370282054e-05,,7.186093807220459,,,,,0.8244354128837585
Model6PhysicalFix_B_soft_gate,7066000,37.15408,-91.35816,0.6879039704799652,0.7492944618531243,0.7040192704404529,-631.5275244089484,-30.90510680066114,-12.307822227478027,0.6144650876522064,0.5678470022523768,0.1307508254722525,0.31111374222968063,0.0821929197326878,0.001280521947073511,0.22763691623401525,0.34742357959334536,0.1408947903180707,0.06835705041885376,0.02146468169198921,7.24179481039755e-05,7.73537321947515e-05,,10.729304313659668,,,,,0.8375886082649231
Model6PhysicalFix_B_soft_gate,7067000,36.99138,-91.01351,0.7199074029922485,0.8590283443696611,0.7442439245836239,-441.9887235264512,-5.183662963086706,-9.208927154541016,0.6441345810890198,0.558020044606198,0.12794430001134818,0.3474067999323181,0.09201673921898111,0.001992646540163849,0.25339454389021215,0.3479170129256816,0.11554190486875805,0.07035854458808899,0.02115040144078041,7.22746190149337e-05,7.737539999652654e-05,,19.49622344970703,,,,,0.8009346723556519
Model6PhysicalFix_B_soft_gate,7068000,36.622,-90.84762,0.7987538427114487,0.7532391623842896,0.8232522856531465,-265.17786162178976,-23.434303094745406,-10.10927677154541,0.7600153088569641,0.5562512141815109,0.13852801239105175,0.33347609490397667,0.11488838243162451,0.002494259765300193,0.21609015589498973,0.3258115304162284,0.1282834533763981,0.06059829518198967,0.018285950045533822,7.226500019896775e-05,7.739686407148838e-05,,32.363651275634766,,,,,0.8069846630096436
Model6PhysicalFix_B_soft_gate,7071500,36.64868,-91.20082,0.7088375091552734,0.809142421007459,0.7199221218273054,-275.9191086836566,-33.16737113832553,-4.699999809265137,0.66689133644104,0.5720120088227456,0.13062740050587238,0.3208538885069097,0.06900510719794539,0.0017699198186764604,0.2500758511106046,0.3577980064543401,0.1292628516954899,0.06974214315414429,0.021553833962414646,7.226847083074972e-05,7.740045839454979e-05,,15.625825881958008,,,,,0.8297004103660583
Model6PhysicalFix_B_soft_gate,7083000,39.17221,-106.38919,0.8286149501800537,0.7558139224986045,0.8658053001256705,-70.97875759202,-36.79671278648848,-16.499431610107422,0.6726706624031067,0.26259951482517474,0.06774005576739987,0.7045981478705223,0.4653527745045264,0.002440125655470205,0.2367986773043668,0.28011796910137016,0.058640152640104866,0.020812418311834335,0.01007807489384697,7.274929521372542e-05,7.7729084296152e-05,,58.43765640258789,,,,,1.3644027709960938
Model6PhysicalFix_B_soft_gate,7142300,37.87159,-98.87614,-14.632247924804688,-2.7113957568753273,0.18445753372827506,33.348747008963,-2.8327163458403244,-219.87759399414062,-17.85491943359375,0.7745574878709788,0.09634652272452134,0.040815500934967996,0.01449010632879523,0.0003808910881657698,0.025930594000095498,0.21286283968855943,0.19775713790307684,0.020441876724362373,0.011063256149639253,7.263770385179669e-05,7.760152948321775e-05,,4.853367328643799,,,,,1.5678461790084839
Model6PhysicalFix_B_soft_gate,7145700,37.24955,-97.4039,0.6911460161209106,0.7864445958039186,0.6924336501398745,-25.98642772297681,-24.83652458518329,-7.382236480712891,0.658170223236084,0.6037549512290716,0.0751170028699243,0.24011352442898262,0.19792328958184202,0.0005689034926905247,0.04161215919059539,0.1982802449210451,0.17233706096093218,0.04210171848535538,0.015912614722532442,7.239710248541087e-05,7.736070256214589e-05,,4.344252109527588,,,,,1.1154712438583374
Model6PhysicalFix_B_soft_gate,7148400,36.81503,-98.64814,0.3702515959739685,0.45478784820623075,0.38744588247458106,41.045954008080614,-68.35732476163857,-7.320738792419434,0.19636482000350952,0.7653584375237962,0.09971559957474475,0.06899288417762021,0.024023042232465545,0.0004753575639596641,0.04448226142269404,0.21362319131067647,0.18940441156550747,0.03850502893328667,0.019772054303878843,7.228158938232809e-05,7.74286818341352e-05,,6.215987682342529,,,,,1.6760272979736328
Model6PhysicalFix_B_soft_gate,7149000,37.0392,-98.47021,0.3152645230293274,0.3441251425964723,0.337712261972058,84.97644295059948,-77.67081892844917,-2.4183366298675537,0.1563977599143982,0.7479558985655255,0.10464361958751257,0.09528331812556351,0.029459363559951806,0.0006043804270465743,0.06520884783270806,0.22395534017076088,0.18493396705916038,0.05138374865055084,0.025666244324240396,7.227955211419612e-05,7.744054164504632e-05,,13.693690299987793,,,,,1.5233885049819946
Model6PhysicalFix_B_soft_gate,7151500,37.12891,-97.60144,0.41914767026901245,0.27059275822904605,0.4697433300564456,-0.7319142344163627,-61.49997884968882,-2.9860167503356934,0.33806508779525757,0.6693397727378047,0.09033975501075907,0.11068228456159693,0.05723306305841113,0.0010006313260175802,0.0524392442291111,0.2729533059321756,0.23942883312053523,0.04635831341147423,0.01913146455149913,7.232299685711041e-05,7.746463234070688e-05,,6.488800525665283,,,,,1.2869104146957397
Model6PhysicalFix_B_soft_gate,7167500,37.70821,-96.2236,0.7421434819698334,0.755182902231926,0.7433398809746297,1.4617815990659706,-27.675821889680144,-180.2512969970703,0.7266888618469238,0.5597102687680237,0.09364268309349473,0.28979679206594755,0.2165141213598592,0.0008797625405776287,0.0723956531688876,0.2216447067067109,0.16567438225943976,0.0484287403523922,0.016741807114575992,7.237616955535486e-05,7.737556006759405e-05,,9.084595680236816,,,,,0.9662218689918518
Model6PhysicalFix_B_soft_gate,7180500,38.19645,-96.82458,0.7307800352573395,0.81175510649273,0.735891708128505,54.013838390001965,-21.469532007457996,-5.146216869354248,0.7128317952156067,0.5918725307596512,0.10173997183051062,0.2593351532325386,0.156395720569176,0.0007207127702421604,0.10221128624284116,0.2509274229825766,0.17748508977149022,0.07770619541406631,0.02907585636068044,7.237267709570006e-05,7.734184328000993e-05,,9.830039978027344,,,,,1.1241737604141235
Model6PhysicalFix_B_soft_gate,7184000,37.28125,-95.03267,0.6734702885150909,0.6918116985203497,0.6766819852771608,-2.8037101171762226,-52.99533840198937,-734.281494140625,0.636172890663147,0.5224255548393603,0.08898853412769732,0.31645423149797297,0.23509183115791327,0.0016959208897778192,0.07966031914579502,0.23752350306048148,0.1741640292170549,0.052924130111932755,0.016542289631243597,7.221175474114716e-05,7.742315210634843e-05,,5.519318580627441,,,,,0.8422682881355286
Model6PhysicalFix_B_soft_gate,7195800,36.25548,-94.43394,0.3732120394706726,0.6771371483740067,0.5119944643620594,72.9307601111304,-10.29260631221887,-7.86347770690918,0.2898100018501282,0.5517286821833927,0.1387588725812788,0.35701608378103744,0.118332717239413,0.001552885154133904,0.23712771212555717,0.3272052881579013,0.13156875608151006,0.1446993052959442,0.04205436077423943,7.220030965982005e-05,7.736209954600781e-05,,17.2572021484375,,,,,0.8169668912887573
Model6PhysicalFix_B_soft_gate,7196900,35.88008,-94.48661,0.5422455370426178,0.6184916096955919,0.5483171511882711,77.0731481872546,-51.09915109322614,-89.9084701538086,0.4961029887199402,0.5051111071665947,0.09250400121885557,0.3749755933045778,0.2223583080391217,0.003999649138345039,0.14861323128869325,0.26689443783737943,0.13500659720373231,0.06317953765392303,0.017477588367029364,7.218724931590259e-05,7.744220056338236e-05,,21.887563705444336,,,,,0.7730310559272766
Model6PhysicalFix_B_soft_gate,7197000,35.9212,-94.83856,0.7889108657836914,0.8070894023013566,0.7945872964056042,-327.0775672599967,-8.803847628227532,-15.997312545776367,0.7671352922916412,0.5406890165853089,0.12482576470622739,0.3434706426613758,0.13740809887816893,0.0025099152340176062,0.20354923475019593,0.3174603206708111,0.13061314996477116,0.06117982789874077,0.017356489304584884,7.218521932372823e-05,7.742269372101873e-05,,19.250566482543945,,,,,0.7923972606658936
Model6PhysicalFix_B_soft_gate,7208500,36.37226,-104.97,-0.5115309953689575,-0.0554821569588555,0.6434955331123703,8.002377247777522,-3.7696524205555617,-25.22123908996582,-1.224066972732544,0.6027928761407368,0.1399950792066541,0.21033601925716128,0.10100683751637594,0.003938172338330284,0.1053792756159112,0.2979158661446987,0.2132569945641474,0.03176307678222656,0.019688324528420287,7.236769306473434e-05,7.760293374303728e-05,,23.00670051574707,,,,,1.7581381797790527
Model6PhysicalFix_B_soft_gate,7226500,35.43838,-103.52579,-0.05266714096069336,-0.09885083881141155,0.02806365109105337,,-90.61860320036365,,-0.05266714096069336,0.8974376522261924,0.16062516994866824,0.012019142716550983,0.0019334547084720296,0.00011527221350903253,0.009944168224442839,0.09919364294273343,0.09389373915342904,0.005477518308907747,0.005110990837635928,7.233603537315503e-05,7.774700497975573e-05,,3.0179898738861084,,,,,2.522446393966675
Model6PhysicalFix_B_soft_gate,7261000,35.2988,-92.40393,0.7751237154006958,0.7926935054224789,0.7967766280358551,60.74280258481743,-13.155133016705687,-217.98373413085938,0.7356689870357513,0.48032651489260497,0.09097153213516214,0.4173047960831517,0.29481994786744947,0.003939175582825077,0.11854142290852086,0.22038744234252733,0.11795443093136265,0.06129902973771095,0.01624797991563586,7.218322571134195e-05,7.74384752730839e-05,,8.438368797302246,,,,,0.774526059627533
Model6PhysicalFix_B_soft_gate,7263295,34.8762,-92.77461,0.7721265703439713,0.7872038077666573,0.775304872252305,37.81369934702048,-30.64319918013372,-1785.386962890625,0.7379764020442963,0.4697654591424964,0.08108676789361308,0.3590047667745939,0.23513063109247673,0.002592255510161306,0.12127726564826419,0.2933506177990159,0.1799614745733728,0.031994059681892395,0.00815073805929276,7.23884004401043e-05,7.73417777963914e-05,,5.8769450187683105,,,,,0.8590078949928284
Model6PhysicalFix_B_soft_gate,7290650,32.01778,-90.87694,0.8061331361532211,0.7772851170103171,0.8104457226768434,-70.67160074990713,-25.23426019607689,-19.667438507080078,0.7750612050294876,0.5178980962936737,0.08901965575486392,0.3373200763755634,0.21520843468829196,0.003120935142824745,0.11898643226183338,0.2651813076438715,0.16172307718792547,0.06370300054550171,0.01569589311830316,7.240728882607073e-05,7.739957800367847e-05,,4.606684684753418,,,,,0.8238686323165894
Model6PhysicalFix_B_soft_gate,7291000,31.50306,-90.7775,0.6211008727550507,0.5840279575116218,0.6348196392011715,-127.65749174945893,-57.703277282630445,-40.28574752807617,0.5941745340824127,0.5099073882483094,0.09148936133798241,0.3579456525515554,0.1937786919377356,0.00324408804136551,0.16091905850652255,0.2938568724673265,0.14881609468059198,0.06676793098449707,0.016028087602498558,7.23708508303389e-05,7.734508835710585e-05,,10.093395233154297,,,,,0.7468437552452087
Model6PhysicalFix_B_soft_gate,7292500,31.32472,-91.10944,0.790214478969574,0.8878532393146552,0.8002114862005075,-205.42994487266847,-32.82582035896661,-9.239828109741211,0.7614336162805557,0.5115084166031874,0.08918528588287716,0.3074361691317168,0.18128632250503626,0.0041798434427887604,0.12196567621752187,0.30366225044405265,0.1959700403789399,0.05958181992173195,0.014430515808170638,7.240765262395144e-05,7.738203566987067e-05,,8.375998497009277,,,,,0.8165513277053833
Model6PhysicalFix_B_soft_gate,7295000,31.22694,-91.29556,0.6287539899349213,0.7563418396382335,0.63378845627557,-142.08612620125612,-46.512045114113874,-17.875106811523438,0.5825462639331818,0.501434786707902,0.07014797591847546,0.3399783168945086,0.20141931754939363,0.0034244500568954717,0.13513002020613787,0.2946238590806716,0.1735425182687837,0.05954701453447342,0.014162961300141863,7.224651199067011e-05,7.736544648651034e-05,,5.250214576721191,,,,,0.8112491965293884
Model6PhysicalFix_B_soft_gate,7299670,34.35452,-99.74037,0.23038220405578613,0.01691708475474596,0.25557003726989114,-202.85148899373905,-83.29571101262438,-11.291770935058594,0.20243322849273682,0.8400603970728191,0.07886580073685318,0.02563621122912773,0.013535643589972042,0.00013674552718271696,0.01194650433873152,0.16350946959396043,0.15947143778640147,0.013467283919453621,0.007995182945101709,7.223739521577954e-05,7.741341687506065e-05,,1.41594398021698,,,,,2.336527109146118
Model6PhysicalFix_B_soft_gate,7301410,35.4731,-100.12095,-8.619352340698242,-1.6211677227556822,0.3272544111528884,71.81889509424637,58.70980648103031,-6.420640468597412,-10.800518989562988,0.816780176461607,0.08293103717705352,0.048888301061299516,0.02381486712057914,0.0011669216389366436,0.023890995515499044,0.17190712821521043,0.16113131757450921,0.021881386637687683,0.012962462016312805,7.23216071492061e-05,7.75891967350617e-05,,2.612553596496582,,,,,1.7208592891693115
Model6PhysicalFix_B_soft_gate,7301500,35.16811,-99.50731,-0.5116429328918457,0.33657234887474796,0.26469115990606,86.39638711169344,-54.73595228751418,-28.532045364379883,-0.873955249786377,0.7966164424171491,0.10912353014410274,0.04802215566949333,0.0190957006721425,0.0005143622715273785,0.028397360032287166,0.19311624036557057,0.17928834188072115,0.024296503514051437,0.0140024145009552,7.2307295340579e-05,7.757730782032013e-05,,11.35275650024414,,,,,1.7940685749053955
Model6PhysicalFix_B_soft_gate,7315200,33.81288,-98.08504,0.4682118892669678,0.36713989016195614,0.547047944860089,,-42.74146981187539,,0.4583778977394104,0.7320494334538797,0.059955650593623386,0.08122722104186013,0.06683499977574044,0.0011157950206796394,0.013263067843918662,0.2008687358903354,0.20246039742118108,0.03260643407702446,0.01519468767494323,7.223978900583461e-05,7.740952423773706e-05,,1.5560628175735474,,,,,1.7076609134674072
Model6PhysicalFix_B_soft_gate,7315700,34.00426,-97.56697,0.5248850286006927,0.6160520967915954,0.5952343930980943,21.691914969978857,-39.88313871371801,-6337.2294921875,0.4890260696411133,0.6875596964759186,0.07313760949910854,0.1550626826109017,0.11092800279080557,0.001763803922663487,0.04236055937190092,0.20310494352005337,0.18095884341009347,0.04871426522731781,0.020477834606708302,7.222603016998619e-05,7.744569302303717e-05,,2.764930486679077,,,,,1.226706862449646
Model6PhysicalFix_B_soft_gate,7335700,34.63844,-94.61272,0.46843093633651733,0.6898062856524622,0.5089874989557233,47.04630074231221,-59.776135156138785,-742.5567016601562,0.39967119693756104,0.42674486057259503,0.08081195710394326,0.49431241774043055,0.3476501681789202,0.003103401518706613,0.1435551765040675,0.22301950252969555,0.08415691594337532,0.020086945965886116,0.00481832976486846,7.243912114063278e-05,7.732363883405924e-05,,7.491037368774414,,,,,0.6699548363685608
Model6PhysicalFix_B_soft_gate,7340300,34.37955,-94.23576,0.7263637483119965,0.7778408084785307,0.7405138408821037,-181.03721567736318,-38.075347705525765,-31.152915954589844,0.6736927926540375,0.4534213776904194,0.10792005378022637,0.4885157158538519,0.2635575750881276,0.002705267518240858,0.22225036235411055,0.28136836613728755,0.06515522319516885,0.026053447276353836,0.006143869907644886,7.226868183352053e-05,7.733693928457797e-05,,6.4454874992370605,,,,,0.6570043563842773
Model6PhysicalFix_B_soft_gate,7346045,32.77792,-94.35742,0.7704401463270187,0.8547408524196096,0.7761710309825652,67.96986845377546,-38.74491855597706,-24.968181610107422,0.6705806851387024,0.5565852353911489,0.07853662255922077,0.2687543224769608,0.15040108656099274,0.007289539648582812,0.11105827034009146,0.28805140143734737,0.19830918406246878,0.07598995417356491,0.021481575238836533,7.22231125109829e-05,7.750057557132095e-05,,6.01299524307251,,,,,0.8772466778755188
Model6PhysicalFix_B_soft_gate,7359610,34.38278,-93.60611,0.7634539306163788,0.8793971900312921,0.7782408089844898,-248.1886681690063,-31.003609945431553,-7.7723588943481445,0.7266915142536163,0.45961820725528557,0.09845625471888424,0.45197125213627776,0.25234552387733944,0.002957785749274619,0.19666488077911892,0.28766533063033123,0.09647353936679232,0.02314789406955242,0.00557894424297842,7.233729411382228e-05,7.736569386906922e-05,,9.706527709960938,,,,,0.6817042231559753
Model6PhysicalFix_B_soft_gate,7362100,33.37596,-92.77711,0.7106034457683563,0.6860219080779764,0.7235048581534903,80.69587446069131,-59.212512886533844,-156.94674682617188,0.6460001766681671,0.510440681013671,0.07870613106464765,0.3133103337036493,0.20205772301399658,0.004188166870310533,0.10705929962690133,0.284810777176198,0.18924367060037647,0.04380208998918533,0.011603920705531205,7.228034519357607e-05,7.736495172139257e-05,,5.265211582183838,,,,,0.8021483421325684
Model6PhysicalFix_B_soft_gate,7362587,34.79759,-92.93351,0.6975847780704498,0.7400342141679429,0.6986565033622207,35.44267544124126,-43.66214377495552,-497.318603515625,0.6603951454162598,0.4420535101072832,0.07618712334607507,0.41389812690556477,0.28664155568869376,0.0028608547137666555,0.12439144415916188,0.2694655350108177,0.15115115023694117,0.026186656206846237,0.006314424958890945,7.22482509445399e-05,7.735085091553628e-05,,6.80644416809082,,,,,0.7499767541885376
Model6PhysicalFix_B_soft_gate,7373000,31.53629,-92.40847,0.7076166570186615,0.850931732365408,0.7446665223716998,-81.52938299278301,-4.041835662881355,-4.0701141357421875,0.6733546257019043,0.4944082687835344,0.07703398927929266,0.2662184240043448,0.13967231257625137,0.002953510939058907,0.12358789312185944,0.36651696154892394,0.2570846549950982,0.05865182355046272,0.014123249614520982,7.222694694064558e-05,7.735358667559922e-05,,3.897535562515259,,,,,0.8045604228973389
Model6PhysicalFix_B_soft_gate,7375000,30.61602,-90.24869,0.6518505215644836,0.7639815183546759,0.6548905504486802,-496.52164578429165,-48.811830258551126,-16.286985397338867,0.6180798411369324,0.4976074044352864,0.08586635897287938,0.32686275672348286,0.17360704330673274,0.00611359044613644,0.14713848423978237,0.3197300714663579,0.19377473742482368,0.09627334028482437,0.02140698044610949,7.221494888653979e-05,7.742422167211771e-05,,7.321811199188232,,,,,0.8055567741394043
Model6PhysicalFix_B_soft_gate,7376000,30.5038,-90.67732,0.7881342768669128,0.8625623920490216,0.7935443369961662,-341.3133279246145,-35.872722809968394,-20.863189697265625,0.7469204366207123,0.5081753121900868,0.08735548179481471,0.3131329514865713,0.19656791272845028,0.007048439429051387,0.10951251796231455,0.2871520977959481,0.19317707300289422,0.06149335950613022,0.013965401040296302,7.24589845049195e-05,7.75210210122168e-05,,5.850708961486816,,,,,0.8577943444252014
Model6PhysicalFix_B_soft_gate,8013000,30.99602,-92.67375,0.7369195222854614,0.7687073639921109,0.7636324292733447,-289.7620823458701,-25.186388883692644,-49.13072967529297,0.6392345130443573,0.4994246754203215,0.08010401362437841,0.3710263928642609,0.2654265170248558,0.006903718768971003,0.09869206965808819,0.23157492555149314,0.1419508130147266,0.039354294538497925,0.009187098007189165,7.21864853403531e-05,7.752722012810409e-05,,7.237825393676758,,,,,0.7452825307846069
Model6PhysicalFix_B_soft_gate,8014500,30.69875,-92.89319,0.7181068658828735,0.7372360324222552,0.7921395509335202,-356.2197179298703,-25.704067241238672,-16.02985382080078,0.656722754240036,0.5005581014495417,0.07965498586955298,0.35032408907051393,0.22815804176543514,0.006891852846212144,0.1152703146782179,0.26754070715951017,0.16401829238524876,0.052115388214588165,0.011836154477396912,7.218455721158534e-05,7.747733616270125e-05,,6.6056809425354,,,,,0.7312223315238953
Model6PhysicalFix_B_soft_gate,8023080,31.97933,-93.93408,0.759586751461029,0.6964280172423993,0.7702013352542297,-37.01030285425588,-48.21218617874223,-14842.228515625,0.7319011986255646,0.5268933326638612,0.0708426995068528,0.30932840995387445,0.2197273960713385,0.0050980008898094745,0.08449772526589909,0.2507601682067286,0.17730736627246893,0.04339974373579025,0.011195915233324855,7.230455230455846e-05,7.746033952571452e-05,,3.062169313430786,,,,,0.8007395267486572
Model6PhysicalFix_B_soft_gate,8025500,31.30713,-93.51573,0.7404389381408691,0.7398409531792187,0.7425367534263746,9.700522474317381,-42.44392295477385,-19.459964752197266,0.7059397399425507,0.5168794187905102,0.06165314933802479,0.30514519794419825,0.22847452304894889,0.005246450353312546,0.07141868317613703,0.2524270486960726,0.18774500910160288,0.02700933814048767,0.006880267894325151,7.22128534107469e-05,7.742649904685095e-05,,2.7371575832366943,,,,,0.8051947951316833
Model6PhysicalFix_B_soft_gate,8029500,30.81889,-93.78556,0.6611544787883759,0.6937886147399641,0.6636916438291969,-207.59771234484654,-29.103019552372217,-11.738183975219727,0.6327735483646393,0.525601518519023,0.07945920333638266,0.32333183486376327,0.14672265668525258,0.006932503878905496,0.16967282934108208,0.3232378530528785,0.1736939519113521,0.0825725868344307,0.020227295282510414,7.22828262951225e-05,7.741111039649695e-05,,2.945244550704956,,,,,0.8499360680580139
Model6PhysicalFix_B_soft_gate,8050800,33.55455,-96.94723,0.5786430835723877,-0.11567613467951454,0.6340221541285044,,-32.50634566245321,,0.5755714774131775,0.6061468302307311,0.06555459704652988,0.27315797417450244,0.2198679516161057,0.0023400658265903354,0.05094117893614703,0.16926344155036158,0.14650327795656123,0.07713960111141205,0.028388476536505856,7.268329500220716e-05,7.735405233688653e-05,,4.511358261108398,,,,,1.1143683195114136
Model6PhysicalFix_B_soft_gate,8066200,30.71631,-94.95882,0.5905274152755737,0.7975468945245607,0.6510247815207305,74.16221087896753,-14.780036623255876,-13.221372604370117,0.5510744154453278,0.5291301512207873,0.05485867399830539,0.2263979881606889,0.18388331144534645,0.003390066055620258,0.03911798586142212,0.28643517717505235,0.25700336674252144,0.0367179699242115,0.009851555530736099,7.226356683531776e-05,7.741170702502131e-05,,2.4213600158691406,,,,,1.0187830924987793
Model6PhysicalFix_B_soft_gate,8066300,30.48139,-94.77972,0.4746977686882019,0.6208351552925118,0.588760688259559,-187.27304702416754,-20.74098022307188,-36.98688507080078,0.3651736378669739,0.5587529496387704,0.10873095121554754,0.28859949387489714,0.11678924024141854,0.004833490627135294,0.1669729869635876,0.32247179274398863,0.17764092673113657,0.08730557560920715,0.022265593606961384,7.250369526445866e-05,7.744031609036028e-05,,6.660893440246582,,,,,1.053987979888916
Model6PhysicalFix_B_soft_gate,8070000,30.3366,-95.1041,0.6688268482685089,0.7088050055563087,0.6735110374087211,-150.08672820505288,-35.81362874847991,-29.213499069213867,0.6308214962482452,0.5680452275291238,0.08259280760395439,0.24882210624908357,0.15134856179010922,0.0051741207067412375,0.09229387919176564,0.2784931837519239,0.20228258527666476,0.05796404182910919,0.016219300512901845,7.241118873935193e-05,7.745070615783334e-05,,4.9288506507873535,,,,,1.0094950199127197
Model6PhysicalFix_B_soft_gate,8070200,30.14549,-95.12438,0.6608377993106842,0.7469948879833773,0.6774911764630623,-64.08465365701547,-35.793434990147695,-26.2156982421875,0.6027132868766785,0.5705707067595046,0.08856407665290529,0.24946419372727832,0.14734105613408097,0.005273516544457453,0.09684429108386222,0.2794605705835233,0.20053873929385668,0.06530185043811798,0.018060299463922607,7.225169974844903e-05,7.747931522317231e-05,,5.179908752441406,,,,,1.0949372053146362
Model6PhysicalFix_B_soft_gate,8079600,33.03843,-101.19763,0.05256861448287964,0.43048850868823485,0.2087730374108995,,-67.56848247001658,,0.029065847396850586,0.8448604201530124,0.08999177275152188,0.023871431915553736,0.016020665914242938,9.689041408791141e-05,0.007732111523151198,0.14913013770825426,0.14714446473503398,0.008916201069951057,0.006210622352534323,7.268398621818051e-05,7.754386751912534e-05,,2.3972079753875732,,,,,2.609081506729126
Model6PhysicalFix_B_soft_gate,8082700,33.32927,-99.46508,0.1721077561378479,-0.01242021929406234,0.19365025130311647,,-89.38857110883454,,0.1721077561378479,0.8160899280557609,0.05334554668998179,0.023977749276345533,0.01927664648525998,0.0002356749028496683,0.004447644590075354,0.16891635516417872,0.1707952398066533,0.01199999637901783,0.006711997205325459,7.225402077892795e-05,7.748411007924005e-05,,0.637383222579956,,,,,1.99858820438385
Model6PhysicalFix_B_soft_gate,8086212,32.7329,-99.14063,0.5147041976451874,0.5639638384464534,0.516726985356879,,-46.3228530096657,,0.5417157411575317,0.795305860806037,0.07545850099342304,0.049627754533789044,0.031656007097817684,0.00037798833966048333,0.017578199636975378,0.17747559469418445,0.1701904363216367,0.019669370725750923,0.010622462177395004,7.222079148050398e-05,7.748077769065276e-05,,1.5484302043914795,,,,,1.7090365886688232
Model6PhysicalFix_B_soft_gate,8086290,32.64846,-99.00451,0.639786422252655,0.7891141587238126,0.6532560115980677,,-8.903608565039615,,0.631620854139328,0.7734098560811291,0.06643302389096764,0.05565348981212187,0.04535419406952346,0.0005480891351387612,0.009735673391670186,0.18495545957748105,0.18655245961489048,0.022856850177049637,0.011672309994040888,7.221958367154002e-05,7.745919720036909e-05,,1.7986626625061035,,,,,1.7712270021438599
Model6PhysicalFix_B_soft_gate,8101000,31.28489,-97.88502,0.7413842380046844,0.6856648343793115,0.7499121331360258,42.105472418240666,-32.147808061573805,-285.6601867675781,0.7230207324028015,0.6931669570904031,0.08007900397381908,0.11530032401886185,0.08037636580662239,0.00046276399342381845,0.03445006702144369,0.22814078267319945,0.21082355877441233,0.04102994129061699,0.017399597652140643,7.229437323985621e-05,7.737667328910902e-05,,3.5372273921966553,,,,,1.3778069019317627
Model6PhysicalFix_B_soft_gate,8103900,30.91157,-98.03697,0.4405704736709595,0.6271960008889603,0.4665070924422871,,-64.2081783529016,,0.3828004002571106,0.6883480158706347,0.0810279095785389,0.15354390044746477,0.10059909684503153,0.0007348462751809625,0.05219985223548711,0.2079992068780751,0.18073004246034355,0.061493996530771255,0.025247871640702742,7.223895954666659e-05,7.737091073067859e-05,,3.9354114532470703,,,,,1.360047459602356
Model6PhysicalFix_B_soft_gate,8104900,30.62575,-97.69112,0.4352629780769348,0.4117034904225272,0.4497070237424262,63.66558140436159,-69.36147522904324,-21.81084442138672,0.40677785873413086,0.681293478762649,0.10120294566786105,0.15048922938660014,0.07959893199493413,0.00044622108709047536,0.07043479256755888,0.23556540726340008,0.18514528931866467,0.05161759629845619,0.020441931530332448,7.23810589988716e-05,7.737628766335547e-05,,9.58756160736084,,,,,1.330030083656311
Model6PhysicalFix_B_soft_gate,8109700,30.33938,-96.9047,0.6330017447471619,0.6194236540956497,0.647322003377879,52.1030441097709,-46.30300535587682,-5.485507488250732,0.5990706384181976,0.6787280184284709,0.07958493410975254,0.11343161916089872,0.06941849860640745,0.0019464525605148823,0.04205648069608768,0.25086524410387356,0.22825724851191656,0.05047252029180527,0.01971089306166179,7.22391705494374e-05,7.7577140473295e-05,,3.5813064575195312,,,,,1.2855031490325928
Model6PhysicalFix_B_soft_gate,8150800,30.64352,-99.09588,0.04000663757324219,-0.3096762088451914,0.23331155674925616,67.7018362238758,-55.411272393370695,-259.5526123046875,0.022867262363433838,0.7429600737923914,0.09891862637997026,0.13735797583361595,0.05958408685837429,0.0010103481119385187,0.07675402623367754,0.19783936121036524,0.14781381311656888,0.057864781469106674,0.02738034775769249,7.22472759662196e-05,7.741755689494312e-05,,17.601831436157227,,,,,1.5912840366363525
Model6PhysicalFix_B_soft_gate,8155200,30.29632,-97.92557,0.4325469136238098,0.6814430141626127,0.48907820793131523,42.29355722876524,-49.68266254886486,-142.9522705078125,0.35133451223373413,0.6729298171139936,0.10489837345595732,0.19419769617146282,0.10756712514239458,0.0009590684421775702,0.0856625278156305,0.21273113010771746,0.1562257265933798,0.07505648583173752,0.02971404551037942,7.247236499097198e-05,7.740204455330968e-05,,10.607002258300781,,,,,1.3482152223587036
Model6PhysicalFix_B_soft_gate,8158700,30.08299,-98.00779,0.2912536859512329,0.5696702134298122,0.5921393368534722,-8.526930834078433,-15.18231055342547,-13726.1474609375,0.16392946243286133,0.6585079216657183,0.09631355352602525,0.22609726761897483,0.10886271890821038,0.0010845203351328159,0.11614239416034404,0.22526027452310193,0.14383525334063593,0.09149784594774246,0.03544611687128262,7.21814576536417e-05,7.742166781099513e-05,,14.875968933105469,,,,,1.3165522813796997
Model6PhysicalFix_B_soft_gate,8158810,30.15549,-97.94001,0.32004672288894653,0.617428812455207,0.43829546509024975,-13.166387570900584,-40.70716470511167,-4782.08544921875,0.2357172966003418,0.6501585981188173,0.08803624898441864,0.20049389417510122,0.1335592843962644,0.0012825319236212326,0.06564237613432286,0.20967545456628287,0.1743105942979403,0.07792162895202637,0.03081932080738938,7.191386248450726e-05,7.743720198050141e-05,,10.942730903625488,,,,,1.3460084199905396
Model6PhysicalFix_B_soft_gate,8164000,28.95998,-96.68637,0.7816049158573151,0.7975715856354344,0.7836474836163541,26.61439425169141,-31.924648217971004,-13.059188842773438,0.757519543170929,0.5913702540845993,0.05606035445408269,0.19683427879326584,0.17514491100208326,0.002030546674375442,0.019649696221831783,0.22645822213268355,0.23210881428610702,0.07578618824481964,0.02557816718149071,7.25617865100503e-05,7.743333117105067e-05,,2.249274253845215,,,,,1.6174240112304688
Model6PhysicalFix_B_soft_gate,8164300,29.46691,-96.81276,0.7492235898971558,0.8282760354043954,0.7502021542436388,57.304151601241045,-24.906517706442273,-0.789802074432373,0.7350905239582062,0.6070450187038555,0.051292605908069895,0.16839034166384714,0.15047372867113212,0.0016660955072449548,0.01624061286104898,0.23613575716986404,0.24508744871434138,0.07163535803556442,0.02544128692148052,7.253890362335369e-05,7.739613647572696e-05,,1.6788232326507568,,,,,1.6557399034500122
Model6PhysicalFix_B_soft_gate,8164600,28.89138,-96.81915,0.7632255852222443,0.8004285416754154,0.7673758126068752,46.28022756220673,-27.221650218316483,-1269.2784423828125,0.7472244501113892,0.5662897830465411,0.0532360474915996,0.2409772960136358,0.20780554407991425,0.0028502422253290052,0.030313134532667048,0.2187770314051064,0.2091735583212611,0.06571951508522034,0.021016329676099645,7.218985410872847e-05,7.742743036942557e-05,,4.3163533210754395,,,,,1.2175147533416748
Model6PhysicalFix_B_soft_gate,8165300,30.0641,-99.38699,-0.0689704418182373,0.07937817646569201,0.1609173684953819,-38.09024157228286,-61.6130233111226,-47.108375549316406,-0.0690840482711792,0.7251362226764868,0.07679035980542441,0.18195135804701218,0.07839332230235035,0.0011752644992158103,0.10237439519140513,0.198879477965089,0.12825957932895204,0.06947159022092819,0.03157252847011007,7.223468128358945e-05,7.738914428045973e-05,,18.727752685546875,,,,,1.5009686946868896
Model6PhysicalFix_B_soft_gate,8171300,29.97938,-97.91,0.6355974078178406,0.785269743446492,0.6616501440019923,-67.06920740427967,-28.14567703124932,-26.633926391601562,0.6007757484912872,0.6495868433954112,0.09362538338510724,0.1821336650854124,0.0882717101906512,0.0005814116333095873,0.09327246608321829,0.2568934318963661,0.1945612040183831,0.0818597823381424,0.0318205135524401,7.234945223899558e-05,7.738833664916456e-05,,18.32505226135254,,,,,1.8259141445159912
Model6PhysicalFix_B_soft_gate,8175000,29.21525,-97.44943,0.705165684223175,0.6801298371368647,0.7223546059446989,59.729601961350745,-48.684539561673496,-111.48985290527344,0.6889003217220306,0.6837137474045188,0.06385288043592355,0.11963613320689596,0.09491183339194248,0.0018613847842720247,0.022850896671366604,0.21389151802020173,0.2119604979588403,0.050771161913871765,0.021280940137761748,7.232637290144339e-05,7.755565457046032e-05,,2.5709500312805176,,,,,1.4254364967346191
Model6PhysicalFix_B_soft_gate,8176900,28.86165,-97.22638,0.41058093309402466,0.623896141173652,0.4414869249753536,70.0432254767922,-47.518663358148046,-23.339935302734375,0.3879117965698242,0.6484784058839801,0.06219107224528173,0.12330353379584184,0.10958612915976548,0.0018016926053078335,0.01190437212987305,0.23403567873479528,0.23893301122837468,0.04419311136007309,0.017104027249003367,7.218655082397163e-05,7.752873352728784e-05,,3.137824296951294,,,,,1.5571224689483643
Model6PhysicalFix_B_soft_gate,8178880,29.72384,-99.07004,0.4490540027618408,0.3548319550601913,0.5639560215280789,43.761148037364585,-58.450712565209514,-5.0164031982421875,0.44100403785705566,0.6668160353999629,0.07293450025699581,0.25062052178402333,0.14073672416011038,0.0015151421901165617,0.10836137139565515,0.19189368911646948,0.1132864662251158,0.07536736875772476,0.030085892417229136,7.231660129036754e-05,7.739941065665334e-05,,16.646188735961914,,,,,1.3662153482437134
Model6PhysicalFix_B_soft_gate,8189500,28.29195,-97.27916,0.6703150570392609,0.7641449565567049,0.7479705794486678,50.98137256880371,6.393053037499936,-28.360158920288086,0.6501308679580688,0.6475570770730248,0.06324731344848854,0.11857515780487858,0.0977344081739517,0.0012444425896061093,0.019584491614175047,0.247495381544218,0.24358051147335155,0.039570488035678864,0.01628175715466455,7.240326522151008e-05,7.748583448119462e-05,,5.287370681762695,,,,,1.994992733001709
Model6PhysicalFix_B_soft_gate,8190000,29.42857,-99.99729,0.37876397371292114,0.29306885781761705,0.43265158230231787,-41.13244853208586,-78.01935665295481,-2.9781479835510254,0.34894800186157227,0.7625147289015367,0.09284417841191636,0.132876548028049,0.04807040262667558,0.0006216894927061776,0.08417399148897892,0.1942467095106889,0.13714103060847288,0.05195446312427521,0.027313444845856627,7.231115887407213e-05,7.737224223092198e-05,,21.15241241455078,,,,,1.7726749181747437
Model6PhysicalFix_B_soft_gate,8190500,29.47273,-100.23646,0.17320764064788818,-0.26016499382596003,0.18395826275546992,52.14989893158929,-76.06721099771349,-32407.267578125,0.16882914304733276,0.7633213647141136,0.07118106706961558,0.07684702598437439,0.03319977856434874,0.0003596929370089667,0.04327285658063513,0.20711616200878455,0.18265581878959847,0.0354510135948658,0.01932772628221324,7.240482955239713e-05,7.753698446322232e-05,,7.728707790374756,,,,,2.302516222000122
Model6PhysicalFix_B_soft_gate,8194200,27.96501,-98.96697,0.13635146617889404,-0.29188354548206297,0.216132092478004,,-94.68194289277864,,0.11507177352905273,0.8583131195049547,0.06938105912712692,0.012266121633348066,0.010989011473416212,7.600893471619307e-05,0.0011771948668917024,0.1291934251634304,0.13157136989622426,0.00598573824390769,0.004119280172952809,7.225567969726399e-05,7.751811790512875e-05,,4.9903657782124355e-05,,,,,2.590341329574585
Model6PhysicalFix_B_soft_gate,8195000,29.48857,-99.70478,0.4630852937698364,0.4552880759851081,0.48189061842224173,9.192264284446805,-63.11176236332013,-7.287225723266602,0.444993257522583,0.7224966947891304,0.07302017767086698,0.1956982975822067,0.08169685005054549,0.0011771023956567534,0.11281619443356057,0.20025199432717475,0.11569527136942034,0.06200568005442619,0.028338273160710227,7.227062451420352e-05,7.739105058135465e-05,,20.733688354492188,,,,,1.5315053462982178
Model6PhysicalFix_B_soft_gate,8196000,29.50468,-99.78145,0.29576897621154785,0.2596682486106261,0.3000624575160278,-10.106854858453834,-70.99017407757165,-34.711788177490234,0.2785381078720093,0.7290991899690605,0.046700423994638904,0.19925017616119733,0.08370324740485742,0.001122824092174578,0.11441537128085927,0.19122755195633825,0.10670878259327227,0.06214486062526703,0.03007883429252904,7.224861474242061e-05,7.738875865470618e-05,,12.96270751953125,,,,,1.6401580572128296
Model6PhysicalFix_B_soft_gate,8198500,29.31431,-99.48047,0.6202054619789124,0.255520050779968,0.6355776302209954,68.04162396536378,-44.17135305101294,-1231.572509765625,0.6178652346134186,0.7330302303523122,0.10308521912907141,0.1275785507252848,0.0695507193446699,0.0006784246891971204,0.057338024859526104,0.20065523521603543,0.16309306925814346,0.046708665788173676,0.020894776875499527,7.239477417897433e-05,7.74144718889147e-05,,11.351555824279785,,,,,1.5156214237213135
Model6PhysicalFix_B_soft_gate,8200000,29.56967,-99.24671,0.5270906388759613,0.4573264554942754,0.5929376890265198,65.44393085544229,-52.4543018913096,-596.7161254882812,0.5181573927402496,0.667195994503776,0.06349796234407158,0.22493958487812135,0.1409049104637937,0.00115118830770541,0.08287384126256184,0.1919725273727651,0.1366268726344976,0.06763584911823273,0.027782072160342845,7.219877443276346e-05,7.74059008108452e-05,,10.910407066345215,,,,,1.4183858633041382
Model6PhysicalFix_B_soft_gate,8202700,29.37079,-99.28782,0.5536035895347595,-0.9016382519340738,0.5630254742924484,,-24.941049970331594,,0.5536035895347595,0.7245069862652128,0.09677180016399174,0.10520305880375506,0.0715342496115901,0.0008917931854755472,0.03276419291828597,0.20507185263367786,0.1878741900271807,0.037563506513834,0.01683614712809953,7.244391599670053e-05,7.745722541585565e-05,,11.185168266296387,,,,,1.5400289297103882
Model6PhysicalFix_B_soft_gate,8267500,36.54169,-105.5564,0.6355774402618408,0.6639482033825305,0.6727926069572648,47.322473469984224,-27.56625716393062,-1.3949599266052246,0.4213530421257019,0.4955908612331319,0.10259916634660081,0.3710465722478061,0.18840797654781238,0.003710454618598522,0.17891707863093637,0.31709552088534637,0.1524645855542274,0.019613152369856834,0.012481946314803694,7.270009518833831e-05,7.771320815663785e-05,,44.65211868286133,,,,,2.119124174118042
Model6PhysicalFix_B_soft_gate,8269000,36.43947,-105.50362,0.5952497720718384,0.6940542612905234,0.7436551984076847,3.6012571930920703,-36.94256243136706,-2.9080653190612793,0.3521689772605896,0.5831844781751806,0.09634444102894155,0.2797447032305069,0.1836225530458256,0.0030252673555938125,0.09308282226938275,0.2355989654037499,0.16472250558145804,0.031799037009477615,0.021779940029845908,7.265986641868949e-05,7.763494068058208e-05,,11.232320785522461,,,,,2.454509973526001
Model6PhysicalFix_B_soft_gate,8271000,36.50836,-105.53084,0.6110096275806427,0.6180024362863957,0.6835592075208029,-113.91859945871339,-12.85363793433202,-5.691305160522461,0.3281123638153076,0.4595675175604214,0.08469677802583894,0.43585965560076023,0.24881241156824524,0.0035669120709935524,0.1834695105524438,0.292266218597451,0.13782415044799426,0.04448164626955986,0.028060255222027233,7.276362157426775e-05,7.769181684125215e-05,,29.84123992919922,,,,,2.3773505687713623
Model6PhysicalFix_B_soft_gate,8324000,35.66169,-106.74337,0.3116873502731323,0.36005275066429243,0.6702284684543265,-25.790480154845365,-32.056702822638556,-60.61405944824219,0.04885464906692505,0.6553885063256851,0.12818158852674252,0.14084279760334512,0.04448996542275508,0.002642813955932206,0.0936958388165708,0.3008450881815765,0.22083884183917388,0.0188682209700346,0.013374560977769893,7.246012683026493e-05,7.759705476928502e-05,,24.48328399658203,,,,,1.9999802112579346
Model6PhysicalFix_B_soft_gate,8377900,35.77725,-105.65807,0.8003584742546082,0.7915777893644901,0.8246912256673337,26.514363203480393,-37.13327855398094,-30.818912506103516,0.71419757604599,0.4437586555327772,0.08618535396037569,0.3673390594065696,0.1730082768940903,0.00852623404168258,0.18579544860042885,0.3769935518382801,0.20055504713318292,0.01717839390039444,0.00900393198479541,7.262483995873481e-05,7.786726928316057e-05,,54.53431701660156,,,,,1.4979047775268555
Model6PhysicalFix_B_soft_gate,8378500,35.70837,-105.68252,0.6253216862678528,0.665134386912893,0.7902660471846371,-24.812517930383315,-3.2382243177160372,-4.551712989807129,0.4001712203025818,0.4730703464310462,0.08813849223198303,0.336977206111149,0.19750281190538543,0.00786581148430858,0.13159783210944634,0.32385820799631376,0.20353078212529785,0.02043713815510273,0.011212660661448548,7.25665086065419e-05,7.788680522935465e-05,,21.086030960083008,,,,,1.6027706861495972
Model6PhysicalFix_B_soft_gate,8380500,35.65199,-105.3189,0.39319729804992676,0.6166612764354229,0.43489154850993916,-31.925849226200096,-87.5899483880819,-13.61382007598877,0.1281440258026123,0.6242760197478748,0.0968674193582458,0.18062741470451044,0.06427306455047804,0.004185013214054152,0.11215781088202403,0.3101256573212591,0.2092927082066974,0.017722750082612038,0.010716462052657263,7.26844446035102e-05,7.777346763759851e-05,,16.794261932373047,,,,,1.747545599937439
Model6PhysicalFix_B_soft_gate,9034900,39.76026,-105.9064,0.870738685131073,0.9145560589650962,0.8782258850648206,-112.49823307001991,-32.49003216226688,-44.13621520996094,0.7725682556629181,0.2336550231067072,0.05403561156445592,0.6740721928473292,0.4769815562679545,0.004941932905546997,0.1921417939964195,0.28710194706968095,0.10747958213636427,0.029671071097254753,0.01155123179392703,7.261869905050844e-05,7.784236368024722e-05,,31.13970947265625,,,,,1.1594419479370117
Model6PhysicalFix_B_soft_gate,9035800,39.80054,-106.02641,0.7064173519611359,0.4335712883796169,0.8942765080558921,-53.924916153513756,-15.891665950984157,-70.50377655029297,0.5590973794460297,0.29547492537956044,0.06407618024836445,0.5669359682293699,0.2729356083290555,0.00917476312191345,0.284819687197359,0.42524736103202826,0.15138572457064442,0.022906865924596786,0.009284220459856088,7.269020716194063e-05,7.783262844895944e-05,,125.63402557373047,,,,,1.5542550086975098
Model6PhysicalFix_B_soft_gate,9035900,39.79582,-106.03057,0.8959330692887306,0.860768782858718,0.9139720836031839,-89.81437482032443,-19.13359578836455,-5.326962471008301,0.8199640363454819,0.3055928690737166,0.06546774696186926,0.5451882937270076,0.2879235495335827,0.009301319663278506,0.24795664047342816,0.40060414850543213,0.16310738391544174,0.02044890820980072,0.008617383350981936,7.257845572894439e-05,7.785842171870172e-05,,84.4024658203125,,,,,1.4387099742889404
Model6PhysicalFix_B_soft_gate,9047700,39.59443,-105.97252,0.7867245823144913,0.7599105884313885,0.802225217114675,27.66182983969407,-59.97491769103235,-10.040365219116211,0.7056999802589417,0.3757753059191472,0.08967164591595374,0.3907139344970478,0.15408690199005864,0.007090751977054864,0.2295284008677173,0.46854101968850986,0.25514853771523943,0.025277912616729736,0.012490467342628476,7.254775118781254e-05,7.783801265759394e-05,,85.85356903076172,,,,,1.9249531030654907
Model6PhysicalFix_B_soft_gate,9065500,39.62582,-106.27808,0.901292510330677,0.8387078154681611,0.908686345700638,-45.78025552392858,-42.003746673536696,-3.268115520477295,0.8256876766681671,0.25427190861074495,0.05560548550365311,0.6800619492472944,0.47291057855950214,0.003848481463217846,0.20329614585852032,0.27365784982417274,0.08652214818274633,0.036206524819135666,0.01433667192038291,7.273034134414047e-05,7.784209446981549e-05,,25.643957138061523,,,,,1.4470129013061523
Model6PhysicalFix_B_soft_gate,9066000,39.59638,-106.26503,0.91803128272295,0.9372400367006409,0.9189856196541997,-31.825242833551574,-21.13665368315477,-11.862750053405762,0.8764957934617996,0.30438596951583247,0.06599866457030962,0.5758699714744681,0.3967852678039666,0.008435414472027978,0.1706407120425709,0.29412684868491046,0.14213366749092843,0.03705333173274994,0.016530365490038168,7.263407314894721e-05,7.816232391633093e-05,,37.334197998046875,,,,,1.5300369262695312
Model6PhysicalFix_B_soft_gate,9066200,39.64832,-106.32308,0.8489112108945847,0.8964650549212876,0.8491854285362771,-4.059330680100464,-57.01184637799536,-16.41388511657715,0.7327143251895905,0.2503407951642635,0.05346509306589223,0.6941733025425311,0.4823932839613702,0.0027000821705767297,0.20907365967899746,0.2686937537146724,0.08079207288817208,0.04979432746767998,0.0191536977792215,7.261615246534348e-05,7.783838373143226e-05,,27.5639705657959,,,,,1.3982231616973877
Model6PhysicalFix_B_soft_gate,9066300,39.64582,-106.38225,0.8458487242460251,0.5450406998452639,0.8929635775448616,93.21212506427032,-42.911393840422484,-212.59535217285156,0.8010722994804382,0.30754058402395007,0.06479842289236488,0.5091257691176572,0.27770991914787047,0.010914989020400286,0.22049390536004357,0.4083732946151425,0.20054900870556178,0.0241466723382473,0.009727041672793568,7.268547778949142e-05,7.79496185714379e-05,,75.99419403076172,,,,,1.4863920211791992
Model6PhysicalFix_B_soft_gate,9081600,39.23221,-107.22727,0.9246673732995987,0.957449189677761,0.9280420834817841,-18.763491902641423,-35.15328162044083,-3.497734546661377,0.8424315899610519,0.28910358687644183,0.06324897054850771,0.6160428422226752,0.40903925862587204,0.005178385499872703,0.20181904983123386,0.29926045841232357,0.10960305216011533,0.027265217155218124,0.010344141644207905,7.26827493053861e-05,7.798387377988547e-05,,39.84962463378906,,,,,1.5027620792388916
Model6PhysicalFix_B_soft_gate,9107000,38.86027,-106.5667,0.8515243083238602,0.6993146049869177,0.9377930875487942,-85.07144647862326,2.8534861672737724,-13.671167373657227,0.7460986971855164,0.35491278527680503,0.0780706723082602,0.538380773745745,0.237188623930618,0.007550007956597649,0.2936348269653166,0.40595256200772506,0.1380557103700058,0.03592425212264061,0.019254691658017863,7.251009810715914e-05,7.756700506433845e-05,,81.2004623413086,,,,,1.685279130935669
Model6PhysicalFix_B_soft_gate,9210500,42.09605,-110.41656,0.7510632127523422,0.7717493784635038,0.8385118712874718,-64.21888747621452,-39.165901524833345,-3.571167469024658,0.5297515690326691,0.49819088235205544,0.10547212274267977,0.2978152761063769,0.16367295735630205,0.0048739032656771345,0.1292530347765928,0.3378801131810246,0.21957342077209738,0.014244596473872662,0.010241788310936794,7.239308615680784e-05,7.791094685671851e-05,,25.076801300048828,,,,,1.90175461769104
Model6PhysicalFix_B_soft_gate,9223000,42.11049,-110.70962,0.931459590792656,0.9039697956845019,0.9348990705668307,49.00566228751707,-5.78258677039279,-11.436140060424805,0.8917643651366234,0.4465722669252084,0.09889764892700183,0.38432002213962035,0.21730805644618476,0.0071825860856732735,0.15981797383495686,0.3331522556379409,0.18252998398406078,0.014529190957546234,0.008361437174621742,7.236679084599018e-05,7.785068009980023e-05,,25.744352340698242,,,,,1.5773869752883911
Model6PhysicalFix_B_soft_gate,9306242,39.92025,-108.47287,-3.194004535675049,-1.4438190617656486,0.2905463935877737,-88.16816617611778,-48.04353751695665,-3553.330078125,-2.3794007301330566,0.686170646627416,0.15484529096762167,0.10046998527047803,0.04208076220721396,0.0007689050964093462,0.057602775554879734,0.2799489652195484,0.24093293512703687,0.023005947470664978,0.018089532123952222,7.262670260388404e-05,7.757512503303587e-05,,7.2694196701049805,,,,,2.904191493988037
Model6PhysicalFix_B_soft_gate,9312600,39.87579,-111.03739,0.7453320324420929,0.661220528979583,0.7807589562419417,91.59452507238954,-50.96314553808227,-34.85593032836914,0.6655845940113068,0.583686786790082,0.14458556705094186,0.21156269237926728,0.09890050874903678,0.0034415427988654258,0.10920885331487462,0.3187995847239133,0.22852224394200557,0.028993751853704453,0.01821416145705384,7.234137592604384e-05,7.77416571509093e-05,,14.954729080200195,,,,,2.3704588413238525
Model6PhysicalFix_B_soft_gate,9352900,37.4775,-107.54367,0.8508196771144867,0.8166580577691342,0.8598523978499162,-29.530901028873654,-33.62445947814313,-5.861157417297363,0.6864524483680725,0.2724013017309286,0.06421194320022003,0.6842297894519846,0.3857314034049222,0.0014473184904603492,0.2970465680565304,0.3415809827997857,0.0552348428663604,0.0230207871645689,0.009505688527248717,7.267265755217522e-05,7.76118176872842e-05,,44.82510757446289,,,,,1.2416467666625977
Model6PhysicalFix_B_soft_gate,9378170,37.84666,-109.36956,0.5508777499198914,0.046164580479808204,0.6486494468633266,59.30269466375686,-7.657865286627114,-766.7647705078125,0.5159556567668915,0.6180342116075169,0.11972973620643917,0.20149856211451417,0.09796158274120849,0.0040244370964713045,0.09949978874880502,0.2858841201250553,0.2033780706590175,0.02680143527686596,0.01683843284087673,7.245830784086138e-05,7.796600402798504e-05,,13.682734489440918,,,,,1.7919554710388184
Model6PhysicalFix_B_soft_gate,9378630,37.75555,-109.47651,0.12180566787719727,-0.1298811677933127,0.5239917743577647,,-31.609632707355157,,-0.0034532546997070312,0.5645844360879089,0.08143499546328109,0.2383145859306988,0.1877529341511231,0.004845552766605242,0.04570004541892564,0.24704153270737497,0.22263965299273988,0.03315044566988945,0.021383333375489026,7.233388896565884e-05,7.762767927488312e-05,,3.630514621734619,,,,,1.8784043788909912
Model6PhysicalFix_B_soft_gate,9386900,35.28253,-108.55341,0.10865819454193115,-0.02001638722881771,0.1467225677824932,-137.50300598432193,-94.38697113113975,-269522.1875,0.07984942197799683,0.8172614149370785,0.16019395014642582,0.04673722627336862,0.010485825739098929,0.00040569429978046706,0.03582539285872679,0.1796156649527891,0.1548303710974077,0.012597618624567986,0.011076378316129,7.23224293324165e-05,7.753822137601674e-05,,6.061473369598389,,,,,2.475125789642334
Model6PhysicalFix_B_soft_gate,9404450,37.33943,-112.60438,-0.1622837781906128,0.30737723462656164,0.5927305208651081,-183.31533375567733,-5.711599206702924,-11.971216201782227,-0.3773193359375,0.6611874359676438,0.11893073889758529,0.17547665458522238,0.04031893984613637,0.0007340973274250369,0.134409031665837,0.30217835241752644,0.18921085258416162,0.026817476376891136,0.0204251040841834,7.237939280457795e-05,7.752687088213861e-05,,15.962492942810059,,,,,2.8599390983581543
Model6PhysicalFix_B_soft_gate,9430500,33.06118,-108.53727,0.10490047931671143,-0.050280237389650484,0.18990001329529932,28.784698012086803,-95.5083472022627,-6.161022186279297,-0.009661436080932617,0.8101192051901889,0.17007382200178253,0.05447210988723763,0.003571011637410145,0.00012670517439967744,0.050756742025233684,0.19064233587571644,0.1519787493173042,0.015556877478957176,0.012688190627562608,7.235557859530672e-05,7.743990136077628e-05,,20.202495574951172,,,,,2.672614336013794
Model6PhysicalFix_B_soft_gate,9430600,33.16673,-108.64978,0.2754930853843689,0.15305577718869745,0.32914262632384694,27.917748522792074,-77.90284098261657,-15.872459411621094,0.23435968160629272,0.6532166697675384,0.09597487426721996,0.16966097423688764,0.10565781583086867,0.002411866024480449,0.0615758733574867,0.23966395083783118,0.2039517444969751,0.039701275527477264,0.0262790144855347,7.223544525913894e-05,7.7438322477974e-05,,5.5276031494140625,,,,,2.681975841522217
Model6PhysicalFix_B_soft_gate,9447800,32.95562,-109.53119,-4.040590763092041,-0.5310575014714856,0.11355307489493122,-16.070075182361677,-27.58991864931456,-17817.712890625,-1.4263055324554443,0.7926311022688508,0.1160746022750719,0.024017871472876363,0.01927471822978314,0.00018323458574848772,0.004526594124406319,0.1913727600237853,0.19065265298095538,0.004446589853614569,0.004466247899920898,7.266204920597374e-05,7.732548692729324e-05,,5.048754610470496e-05,,,,,3.039334535598755
Model6PhysicalFix_B_soft_gate,9480000,31.35538,-110.58953,0.04132735729217529,-0.13733136893102826,0.0591351564952705,80.22861812695442,-86.89067033334582,-34.19925308227539,0.024589121341705322,0.8037669576850631,0.10241104501834622,0.01183387979886645,0.00658219437766186,0.00015987468934094404,0.0050682588116593135,0.18661988486602366,0.1838107531216074,0.00452436925843358,0.0032628005220342255,7.247408211696893e-05,7.752565579721704e-05,,3.993068218231201,,,,,2.455815315246582
Model6PhysicalFix_B_soft_gate,9484000,32.31674,-110.81037,0.1753522753715515,0.18287753769879755,0.18481977562353138,,-88.58480836890315,,0.08628231287002563,0.6908815661662028,0.06419631072159619,0.19443513557501094,0.15017558278137308,0.0018009601665202389,0.04243908403143489,0.1618367160014469,0.14795870337282777,0.040735743939876556,0.02909430452815871,7.22719996701926e-05,7.731841469649225e-05,,3.4957950115203857,,,,,2.9385416507720947
Model6PhysicalFix_B_soft_gate,9484600,32.03591,-110.67758,-0.04807281494140625,0.1277473904139138,0.09242039859208835,85.41052379065023,-94.49677936723734,-1169.8690185546875,-0.10718584060668945,0.8392359515021495,0.12201785484146987,0.007828204727977534,0.004922751354592769,0.00011873597396130753,0.0027582963407338907,0.15811110546872995,0.15809092117061987,0.0030640256591141224,0.00259426001194005,7.258103869389743e-05,7.746042683720589e-05,,4.9598362238612026e-05,,,,,2.9316256046295166
Model6PhysicalFix_B_soft_gate,9492400,33.82227,-109.81454,0.07594400644302368,0.4594936058990201,0.3747698474612107,-86.44193996830188,-46.396101929971664,-18.814855575561523,-0.7227444648742676,0.6065666918336711,0.08230117143225753,0.21342281132023008,0.13524995235243664,0.004731364422733656,0.07342841077451767,0.2566409890068096,0.2057703036947556,0.03885108605027199,0.02322174013429102,7.240739068947732e-05,7.754401303827763e-05,,17.049070358276367,,,,,1.8765145540237427
Model6PhysicalFix_B_soft_gate,9494000,33.73644,-110.16677,0.4489785432815552,0.5072073487459092,0.47100703874284217,49.42290585618977,-69.313228287538,-3.8973565101623535,0.03874462842941284,0.6809719958417715,0.12181813235265285,0.10560092940021364,0.03024003424546634,0.0015094838239916196,0.07383836538616166,0.29128971063126163,0.22671233114355913,0.016253193840384483,0.010044038160988387,7.236970122903585e-05,7.773571996949613e-05,,19.5192928314209,,,,,1.814947485923767
Model6PhysicalFix_B_soft_gate,9497800,33.84311,-110.55761,0.4793623089790344,0.7116873999762247,0.5692279009556936,-205.84269397460483,-18.44321643255848,-9.127660751342773,0.4358333349227905,0.6768878052739856,0.11903765527101992,0.07139541780742803,0.028383243919494767,0.00032444878836704365,0.04266910844231051,0.294757263671186,0.2601461787485913,0.012200349941849709,0.008547517458721869,7.238657417474315e-05,7.739721331745386e-05,,5.65004825592041,,,,,2.702397346496582
Model6PhysicalFix_B_soft_gate,9497980,33.82783,-110.85623,0.18270611763000488,-0.32340554525164045,0.6915243986638977,-410.01978273572166,21.26863091998454,-196.94125366210938,0.15776246786117554,0.6262129943383422,0.09366039915744387,0.1695471025978814,0.06925509631393435,0.0014078359248230585,0.09886951769062598,0.3005528687533316,0.21476695268488447,0.020540131255984306,0.013530719733261008,7.233049109345302e-05,7.740982255199924e-05,,5.854615688323975,,,,,2.153348684310913
Model6PhysicalFix_B_soft_gate,9505200,34.67474,-111.67209,0.3764309883117676,0.6796482205717764,0.5787076761821638,-1558.1802258346102,-11.162251926056785,-389.374755859375,0.3244667053222656,0.572161560014431,0.09650783460633384,0.1583022352381483,0.12081211572618064,0.00140169922481784,0.036071232223788635,0.30987533810057094,0.2894610028823961,0.0255504809319973,0.016031427332952652,7.258015830302611e-05,7.735849067103118e-05,,3.470094919204712,,,,,2.113104820251465
Model6PhysicalFix_B_soft_gate,9505350,34.72863,-111.77571,0.2573862671852112,0.5986360584568473,0.42436465231707293,,-34.2461892415049,,0.2573862671852112,0.6036089760368183,0.10110310654306497,0.11292830018312486,0.08634985017927287,0.0010731378555550665,0.025485721841861854,0.31386323822356926,0.2994948215908368,0.017163198441267014,0.011519359063902775,7.228359754662961e-05,7.73756910348311e-05,,5.04294948768802e-05,,,,,2.0688974857330322
Model6PhysicalFix_B_soft_gate,9505800,34.53864,-111.69404,0.11925238370895386,0.5620249398469497,0.4432302120227739,-2259.930428237742,-35.742750332584144,-143.17185974121094,0.08792829513549805,0.6020830034824876,0.10919078225293422,0.1369758242110152,0.07988838690111069,0.0019050120816266679,0.05516790948671574,0.3196184380223297,0.2779544443984453,0.02340504340827465,0.013832815342412303,7.227940659504384e-05,7.749171345494688e-05,,6.369431018829346,,,,,1.840428113937378
Model6PhysicalFix_B_soft_gate,9508300,34.16087,-111.69292,0.748704582452774,0.6258976969447487,0.7734584697974684,-2302.7730892685986,-35.550143536328164,-56410.0234375,0.7393113076686859,0.6100467945421183,0.07259980348832042,0.19800821602951169,0.16118354635326387,0.0010303534551451773,0.035773820294989746,0.23206011860543374,0.2160946875178575,0.02847464568912983,0.020286975704299128,7.244147855089977e-05,7.731023652013391e-05,,3.6620194911956787,,,,,2.513542890548706
Model6PhysicalFix_B_soft_gate,9510200,33.69421,-111.5418,0.7570283710956573,0.7663808817068773,0.7574112450190932,57.641154582396524,-24.43814884527234,-46687.3828125,0.7486248910427094,0.721258678877855,0.0849194899756383,0.1036550905118889,0.08221872237919108,0.001030863407206694,0.020373536874727947,0.1967324870649824,0.19064868700069504,0.015675904229283333,0.014989520337010937,7.27938167983666e-05,7.732176163699478e-05,,4.989441003999673e-05,,,,,2.7708609104156494
Model6PhysicalFix_B_soft_gate,9512280,33.88726,-111.95404,0.40544259548187256,0.49030946233252315,0.47847017145080917,,-21.067494980377347,,0.4008272886276245,0.7093448308800906,0.069115876511584,0.1039095318036695,0.09562569256103905,0.0008320273015005057,0.007417258361616299,0.20156351894101118,0.20577135225385024,0.012583418749272823,0.012419563306785784,7.189885945990682e-05,7.737956184428185e-05,,5.036804941482842e-05,,,,,2.9261977672576904
Model6PhysicalFix_B_soft_gate,9513780,33.9742,-112.09905,0.5169408023357391,0.645774915230834,0.5211400104236693,,-20.31513870900539,,0.510256290435791,0.6927743959097918,0.06740798357185315,0.12108882356863285,0.11639998029870777,0.0006566230968236942,0.00399732698428454,0.19746763916453752,0.20478347286789814,0.012205262668430805,0.012143085311915257,7.242170249810442e-05,7.732873200438917e-05,,5.038951348979026e-05,,,,,2.9846324920654297
Model6PhysicalFix_B_soft_gate,10023000,41.60994,-111.25409,0.08739882707595825,0.4190664823522262,0.6213112411742079,17.67796266286875,41.75521040687418,-26.009761810302734,-0.6018139123916626,0.5922811864746798,0.10991967951800465,0.2182220772732636,0.06876815966883473,0.0037610986194543615,0.14568148211882412,0.3436815820818743,0.2237719094243475,0.03604447469115257,0.02307678858259926,7.271402864716947e-05,7.772655226290226e-05,,29.883562088012695,,,,,1.7044814825057983
Model6PhysicalFix_B_soft_gate,10166430,40.40523,-112.1005,0.32464468479156494,0.3718598303583339,0.35212070287922004,82.58172098335463,-64.85757048179553,-859.22802734375,0.19799333810806274,0.7208050257656016,0.18409210739726484,0.1315237513683331,0.01675067644156729,0.0006810035774022818,0.11408039703433519,0.26485329174400346,0.17542411807378333,0.03182806447148323,0.02328203056591493,7.231473864521831e-05,7.751041994197294e-05,,15.106450080871582,,,,,1.9741113185882568
Model6PhysicalFix_B_soft_gate,10172700,39.97939,-112.38023,-4.905108451843262,-1.0102982095761814,0.5864572508912254,28.479985897887506,27.59621862854065,-58.663665771484375,-5.684666633605957,0.6082849516084781,0.12340553714480756,0.2279445976271497,0.049832902388504366,0.0012123984749709315,0.17688763483105935,0.3420187117888947,0.196959315136361,0.042352888733148575,0.030365153701880827,7.234368240460753e-05,7.759075378999114e-05,,32.12677764892578,,,,,2.0901362895965576
Model6PhysicalFix_B_soft_gate,10172800,40.49633,-112.5744,0.6335894167423248,0.5904035576313882,0.7210995952771263,-81.1838887506744,-58.03605673268333,-6.36682653427124,0.33770841360092163,0.42493708813176106,0.0724701237557788,0.5118709042949183,0.26426566822605996,0.004342149989545325,0.2432551032600204,0.310156176759832,0.07804819260498332,0.01762562245130539,0.009088764498681103,7.243725121952593e-05,7.789028313709423e-05,,44.162750244140625,,,,,1.773321509361267
Model6PhysicalFix_B_soft_gate,10173450,37.62276,-112.51688,0.6360787451267242,0.5003436790410225,0.7573176185650505,65.88600595279779,-52.37050054118325,-52.88330078125,0.5649579465389252,0.5063008918606947,0.10349676175324173,0.2964519658251995,0.07572178532626897,0.003099130101065005,0.21762166422092885,0.42114093886757265,0.22551161515249835,0.029055098071694374,0.01772473267502103,7.234770600916818e-05,7.752922101644799e-05,,52.962440490722656,,,,,1.8267130851745605
Model6PhysicalFix_B_soft_gate,10205030,38.91191,-111.53047,0.5612672865390778,0.5065228364101066,0.7830861420045222,39.87854362406915,-34.59276140037562,-36.581939697265625,0.5025321245193481,0.5650944146639841,0.1246128260614256,0.25236056733266865,0.08301471196732002,0.003256474136534671,0.166079754405502,0.35540833227435487,0.22006910730954204,0.047877538949251175,0.028757474094996308,7.235913653858006e-05,7.776058919262141e-05,,51.962406158447266,,,,,2.464735269546509
Model6PhysicalFix_B_soft_gate,10234500,38.28053,-112.56827,0.721283882856369,0.736932586306196,0.8179025257969877,-150.36861244709937,-21.657163072776864,-16.124652862548828,0.583820253610611,0.509248971721817,0.09369334218170575,0.33739877339471164,0.1547462364135427,0.005725839211975835,0.1769170985797063,0.3343682938103551,0.18252839856571917,0.04217047989368439,0.024015384687998444,7.23461271263659e-05,7.769232615828514e-05,,37.44114685058594,,,,,2.0641250610351562
Model6PhysicalFix_B_soft_gate,10242000,37.6722,-113.03467,0.05827021598815918,-0.16092230508151495,0.2978737085731227,-81.20040862275557,-94.52227840701161,-11.688809394836426,-0.2054615020751953,0.6779398433272186,0.13623884406425116,0.13863014863385303,0.038367868197672884,0.000693817169517567,0.09954958968819881,0.28370990109701083,0.21061960958619452,0.02883107401430607,0.025387542423317852,7.236593228299171e-05,7.752254168735817e-05,,25.618270874023438,,,,,3.3381545543670654
Model6PhysicalFix_B_soft_gate,10244950,39.20154,-114.68916,-0.43342649936676025,0.15278781506675598,0.6262713316668336,-87.35531055035054,-4.46857098281704,-12.360101699829102,-1.1195929050445557,0.5209476089823104,0.08002835144907859,0.43380663365390254,0.23746443085567434,0.004669220810865157,0.1916595770506618,0.24164281247352426,0.08478527899732147,0.0448455736041069,0.03416130085922616,7.248730980791152e-05,7.778099097777158e-05,,66.8587875366211,,,,,2.609985113143921
Model6PhysicalFix_B_soft_gate,10249300,38.88743,-117.24537,0.005836009979248047,-0.21679095299902595,0.3934647790134822,50.36216389369038,-88.21288552246834,-6.386593818664551,-0.40497148036956787,0.7311513658834027,0.13957177106761248,0.13392819008477816,0.047136203253316,0.00041278994299076885,0.0863397957388327,0.22178914669221717,0.1732004810689696,0.021328767761588097,0.03488703909643813,7.243322033900768e-05,7.749281940050423e-05,,10.646379470825195,,,,,5.207912921905518
Model6PhysicalFix_B_soft_gate,10258000,33.80502,-116.55918,0.5090826153755188,0.617767185843163,0.513144815645068,,-39.979384841621496,,0.44759708642959595,0.6932713610675475,0.04190568220281751,0.2672497723532955,0.051926932961917874,0.0008019331503227469,0.21451001459626917,0.2532584719699301,0.06914353414252566,0.028069064021110535,0.030022079800118902,7.221371197374538e-05,7.737002306384966e-05,,13.752317428588867,,,,,3.0633106231689453
Model6PhysicalFix_B_soft_gate,10258500,33.74502,-116.53557,-1.38535737991333,-0.7714048924918335,0.5835649875507065,,43.0372409626159,,-1.38535737991333,0.7607833692549706,0.053697117155169824,0.10260940787587004,0.05899820083748627,0.0006077660897487633,0.042959625995272144,0.1793192299196462,0.15628291304377268,0.014858601614832878,0.020341858568489357,7.239980186568573e-05,7.742625166429207e-05,,9.467938423156738,,,,,3.818053960800171
Model6PhysicalFix_B_soft_gate,10259000,33.76002,-116.55002,0.5117495656013489,0.7537851420592828,0.5705520694210647,12.907766942321746,-37.793041022628564,-1.9877326488494873,0.4806942343711853,0.6926497620042082,0.03692087033957744,0.2787025289023035,0.08654174924936758,0.0007283987196336184,0.19141621779767207,0.2192229624565579,0.05450955726478214,0.020532846450805664,0.022696179679927184,7.223642023745924e-05,7.733025995548815e-05,,15.056649208068848,,,,,2.9888358116149902
Model6PhysicalFix_B_soft_gate,10259200,33.63114,-116.39223,0.37694674730300903,0.5466489072778928,0.4112778257360907,,-58.5535316577964,,0.36263859272003174,0.809207176099276,0.046687328156585946,0.10201744205924954,0.05895133043527462,0.0005816553318943646,0.042431504126662536,0.13184392351702934,0.11607711535139037,0.015998827293515205,0.027159499848864028,7.238301623146981e-05,7.738680142210796e-05,,7.396131992340088,,,,,4.762943267822266
Model6PhysicalFix_B_soft_gate,10263500,34.42083,-117.83951,0.5578853785991669,0.25986857375302297,0.7286334433015954,-324.36730196390147,-60.369900823035,-3.9509382247924805,0.49124401807785034,0.633028697708194,0.05065607840434283,0.30975839695069807,0.10613412593768114,0.0017732390561645537,0.20183789177529657,0.2593507270286846,0.08929651358055293,0.034793954342603683,0.030860308977211728,7.234379154397175e-05,7.742391608189791e-05,,11.410782814025879,,,,,2.3729984760284424
Model6PhysicalFix_B_soft_gate,10310500,39.11324,-119.79824,-0.9648967981338501,-0.16680879760781253,0.7294044481259662,19.78482615348851,129.60143071588095,-3.4946236610412598,-2.063551664352417,0.46296797063970435,0.09195367638073666,0.30334887218133033,0.13322320396506654,0.0025559187586276857,0.167557270877026,0.4028385633942317,0.255082565599645,0.02748868428170681,0.018034475807984042,7.236961391754448e-05,7.734938117209822e-05,,14.226094245910645,,,,,2.670830249786377
Model6PhysicalFix_B_soft_gate,10316500,40.69076,-115.477,0.8647834360599518,0.7249500343234663,0.9024657236872561,-101.12226686564466,-48.14016650592526,-10.221694946289062,0.7613437920808792,0.26482097770728036,0.054745746004925475,0.7222777116145839,0.522939940136146,0.001147316633338665,0.19818188772325226,0.21249302968416545,0.03408237813591437,0.04244166240096092,0.019254792476231384,7.24672427168116e-05,7.810944225639105e-05,,16.655231475830078,,,,,1.5472995042800903
Model6PhysicalFix_B_soft_gate,10329500,41.53462,-117.41791,0.2444494366645813,0.18100400166705033,0.6215743180900998,-24.996688019638132,-54.73923575569304,-344.9393005371094,-0.06227684020996094,0.5269376762317801,0.10409249302977651,0.2620729925322859,0.09108671355811103,0.0019914748703091555,0.16898179786122383,0.3818591104531168,0.2445065344410893,0.04336489364504814,0.03101966994009203,7.23657212802209e-05,7.744035974610597e-05,,16.858427047729492,,,,,2.514612913131714
Model6PhysicalFix_B_soft_gate,10336645,39.05185,-120.11852,0.7966684997081757,0.8895925308025708,0.8022673324019419,-123.86780789898653,-11.468428000532166,-14.277119636535645,0.6742485463619232,0.303464734454289,0.05005789274672604,0.6210525039832471,0.4168523776322778,0.008608808967706853,0.19558666150297097,0.2745232838895149,0.09171519650685396,0.04371071606874466,0.012542972672255487,7.255919626913965e-05,7.756016566418111e-05,,7.820694923400879,,,,,0.8525149822235107
Model6PhysicalFix_B_soft_gate,10336660,39.10741,-120.16214,0.7970578372478485,0.766090558465351,0.8092507412667937,-38.37104428043109,-37.53318924546688,-30.57843780517578,0.7039992809295654,0.23931393828459097,0.04574235620119886,0.7439537766215822,0.47226217489128636,0.002849624659841596,0.2688386209720123,0.28747763697884987,0.027852876150751823,0.03484591096639633,0.008989481298840222,7.262000144692138e-05,7.765505142742768e-05,,6.941823482513428,,,,,0.7663496136665344
Model6PhysicalFix_B_soft_gate,10336740,39.06658,-119.93546,0.26857948303222656,0.5840690911434869,0.5319786654479136,-0.8328164552938969,-0.5428658007811682,-36.08375549316406,0.00615382194519043,0.48523231316648885,0.08841189718015025,0.18981867525534363,0.08078850716022924,0.004027254708620381,0.1049917249447069,0.43816632543657874,0.3381808361970453,0.008177325129508972,0.0042840220431430865,7.240603736136109e-05,7.76737870182842e-05,,14.103225708007812,,,,,1.5208624601364136
Model6PhysicalFix_B_soft_gate,10343500,39.43157,-120.23798,0.7509520202875137,0.6580098981000915,0.7737429200091489,-114.11682828960392,-47.898129899194295,-46.718650817871094,0.6970826089382172,0.3768728927455647,0.05798151781189536,0.47510784503629333,0.2021702414708758,0.009565794653650657,0.2633661446481299,0.4158858905784905,0.16569290079748764,0.023658260703086853,0.009002430913320833,7.227812602650374e-05,7.75990411057137e-05,,58.921791076660156,,,,,1.1004894971847534
Model6PhysicalFix_B_soft_gate,10348850,39.35435,-119.85852,0.4099206328392029,0.36457612936943384,0.45863867646019874,43.4306521238858,-83.62115354326458,-2.81935715675354,0.3196116089820862,0.3347217205888485,0.06139940541032548,0.5324128816956626,0.1991701021337094,0.005566190334606662,0.327671514627075,0.46901453944791743,0.14938521799474017,0.008681210689246655,0.0033738785939751072,7.241049024742097e-05,7.767728675389662e-05,,86.18892669677734,,,,,1.1753723621368408
Model6PhysicalFix_B_soft_gate,10396000,42.79083,-118.8675,0.7646692246198654,0.8625874825266993,0.7874402084165355,-16.40487313702511,-24.555185406811617,-16.312877655029297,0.5767787098884583,0.4377006073107325,0.09458953093819351,0.41648590429481014,0.2008754623248535,0.0027974421727218752,0.21280311787157616,0.3602309437220304,0.18392697104857744,0.06281410902738571,0.037324722456813494,7.233149517560378e-05,7.741327863186598e-05,,22.49020004272461,,,,,2.1755740642547607
Model6PhysicalFix_B_soft_gate,11098000,34.22223,-118.17757,0.7957461923360825,0.682287318291483,0.841424066424158,37.636457297514966,-39.083968355182286,-18.240808486938477,0.7851339131593704,0.5682164473483095,0.04627383589874639,0.35788226399441997,0.22195618980866447,0.0022225876362668598,0.13369116131802403,0.21006727403542513,0.0980571813816527,0.038370147347450256,0.021506149029256277,7.221549458336085e-05,7.739783904980868e-05,,15.480924606323242,,,,,1.8236044645309448
Model6PhysicalFix_B_soft_gate,11124500,34.59666,-119.90875,0.6039549112319946,0.13990794085583824,0.786455723703317,-199.46996035730663,-1.402483766560119,-2037.2691650390625,0.5644245743751526,0.5702395080240855,0.05721131817630159,0.29941452485212977,0.114007248311359,0.0013472869008556863,0.18405093038545087,0.31882928494935725,0.14799706843618504,0.026942208409309387,0.013469488822204428,7.230814662761986e-05,7.745047332718968e-05,,27.853853225708008,,,,,1.5527632236480713
Model6PhysicalFix_B_soft_gate,11141280,35.23553,-120.47239,0.6733523607254028,0.6639568971361908,0.6832193178312662,-276.0103980969222,-59.56558318612445,-11.920403480529785,0.6130803525447845,0.5997491821621466,0.07420094502545412,0.23664710432988048,0.07811440053920143,0.0009594479689352053,0.1575632629655225,0.3244315688968806,0.1857511942069048,0.035899028182029724,0.019106490800895316,7.22725162631832e-05,7.74028740124777e-05,,17.586997985839844,,,,,1.4607484340667725
Model6PhysicalFix_B_soft_gate,11143000,36.2458,-121.77329,0.7494407594203949,0.7282263676953976,0.7581015987638904,-115.41560517843986,-40.73984619767317,-9.53194808959961,0.6486818194389343,0.3363656118847483,0.032223404442097016,0.6537647962016356,0.5169238784660959,0.0015025925712410495,0.13533115734404888,0.14791467592321744,0.016675392448701164,0.012090567499399185,0.004121006955170842,7.235239172587171e-05,7.735419785603881e-05,,6.3553242683410645,,,,,0.9105224013328552
Model6PhysicalFix_B_soft_gate,11148900,35.78858,-121.09381,0.7942028343677521,0.7764689873676953,0.8022454925717132,,-35.860598969425,,0.7586205899715424,0.39625988865317363,0.06272553629459197,0.45321021007495643,0.2992447866768553,0.0017273912997219,0.1522285300860102,0.3037983001020641,0.17240181196234086,0.04910091683268547,0.021029671875727598,7.23735720384866e-05,7.736295083304867e-05,,7.943229675292969,,,,,1.2044241428375244
Model6PhysicalFix_B_soft_gate,11151300,36.26802,-121.0663,0.5686206817626953,0.34391626857403024,0.6263319576954544,83.73972118158214,-59.5483765006839,-14.816213607788086,0.5363144874572754,0.6744895253782727,0.08417599857308328,0.0313422042854779,0.022193858603620158,0.00024151623814821526,0.008881712738925279,0.30339988024859293,0.29994211881015775,0.007539323531091213,0.005681253848001134,7.241362618515268e-05,7.743462629150599e-05,,7.497998237609863,,,,,2.734679698944092
Model6PhysicalFix_B_soft_gate,11162500,37.26078,-122.32886,0.867062121629715,0.8558589853368532,0.8687041685683443,-21.907400649326874,-23.336909973884676,-13.105293273925781,0.8433868587017059,0.4353196772706222,0.067255633888576,0.3963141370131883,0.17962142127350608,0.0018402859259804016,0.21484672384187148,0.3872005143777097,0.18717155701632335,0.04192559793591499,0.015013112588288998,7.241783168865368e-05,7.733445818303153e-05,,10.536107063293457,,,,,1.2805569171905518
Model6PhysicalFix_B_soft_gate,11176400,37.56132,-121.68384,0.5954213738441467,0.7257205698705989,0.6789139573453863,,-6.526615082010729,,0.5459951162338257,0.47344332760472535,0.09203439372908952,0.2173174733945382,0.15532407361310072,0.000826037265045708,0.0611490367984676,0.37098238461829514,0.3264505305161124,0.02566187083721161,0.016865539069781988,7.246584573294967e-05,7.733376696705818e-05,,5.01226240885444e-05,,,,,2.2088139057159424
Model6PhysicalFix_B_soft_gate,11180500,37.60605,-122.02385,0.6643072366714478,0.4572135988570539,0.6819769285323823,,-43.172890805335165,,0.6115662455558777,0.5841923957693722,0.08667296334081115,0.12658099721541524,0.0939608895437163,0.0007657583337603081,0.03183527370863016,0.3218096138161689,0.301956995475983,0.01842663437128067,0.0120592109994247,7.223622378660366e-05,7.741778972558677e-05,,5.828351020812988,,,,,1.8204433917999268
Model6PhysicalFix_B_soft_gate,11180960,37.71771,-122.05441,0.7706967890262604,0.6017572806490439,0.8037535489461807,21.764847277524236,-36.96930818312718,-5.394473075866699,0.7383897006511688,0.5153707595915076,0.08350901172036614,0.24678840694158533,0.17334661518410946,0.001011239208714788,0.07241524480509835,0.3110823169836212,0.2584825478494899,0.0339667946100235,0.019991020746457918,7.23497723811306e-05,7.737605483271182e-05,,7.391456127166748,,,,,1.746918797492981
Model6PhysicalFix_B_soft_gate,11224500,36.21468,-120.47071,0.17216968536376953,0.616527825458798,0.4005501052056277,,-44.64240627280203,,0.0966191291809082,0.6641507108011003,0.0764217036690121,0.04422876625660163,0.0367951666130547,0.0004378617571538265,0.006969607239672175,0.29886718009410207,0.29900366359129354,0.008839231915771961,0.006823139753666549,7.21201067790389e-05,7.746600749669597e-05,,5.0503102102084085e-05,,,,,2.629873752593994
Model6PhysicalFix_B_soft_gate,11230500,37.33939,-118.97345,0.6622021496295929,0.6973777283828414,0.8099838875582454,-33.471529750035636,19.386805332470882,-3.891458511352539,0.31821924448013306,0.20952252435734772,0.04780693334734903,0.7788824575499045,0.6086160161599277,0.000948626989575318,0.16931062720991594,0.1817305230151738,0.02858377438178438,0.03352371230721474,0.015069383809017754,7.270253263413906e-05,7.746108167339116e-05,,12.906994819641113,,,,,1.564587116241455
Model6PhysicalFix_B_soft_gate,11237500,37.19856,-119.21373,0.7864157855510712,0.8922527214233407,0.797080417231091,76.83205345957978,-37.6468505845256,-64.02485656738281,0.6643918752670288,0.30372533612966734,0.04735135225921783,0.6368909867884902,0.44910358606467593,0.007008680094084176,0.18077265278820398,0.2450526211249792,0.07533538482209882,0.03385121747851372,0.011095105052387448,7.239551632665098e-05,7.769101648591459e-05,,10.453487396240234,,,,,1.0046710968017578
Model6PhysicalFix_B_soft_gate,11253310,36.40217,-120.43349,0.4543062448501587,0.7098360713742159,0.5298243951475541,,-44.96020026267889,,0.4135434627532959,0.6530190204263671,0.08027650040976765,0.0572467306773238,0.044893194900916374,0.0006682897139690734,0.011656928145563855,0.3017029299168176,0.29823916092749425,0.010097960941493511,0.008632596586430119,7.292276131920516e-05,7.738004205748439e-05,,6.594282150268555,,,,,2.5420501232147217
Model6PhysicalFix_B_soft_gate,11264500,37.73159,-119.55877,0.8746535778045654,0.9330767392016103,0.8817827094939491,-4.9826025156022125,-20.585966441709427,-7.14517879486084,0.7653324156999588,0.22993756717423522,0.047878036012944575,0.7423172649532377,0.46404329804399896,0.002188108281345992,0.27608085697230467,0.3053712563288149,0.03827173224954846,0.02387395314872265,0.008575300493065608,7.222073327284306e-05,7.753174577374011e-05,,8.31541919708252,,,,,1.1543043851852417
Model6PhysicalFix_B_soft_gate,11266500,37.71687,-119.66628,0.8817844912409782,0.9340957932582096,0.882940995731738,-81.01259676703418,-14.969900566323645,-7.147520065307617,0.7911261320114136,0.2588703093760638,0.05059755231673688,0.7190604259682066,0.3794473014459042,0.0022372867755954032,0.3373720167082373,0.36125898790362637,0.03188918633640954,0.02243320271372795,0.007800039986693103,7.221093983389437e-05,7.747410563752055e-05,,6.912121772766113,,,,,1.1276775598526
Model6PhysicalFix_B_soft_gate,11274500,37.31549,-121.12521,0.7680850327014923,0.7033709100487933,0.7696658006489463,,-9.043130652111548,,0.7541071325540543,0.5757797632448199,0.09767707962278575,0.08967702943598208,0.07942538846611996,0.00043009277976548404,0.009796470963130969,0.3446439057901283,0.3435159822577564,0.011233048513531685,0.008960117720931943,7.242587889777496e-05,7.73608626332134e-05,,5.028858868172392e-05,,,,,2.2792809009552
Model6PhysicalFix_B_soft_gate,11274630,37.4866,-121.2091,0.2915894389152527,0.34706919930406555,0.6867835011996041,,27.005568982161662,,0.23887836933135986,0.5505163326262772,0.09790609167974482,0.12780480720852738,0.11637776467541841,0.0010404743515824827,0.010362622508337426,0.3324258756056572,0.33594364405439037,0.018404094502329826,0.01417307185364535,7.194931822596118e-05,7.735125836916268e-05,,5.0166509026894346e-05,,,,,2.18379545211792
Model6PhysicalFix_B_soft_gate,11284400,37.84187,-120.18491,0.7409457266330719,0.7681326980940305,0.7461291010436941,,-41.281826170327534,,0.7157260775566101,0.3992109729583653,0.05425064997471944,0.2412261114727901,0.15001401429044806,0.0011993013923192939,0.0900040385432729,0.45106551121629995,0.36906111709391,0.023699361830949783,0.008192624920347443,7.226888556033373e-05,7.739110151305795e-05,,8.895437240600586,,,,,1.233054280281067
Model6PhysicalFix_B_soft_gate,11299600,37.96104,-120.6152,0.7414902746677399,0.7607572466538266,0.7443648466447482,,-46.59656833346475,,0.7132512331008911,0.40745115893237704,0.0604164171451633,0.32734122581332736,0.28087044542866585,0.0007722262316621531,0.045685116516310645,0.31114548452524016,0.2948239593429036,0.06302972137928009,0.02953566198910942,7.266406464623287e-05,7.732971425866708e-05,,5.0211179768666625e-05,,,,,1.688398003578186
Model6PhysicalFix_B_soft_gate,11381500,40.0546,-122.02415,0.7353432476520538,0.607904271059684,0.8030963675754537,-213.62415218913483,-43.35926775722959,-10.154892921447754,0.6452012956142426,0.372955024439188,0.0659094701573449,0.5079152131170114,0.16520834313569133,0.002232202189597259,0.34047161410260407,0.4638697815046767,0.13948210552816326,0.04509516805410385,0.01288341811863776,7.22623590263538e-05,7.73593201301992e-05,,69.07691192626953,,,,,1.0008143186569214
Model6PhysicalFix_B_soft_gate,11383500,40.01405,-121.94832,0.7489283382892609,0.6389133925014499,0.8001938213462778,-297.23278626008056,-32.71446194996195,-17.56471824645996,0.699123352766037,0.37332640481402757,0.06529517464457271,0.5960234699503348,0.20947519860648656,0.0027768968933801867,0.38376955453416634,0.41901565869148605,0.05525260007775878,0.06150658428668976,0.01709991653765508,7.228419417515397e-05,7.739180000498891e-05,,117.64349365234375,,,,,1.0577789545059204
Model6PhysicalFix_B_soft_gate,11451100,39.16545,-122.61999,0.7340980172157288,0.8187425714821166,0.7387088128574291,71.40781846408068,-41.525054237034546,-29.199840545654297,0.658639669418335,0.2949520106607471,0.0516441598566828,0.6496034677148051,0.4214223521060998,0.0027438488886638167,0.22543266269410003,0.28086782700352403,0.0616431841820148,0.020198790356516838,0.006330865183212876,7.21839169273153e-05,7.739316788502038e-05,,7.270537853240967,,,,,0.8746771812438965
Model6PhysicalFix_B_soft_gate,11468500,39.42822,-123.73779,0.8751175478100777,0.8809428357789622,0.876060804230168,-31.83095075117284,-32.53458094215672,-5.172159194946289,0.8322543501853943,0.35418481492628223,0.0604017515274795,0.5431942525413237,0.2662680975555884,0.003276098074896916,0.2736465854135222,0.3777511012347388,0.1090828712293578,0.019249893724918365,0.00510592877935054,7.21984906704165e-05,7.737755367998034e-05,,8.038553237915039,,,,,0.7583732008934021
Model6PhysicalFix_B_soft_gate,11473900,39.70627,-123.32529,0.7997307479381561,0.8036495958531056,0.8036922773471904,-32.09701256787429,-39.69811013618839,-20.173810958862305,0.7066538333892822,0.29562781069743516,0.05095293329518015,0.5467050947592964,0.25615744800166207,0.007456592339012009,0.2830878545735941,0.4408705556721141,0.15986873884509353,0.00826361496001482,0.0021529881548905867,7.232598727568984e-05,7.741102308500558e-05,,12.459510803222656,,,,,0.7657880783081055
Model6PhysicalFix_B_soft_gate,11475560,39.7296,-123.64391,0.7231117188930511,0.6271746284091911,0.7745972781025136,-4.93915979507668,-60.6519551796151,-8.155094146728516,0.6167288422584534,0.2856906215723585,0.034663152573117445,0.6890087125941632,0.25051321726030734,0.0029607153286460804,0.4355336423373404,0.4630420345245076,0.031103867480275556,0.01303741242736578,0.0024213867933294436,7.230019400594756e-05,7.735253893770278e-05,,46.20868682861328,,,,,0.593707263469696
Model6PhysicalFix_B_soft_gate,11476600,40.35125,-124.00393,0.7591424584388733,0.7447902842287641,0.7668064779458202,13.089476178586509,-41.29809673478982,-6.451191425323486,0.6191628873348236,0.26158755871423317,0.036401732800686745,0.7005458605574394,0.34943239343028015,0.0033221882606648146,0.34778953567629384,0.3871711004765585,0.04069805412404211,0.007009640336036682,0.0014019960199004532,7.225816807476804e-05,7.737442501820624e-05,,5.046229839324951,,,,,0.4812202453613281
Model6PhysicalFix_B_soft_gate,11478500,40.48042,-123.89088,0.8020534813404083,0.621694715204071,0.8625793079148752,-15.690615663450773,-35.7824959705495,-2.464838743209839,0.6980903744697571,0.26198519575897344,0.04785320834967026,0.623573354435629,0.3175406982510215,0.0053709564015364435,0.3006592198932118,0.4157811295872938,0.1164010055428548,0.006175656337291002,0.001378928049774021,7.229388575069606e-05,7.735955296084285e-05,,5.779150485992432,,,,,0.5978427529335022
Model6PhysicalFix_B_soft_gate,11480390,40.28431,-123.3353,0.7397045493125916,0.5630236937235673,0.808681454549072,48.44806341872193,-45.90004628221315,-78.0033950805664,0.6290105879306793,0.32252394632789294,0.057644261159442586,0.46257626255768547,0.234316010519438,0.00590453942693135,0.22235199772537362,0.43790453411460983,0.2220996873806805,0.026731744408607483,0.006646366489516901,7.244367589009926e-05,7.736591942375526e-05,,7.287211894989014,,,,,0.8571807742118835
Model6PhysicalFix_B_soft_gate,11481200,41.01096,-124.08173,0.8120331317186356,0.7812850079149214,0.8206324872213265,-96.67574460672213,-29.536476885337432,-6.34688138961792,0.7213382720947266,0.24310193304159355,0.047882445849381734,0.6626360065010177,0.38403364097454284,0.003423541319354994,0.27517625978706356,0.37025838731589594,0.09765653159207387,0.011757251806557178,0.0026744576231308823,7.227493188111112e-05,7.7363736636471e-05,,7.492964267730713,,,,,0.5429556369781494
Model6PhysicalFix_B_soft_gate,11482500,41.29929,-124.05118,0.8151888251304626,0.726837986809082,0.8376622979868724,-1.4675717946158198,-31.73123965460775,-2.677258014678955,0.6777476668357849,0.2565030917453106,0.04872964676164482,0.6245306866840666,0.3611135819087025,0.005613039085378636,0.2578014397251174,0.3779723176675781,0.12204609992548213,0.00895584374666214,0.0019534010816637825,7.234120857901871e-05,7.740766159258783e-05,,6.371623516082764,,,,,0.5497389435768127
Model6PhysicalFix_B_soft_gate,11522500,41.37763,-123.47756,0.7660539299249649,0.6674202490849365,0.8081538363504182,9.70575166912775,-40.1699272516812,-2.1427974700927734,0.5985138118267059,0.2909333933054661,0.07217429487833577,0.591949456851348,0.23522431699378263,0.007690764908733525,0.34903138788607013,0.4661723664590811,0.12225318993227219,0.015255912207067013,0.004640678172428051,7.236572855617851e-05,7.741682202322409e-05,,34.81827926635742,,,,,1.0392470359802246
Model6PhysicalFix_B_soft_gate,11523200,41.11126,-122.70558,0.7521734684705734,0.7387198528061942,0.7728793216896647,-93.3714412661949,-40.09707033120617,-6.463864803314209,0.557145744562149,0.23584760704987132,0.048998586383595645,0.7322121174996857,0.5766799963898904,0.0042743226733581805,0.15125193645886917,0.18259801944997991,0.03732848690997844,0.018658945336937904,0.005987447748640289,7.231402560137212e-05,7.76166416471824e-05,,8.46500015258789,,,,,0.8736104965209961
Model6PhysicalFix_B_soft_gate,11528700,40.64986,-123.4942,0.7494782209396362,0.5521422014571293,0.836649548434502,-14.959367731787987,-45.64195280536657,-1.3752734661102295,0.5991688668727875,0.33511541730771277,0.07159326507542184,0.34044419055097247,0.14477410438083893,0.0076364319148606976,0.18802954597980692,0.512958446674796,0.3296869696562381,0.0178295336663723,0.0048366157431896,7.24733981769532e-05,7.741893932688981e-05,,6.726363658905029,,,,,0.9671689867973328
Model6PhysicalFix_B_soft_gate,11532500,41.7915,-124.07619,0.8821064382791519,0.7932595081733287,0.8973523800797618,-303.12984218552356,-31.18954186724782,-16.106552124023438,0.8146681785583496,0.1422618677808128,0.032308007844523035,0.8555985267425682,0.4680201731892726,0.000944070842136096,0.3866333679534081,0.3885443415270878,0.002439812231049146,0.0046402448788285255,0.000789000520930093,7.22252661944367e-05,7.734115206403658e-05,,12.292136192321777,,,,,0.4155626893043518
Model6PhysicalFix_B_soft_gate,12010000,46.37399,-123.74348,0.840696170926094,0.7525507196286937,0.8686166808269069,-243.68766885114985,-44.911838305587274,-4.206641674041748,0.7434376776218414,0.1378175717880628,0.034420108431658554,0.8477827789010385,0.3924937613100685,0.003069345463071122,0.45221922139297854,0.466633217790877,0.015085669906764462,0.0054006678983569145,0.0006616786070225431,7.232942152768373e-05,7.73245410528034e-05,,39.22929000854492,,,,,0.24812501668930054
Model6PhysicalFix_B_soft_gate,12013500,46.65093,-123.65266,0.8936708942055702,0.8894181109251652,0.895496165649744,-143.20877920768464,-24.90834275562432,-6.008731842041016,0.8219038248062134,0.17701278178036337,0.04119900510074488,0.7175091305602346,0.34325429852660094,0.007929494872047665,0.36632446182954964,0.4714506471859964,0.10571467202569829,0.004281456582248211,0.0006029084704632476,7.241265848279e-05,7.737921259831637e-05,,26.126758575439453,,,,,0.3078879415988922
Model6PhysicalFix_B_soft_gate,12020000,46.61732,-123.27764,0.6131842732429504,0.6064720008431748,0.628360967032145,-228.61407556329306,-70.6346785791278,-12.680021286010742,0.48573970794677734,0.1553895457090582,0.037083422132453366,0.7299316131233606,0.35546787410820585,0.009806970894670914,0.36465590872787995,0.4790955317231623,0.1151604109236094,0.005286201369017363,0.0006808159499204182,7.241527055157349e-05,7.734508835710585e-05,,26.79058074951172,,,,,0.36532461643218994
Model6PhysicalFix_B_soft_gate,12025000,46.6201,-122.94513,0.9044506475329399,0.872491168382475,0.9095409233554007,-94.95900122972363,-24.29662696245103,-0.33789312839508057,0.8331831842660904,0.2380615164678228,0.06398674215320847,0.6761282434591418,0.42829761923108817,0.0062089889144277925,0.24161977195520123,0.32744375386661206,0.08775123346300932,0.011241387575864792,0.0023142709530469454,7.218072278192267e-05,7.737756823189557e-05,,22.91375732421875,,,,,0.4449516534805298
Model6PhysicalFix_B_soft_gate,12025700,46.7726,-122.59401,0.7803992331027985,0.6183532551715865,0.853737728565233,-226.72080995475474,-44.676130846610405,-0.9564293622970581,0.630996584892273,0.20403899920158391,0.05484196170665057,0.7711905976205642,0.4604556455923423,0.0027115174077951914,0.30802192414935836,0.33285070175985604,0.025874639087673214,0.009194294922053814,0.0017950635547938094,7.22408585716039e-05,7.733488746453077e-05,,35.8541259765625,,,,,0.4019453823566437
Model6PhysicalFix_B_soft_gate,12035000,47.00065,-123.49488,0.8877911493182182,0.7633226786030919,0.9164100170107945,-404.4995070522504,-38.09139428146303,-5.198237419128418,0.8082018792629242,0.16072809002629218,0.03787083761252789,0.8213264109897678,0.3619582340659713,0.0031620876486024947,0.4562055287193664,0.4739840893575436,0.01838517223011717,0.0060896375216543674,0.00085001439796584,7.233988435473293e-05,7.734449172858149e-05,,35.72294616699219,,,,,0.2833835184574127
Model6PhysicalFix_B_soft_gate,12040500,47.53786,-124.31575,0.7561146765947342,0.5718326007860561,0.850552878408235,-200.34175567053367,-52.11815143059852,-1.7140703201293945,0.6161257028579712,0.12223461507621028,0.03482983021853397,0.8759687378987268,0.4143096069567878,0.0006990942825519752,0.4609597464389029,0.4627530377869411,0.0016070379080305869,0.004210957791656256,0.0005181683482190874,7.227937021525577e-05,7.730374636594206e-05,,62.37319564819336,,,,,0.2328861951828003
Model6PhysicalFix_B_soft_gate,12041200,47.80675,-124.25103,0.6567278802394867,0.5333651485689587,0.7863703163556054,-192.26547596622495,-53.486146643863705,-3.572906017303467,0.5258344411849976,0.1255971219691029,0.03781050190108153,0.8502853777722466,0.4192472837943811,0.0045018600992449654,0.42653574700527647,0.45048631926024446,0.02349751793872756,0.004169066436588764,0.0005480048683000136,7.231580093502998e-05,7.730136712780222e-05,,63.01214599609375,,,,,0.30979570746421814
Model6PhysicalFix_B_soft_gate,12043000,47.96008,-124.39299,0.7647505402565002,0.6399335223302072,0.8156271652677938,-164.36093897453705,-56.19619983369883,-0.5519168376922607,0.6206505298614502,0.13330904836004262,0.034455301772226735,0.7863967476428425,0.3376702620993254,0.006876040054893721,0.4418498537057919,0.521530767478678,0.07944883604363097,0.004530326928943396,0.0005583877350868969,7.230332994367927e-05,7.731344521744177e-05,,46.74408721923828,,,,,0.2715897262096405
Model6PhysicalFix_B_soft_gate,12048000,48.01426,-123.13268,0.046995341777801514,0.16331095247496308,0.5011830594003966,-16.207127206168956,-71.30314733666648,-2.158906936645508,-0.9991981983184814,0.19178322012399604,0.05766151932425502,0.23717893380605323,0.09292660803470658,0.0006984743303980548,0.14355033939751113,0.7877929618300393,0.6462283865563326,0.00386478821747005,0.0008061347596070304,1398.680908203125,15.610482215881348,,83.634765625,,,,,0.5273087620735168
Model6PhysicalFix_B_soft_gate,12054000,47.68398,-123.01155,0.6827531158924103,0.6145780788809099,0.745028266882381,-29.872921679554388,-38.62416572677943,-0.35569310188293457,0.4925606846809387,0.14563550422435786,0.039592195715576955,0.8062976437138835,0.4661386378976491,0.004022274678159873,0.3361355443306569,0.3848398554567767,0.050127613439252885,0.006387580186128616,0.0010896961167159588,7.243450090754777e-05,7.73307983763516e-05,,99.5897216796875,,,,,0.4776265621185303
Model6PhysicalFix_B_soft_gate,12056500,47.51426,-123.32989,0.6181110441684723,0.5019849782896408,0.7288366714899429,-189.01478341982352,-51.51858285607225,-0.732011079788208,0.4025564193725586,0.12127284209637842,0.03341186638491482,0.8657848356414075,0.4339372308335393,0.0020271883638321667,0.4298197752818021,0.442731827307421,0.012644083500133642,0.004442415200173855,0.0006261078741740371,7.237566751427948e-05,7.730923243798316e-05,,69.3853759765625,,,,,0.28551650047302246
Model6PhysicalFix_B_soft_gate,12073500,47.38926,-122.69902,0.763976201415062,0.8511884588980793,0.8069312173380904,-315.8563254717555,-27.314688960221584,-20.836803436279297,0.7042553722858429,0.2879055654359599,0.07068503502231774,0.4388485311903667,0.21499827915626013,0.005113952926790584,0.21873343534744016,0.4910522463031435,0.2775594836066079,0.023766476660966873,0.005633691676262353,7.231974450405687e-05,7.735488179605454e-05,,24.486297607421875,,,,,0.7123781442642212
Model6PhysicalFix_B_soft_gate,12082500,46.75261,-122.08372,0.7727123945951462,0.8715712490114087,0.7823235588603975,0.6702015377862683,-18.39991407894269,-4.601772785186768,0.7336557507514954,0.14206508748332575,0.03797524720919388,0.7583660242551903,0.3755916286919296,0.010578615686011709,0.3721949186550202,0.4722970459804937,0.10168563619118014,0.012753142043948174,0.0017732863864780724,7.231476047309116e-05,7.733906386420131e-05,,141.6732177734375,,,,,0.41949325799942017
Model6PhysicalFix_B_soft_gate,12092000,46.90372,-122.03511,0.6113104522228241,0.654934214503134,0.6535122405849293,4.493569168025273,-29.629379549672954,-3.3906898498535156,0.42937225103378296,0.12729135945336403,0.036860347404031164,0.642779074535533,0.2446009890625493,0.0009403827622595358,0.39723609063022425,0.6104443980064979,0.21577630665867584,0.008991424925625324,0.0012431382568906136,2687.0078125,8.973002433776855,,316.6817321777344,,,,,0.28548502922058105
Model6PhysicalFix_B_soft_gate,12095000,47.13955,-122.09261,0.8415587544441223,0.8425199575523893,0.844533726040595,-15.13376291666793,-25.99083237675674,-0.13177919387817383,0.7850611209869385,0.24492711586122845,0.06525127879679928,0.586095763479805,0.25999056575272755,0.008657904461458196,0.3174454368814107,0.48594364465618844,0.16964929316715993,0.007938619703054428,0.0017429796783308316,7.226780871860683e-05,7.736231782473624e-05,,52.99753189086914,,,,,0.5437049865722656
Model6PhysicalFix_B_soft_gate,12114500,47.34205,-121.54899,0.7727356106042862,0.8662229239248187,0.8062876425409062,-299.556451185798,-12.366067758824967,-3.49680757522583,0.6351709961891174,0.13270624800493336,0.03226997322569134,0.8297153185649904,0.48003738037193433,0.004421026028112093,0.3452558711541141,0.38233795062052084,0.0370437917004444,0.004958124831318855,0.0006813731629098178,7.263284351211041e-05,7.74036961956881e-05,,53.39256286621094,,,,,0.27329978346824646
Model6PhysicalFix_B_soft_gate,12115000,47.37011,-121.6251,0.8094050288200378,0.9037734653084862,0.8223183914479791,-176.54356780263794,-18.172258787748834,-2.2065329551696777,0.7260422706604004,0.13544515766843504,0.033152059565823525,0.8242956693841751,0.4937372663043103,0.004951711081879451,0.32560556893535697,0.3653890874756179,0.03970776075895539,0.005037297494709492,0.0006970970461310038,7.272663788171485e-05,7.74007203290239e-05,,56.231929779052734,,,,,0.2744201421737671
Model6PhysicalFix_B_soft_gate,12115500,47.35066,-121.66316,0.7818949073553085,0.809444507979618,0.7878817392828825,-154.36789835714455,-32.87327138939331,-3.0451931953430176,0.6860352456569672,0.12946229148191735,0.032748970535522115,0.8605548767902171,0.5320457363251072,0.0016618925255683693,0.32684634647173855,0.33662515578115837,0.009909736440244324,0.006052892189472914,0.0008514864867931277,7.26689031580463e-05,7.734137761872262e-05,,47.1833381652832,,,,,0.2733425796031952
Model6PhysicalFix_B_soft_gate,12117000,47.38649,-121.84622,0.8238285332918167,0.8923830018241438,0.8467630390162486,-139.11646174777724,-4.764601127781256,-0.6063027381896973,0.7029816508293152,0.16445402378607923,0.039514366374228616,0.773481364419847,0.28636953836219226,0.008683623695136424,0.4784275349009875,0.5399420906310031,0.06112943381481275,0.0068189771845936775,0.0010369802622748412,7.230360643006861e-05,7.733134407317266e-05,,94.64795684814453,,,,,0.3059777617454529
Model6PhysicalFix_B_soft_gate,12141300,47.48594,-121.64788,0.7975062131881714,0.8672958239947912,0.8020041390575675,-277.55468096057564,-22.08163863654147,-1.9705383777618408,0.720647007226944,0.11128958618676725,0.03113197999292124,0.8845319469929801,0.586906568495536,0.0007984606680344678,0.29682611407162884,0.30095077423075206,0.0042992526614957895,0.006696523632854223,0.0008327746228258341,7.281092985067517e-05,7.732254744041711e-05,,52.68235397338867,,,,,0.25573214888572693
Model6PhysicalFix_B_soft_gate,12143600,47.4526,-121.71788,0.807453915476799,0.8570513725061043,0.8074865211759256,-164.53570060968423,-33.98889379152052,-1.3402719497680664,0.7236347198486328,0.12570766183836435,0.03242041897256209,0.8550699599794254,0.5241725595537159,0.002831358823894453,0.3280651439283596,0.3469943897314791,0.018869899876734913,0.006274649873375893,0.0008209875096268783,7.281276339199394e-05,7.7379634603858e-05,,66.32624053955078,,,,,0.2730552852153778
Model6PhysicalFix_B_soft_gate,12144000,47.49288,-121.79011,0.8258363753557205,0.864351872828904,0.8341544715163474,-75.4145134636682,-20.52750055548807,-1.032867193222046,0.737037718296051,0.14148016765107851,0.036504802680939114,0.8197388250468651,0.46630717895001267,0.007269097025319653,0.34616158008566533,0.3845709882179181,0.03801046851176154,0.005983722861856222,0.0008248610248527706,7.26338112144731e-05,7.735031977063045e-05,,98.93636322021484,,,,,0.30671024322509766
Model6PhysicalFix_B_soft_gate,12145500,47.53982,-121.909,0.909999243915081,0.9348156735304638,0.9110280432413945,-313.6933264412647,-7.871824715357977,-2.6818041801452637,0.8618049621582031,0.18964296922470839,0.0456326943540491,0.7130121349307663,0.3531228128321536,0.006372223416027627,0.3535159491390336,0.45047896889206157,0.09750524009753593,0.006439280230551958,0.0010965068653168977,7.22626136848703e-05,7.73356732679531e-05,,33.21399688720703,,,,,0.3737334907054901
Model6PhysicalFix_B_soft_gate,12147500,47.71232,-121.78873,0.7080951035022736,0.7893135047838309,0.7858484164919781,-251.73879421135126,-18.200787284815767,-1.7428207397460938,0.6143034994602203,0.11829647506130424,0.02877833320874612,0.8787548183901149,0.548510189361164,0.0009514947625734149,0.32929255471699403,0.3323307726996681,0.003601868246334815,0.007421037647873163,0.0008475941542417386,7.273012306541204e-05,7.730461220489815e-05,,60.46211624145508,,,,,0.24489662051200867
Model6PhysicalFix_B_soft_gate,12147600,47.70677,-121.60011,0.6449988484382629,0.7077063757651579,0.6498425838279517,-199.73125807470902,-50.830850583513175,-8.771489143371582,0.5619871616363525,0.09607475455996968,0.02542974212049231,0.9029294395536148,0.7956519196619245,0.00039085147697512325,0.10688566340054821,0.10790153863122076,0.0021355247703267574,0.008668512105941772,0.0009000143667219738,7.242464198498055e-05,7.733872917015105e-05,,31.539384841918945,,,,,0.22028352320194244
Model6PhysicalFix_B_soft_gate,12167000,48.26149,-122.04764,0.7440963983535767,0.8032447678016377,0.7624395619964116,-205.24463628028857,-33.660079316199564,-0.5419571399688721,0.6229821443557739,0.14062442055656518,0.03760156371463278,0.8544892350276339,0.5093375252417495,0.001151825000909522,0.3439992800203331,0.3487942702321673,0.003968522503284078,0.005827231798321009,0.0008214255495962878,7.237105455715209e-05,7.731343794148415e-05,,95.21995544433594,,,,,0.29065999388694763
Model6PhysicalFix_B_soft_gate,12175500,48.67263,-121.0729,0.7308833301067352,0.7965404089949449,0.7626117967951609,-46.2415303769957,-18.662932977887994,-3.0557117462158203,0.3519566059112549,0.11491004991842435,0.0390869707622496,0.8843663330705958,0.6839363426825695,0.0008762877798966108,0.19955181018642698,0.2023502936362761,0.005715989364984202,0.014544118195772171,0.002625650647160761,7.254931551869959e-05,7.734807149972767e-05,,107.78225708007812,,,,,0.4007197320461273
Model6PhysicalFix_B_soft_gate,12178100,48.65596,-121.23846,0.7678017318248749,0.8209309148052903,0.789927546964881,-70.5169893198407,-16.34230455591444,-4.8589301109313965,0.6270459890365601,0.12128879007760086,0.034704449872144036,0.8721933893410206,0.6051353655266909,0.0010906605708794178,0.2659659975857308,0.2721239271915949,0.00528651920454833,0.007616519462317228,0.0012121398416769038,7.245173765113577e-05,7.73323408793658e-05,,114.88847351074219,,,,,0.3294544219970703
Model6PhysicalFix_B_soft_gate,12186000,48.16872,-121.47067,0.6255614757537842,0.6928655928498815,0.6398258160745304,-94.99716317221953,-51.58041906302914,-6.871132850646973,0.45652836561203003,0.1242093636172415,0.03599198299758209,0.8684581614313354,0.6228582451522074,0.001140577498622875,0.24445815205959592,0.25159699646164774,0.0072789649226206714,0.00722742173820734,0.001055607264633971,7.260827987920493e-05,7.736220140941441e-05,,65.46736145019531,,,,,0.307711124420166
Model6PhysicalFix_B_soft_gate,12189500,48.42456,-121.56846,0.7296932637691498,0.8356503165077573,0.7549568877910826,-38.044400123249844,-19.24036337416708,-3.6421289443969727,0.5725799202919006,0.13346842691528357,0.04171771018252728,0.860255388963286,0.5899971919952338,0.001390944508970506,0.2688661076846583,0.27495689782419147,0.006593014914532517,0.007332742214202881,0.0011953871638994958,7.262213330250233e-05,7.733031816314906e-05,,103.64190673828125,,,,,0.3441644310951233
Model6PhysicalFix_B_soft_gate,12358500,48.49524,-114.01012,0.9068353101611137,0.8893864349321363,0.9098121599785374,16.786660336373064,-34.6391986416869,-14.130558967590332,0.7951892465353012,0.23929064894715016,0.061579796125471035,0.6835577621783998,0.44327807558124316,0.007032644573508036,0.23324266005617247,0.309687955714477,0.08354699160571365,0.021969901397824287,0.0066663457251886354,7.263910083565861e-05,7.751368684694171e-05,,106.90904235839844,,,,,0.6660407185554504
Model6PhysicalFix_B_soft_gate,12374250,47.82966,-114.69763,0.6974334120750427,0.7470254459140677,0.7134222827634605,-40.883006736667554,-45.022009394418994,-70.10449981689453,0.576194703578949,0.4337353364539736,0.10204852670185986,0.21945713903569347,0.10081595033358125,0.008452990749577519,0.11017962376188023,0.45676621932378214,0.34990592550383776,0.00926814042031765,0.004095928352736116,7.244057633215562e-05,7.778135477565229e-05,,20.1019344329834,,,,,1.067557692527771
Model6PhysicalFix_B_soft_gate,12375900,47.4916,-114.02677,0.8073639869689941,0.8617684653285718,0.8074261656404997,-29.08153861073801,-54.36497210105167,-11.789228439331055,0.6516342759132385,0.22945184515497138,0.05310665557609582,0.7124361322684514,0.38679075539618846,0.005113997694175659,0.32052777745662114,0.377799490833685,0.05843927115016009,0.008341453038156033,0.0024155407526219113,7.269164780154824e-05,7.767522765789181e-05,,98.02397155761719,,,,,0.6960527896881104
Model6PhysicalFix_B_soft_gate,12377150,47.32299,-113.97955,0.7894981503486633,0.7684915935481837,0.8032678462763679,-138.26326383280343,-50.99991346383622,-6.397414684295654,0.5128169357776642,0.1681488650815357,0.042401825599905574,0.8172083636347227,0.5503933598879535,0.0014218374062212739,0.26539013427758934,0.2806880924587079,0.024862450347234236,0.03971415385603905,0.009857603913009124,7.249637565109879e-05,7.760818698443472e-05,,52.46129608154297,,,,,0.6113163232803345
Model6PhysicalFix_B_soft_gate,12381400,47.19549,-113.85065,0.7216354310512543,0.5733779630944615,0.8276702435545925,72.93252832688096,-56.687766635739905,-81.13034057617188,0.5413364171981812,0.3212774190689231,0.07948474191788146,0.36701455450594106,0.13569628400205347,0.006305879461664691,0.22500708740480044,0.5370633289418746,0.3161599555053297,0.013580291531980038,0.004575342213111432,7.2642789746169e-05,7.759695290587842e-05,,143.32632446289062,,,,,0.9731101989746094
Model6PhysicalFix_B_soft_gate,12383500,47.14743,-113.97427,0.5621481537818909,0.5669807969358921,0.5965431911855906,38.26006195167171,-43.91458126565145,-19.30478286743164,0.10514909029006958,0.2896162128076128,0.06566637891110183,0.4419967402036352,0.12648276111178805,0.005373860094503134,0.31013594837897374,0.5788580814651211,0.2728388632556706,0.015192666091024876,0.004998197508582531,7.262848521349952e-05,7.747185009066015e-05,,221.82125854492188,,,,,0.8495311141014099
Model6PhysicalFix_B_soft_gate,12388400,47.26632,-114.40679,0.6620626747608185,0.5234754404461341,0.7784626773718785,-26.687945776019898,-49.722981103482525,-104.82237243652344,0.4716392159461975,0.4068736391545982,0.08156611076493844,0.3175293641349473,0.12808406416412008,0.006604037630036338,0.1828339890803444,0.459721589052432,0.2851225494792091,0.020395364612340927,0.008793955469787734,7.238694524858147e-05,7.751269731670618e-05,,68.8406753540039,,,,,1.2646722793579102
Model6PhysicalFix_B_soft_gate,12390700,47.58605,-115.35515,0.7934266626834869,0.7349572042291186,0.8153245135774576,-24.569613979313537,-62.82721841536124,-13.79530143737793,0.5608206689357758,0.336885224405374,0.07417211124042876,0.34246295117193604,0.18801305021190517,0.012876807946465127,0.14156708582270475,0.46464606608165165,0.3269033894170635,0.010744989849627018,0.0036095744338717054,7.24300043657422e-05,7.757685671094805e-05,,28.62980079650879,,,,,0.9512849450111389
Model6PhysicalFix_B_soft_gate,12411000,47.70611,-115.97917,0.7581766545772552,0.7359806643529951,0.7705709618409532,-84.34162034062015,-63.44027125960528,-16.380054473876953,0.5567801296710968,0.31497794512895644,0.07595340546180844,0.5356579044447021,0.3321981091307693,0.01154070039366759,0.19191468954541144,0.34266655775372323,0.153075850838454,0.00790910143405199,0.002338500604730335,7.225017907330766e-05,7.757033745292574e-05,,19.064939498901367,,,,,0.635823667049408
Model6PhysicalFix_B_soft_gate,12414500,47.27464,-116.18905,0.8755435422062874,0.9056524482092628,0.8755685925073852,37.562377910773534,-32.69868465274465,-3.2757186889648438,0.7237436771392822,0.2848644016670821,0.06703621063739607,0.572713993771235,0.36157103187804734,0.012554201324800708,0.19858463390244446,0.342028960556651,0.14737852598826603,0.014125688001513481,0.003843372901841181,7.229887705761939e-05,7.744594768155366e-05,,43.6651611328125,,,,,0.6348418593406677
Model6PhysicalFix_B_soft_gate,12447390,48.82292,-120.14592,0.7146882712841034,0.566511067615687,0.7830227999559378,25.743815028175455,-52.54099273592217,-4.417904853820801,0.504317045211792,0.24052642900638527,0.057861386959996396,0.43312230638877347,0.2833596726030317,0.013644157642288572,0.13611044209452963,0.46230398031375664,0.33330650948078644,0.017037948593497276,0.006795392516372621,7.260978600243106e-05,7.746162009425461e-05,,63.86813735961914,,,,,0.8551499843597412
Model6PhysicalFix_B_soft_gate,12451000,48.32958,-120.69177,0.8110909312963486,0.8019174088417413,0.822574307171596,-5.490965934313712,-15.547475327171952,-10.064934730529785,0.5618892908096313,0.14260733777760992,0.039710305638439844,0.8394184827768545,0.585774852696782,0.0017196659115606273,0.2519211974996223,0.2694512246940626,0.023558120739065568,0.024881066754460335,0.005492203827680415,7.240554259624332e-05,7.740910223219544e-05,,86.5451889038086,,,,,0.4774097204208374
Model6PhysicalFix_B_soft_gate,12488500,46.97762,-121.1687,0.7212915122509003,0.7281643374099207,0.7280258957773285,-11.728442367132383,-26.92079225492719,-8.290892601013184,0.4121103286743164,0.19075802945716627,0.0466917452289752,0.5951384965616506,0.3084160810083793,0.008955396823475306,0.2777645835360086,0.49276855841326067,0.2214593960354958,0.0318487323820591,0.006544965322748898,7.239831029437482e-05,7.738691056147218e-05,,181.4259033203125,,,,,0.4608631134033203
Model6PhysicalFix_B_soft_gate,13011500,43.85028,-110.51778,0.8693555593490601,0.7738614640558605,0.8966911978348957,-57.214421168278406,-32.379985831312375,-25.18932342529297,0.7977768331766129,0.274601662703317,0.059359215964307946,0.6809665473172235,0.4268399765682887,0.003362612422111289,0.25075761575513217,0.2959593766532663,0.05999242258538262,0.03407755866646767,0.013733769930333399,7.259720587171614e-05,7.76621891418472e-05,,40.96150588989258,,,,,1.108940601348877
Model6PhysicalFix_B_soft_gate,13011900,43.83806,-110.44111,0.858459010720253,0.8396941354723102,0.8636807758898023,-16.9309923862235,-23.518603193694265,-13.439208030700684,0.7504594624042511,0.27177339245166154,0.062044603804709705,0.670887652047509,0.3608175478662713,0.005722478893779947,0.30434206474773734,0.3645995277125107,0.07494715270439159,0.027966739609837532,0.011594540462588135,7.26689540897496e-05,7.758864376228303e-05,,95.98211669921875,,,,,1.1416540145874023
Model6PhysicalFix_B_soft_gate,13018300,43.45215,-110.70409,0.8542424738407135,0.8055016936551078,0.8707484046261563,10.930196038471674,-29.78079985980372,-22.270030975341797,0.7982298731803894,0.33046917694909006,0.06757779738752812,0.5389433235245519,0.19697537179422575,0.006427188450091427,0.3355348207836791,0.4681000534775861,0.13848554132481442,0.008952721022069454,0.003924231606386216,7.243191794259474e-05,7.766400813125074e-05,,131.20680236816406,,,,,1.4951989650726318
Model6PhysicalFix_B_soft_gate,13023000,43.14278,-110.97667,0.8965121060609818,0.859726935091279,0.9263322844323233,-12.418027669206806,-5.736504149245155,-2.882023572921753,0.7693253457546234,0.32770581274227756,0.06688477646053095,0.5472862328389413,0.26871226265010967,0.007698616623221883,0.27086888829338407,0.3971965010892571,0.1333769073072133,0.016621870920062065,0.006884499278565591,7.239235856104642e-05,7.770868978695944e-05,,90.02192687988281,,,,,1.3054912090301514
Model6PhysicalFix_B_soft_gate,13083000,42.16583,-113.98361,-0.7228025197982788,-0.07682378690321578,0.803044470173508,26.54153035973524,30.8081180184418,-16.1385555267334,-1.9820530414581299,0.6082886065538152,0.12338242471632971,0.24571826295090574,0.07074899417943364,0.002691124167924549,0.17226816289522218,0.3257029208554391,0.19215213010867477,0.057154763489961624,0.03591281856211001,7.241011189762503e-05,7.760307198623195e-05,,51.887245178222656,,,,,2.1074204444885254
Model6PhysicalFix_B_soft_gate,13161500,41.93324,-115.67453,0.3792823553085327,0.23140231038292514,0.7707530946602668,28.81462335941215,-2.9550178376802023,-69.7265625,-0.17416751384735107,0.4935128702076224,0.10099225395132226,0.30941917912135697,0.14525829714741936,0.005115051455343252,0.15903184216042382,0.35702051929807643,0.21743793496623662,0.027591584250330925,0.019435898215774076,7.235529483295977e-05,7.763979374431074e-05,,10.834815979003906,,,,,1.8683744668960571
Model6PhysicalFix_B_soft_gate,13235000,44.08528,-115.62222,0.7912365645170212,0.6575795723608764,0.8619954387663166,-32.14313046043476,-30.270590063793104,-12.568740844726562,0.5961984395980835,0.32485574073162427,0.06170661470905459,0.4998639760782337,0.24383630585609428,0.011927038219467207,0.2440944020934936,0.42094786025420333,0.18745681443909526,0.024371474981307983,0.009271872117713447,7.243767322506756e-05,7.746291521470994e-05,,45.27847671508789,,,,,1.045420527458191
Model6PhysicalFix_B_soft_gate,13240000,44.91361,-115.99722,0.8167853504419327,0.7067702463300853,0.8448631024233617,13.658184500035912,-48.4667214189108,-5.224297523498535,0.6705935597419739,0.25642513953268636,0.04772025724043425,0.7004579086181745,0.43360415154459503,0.004007622070277831,0.26284140380887777,0.3087107775107008,0.061974851073196016,0.05143965780735016,0.01576256476889105,7.232528150780126e-05,7.755957631161436e-05,,12.333704948425293,,,,,0.7486714124679565
Model6PhysicalFix_B_soft_gate,13310700,44.98694,-115.725,0.8079927712678909,0.6555980274709448,0.8822671713976744,-10.631221841905466,-51.08021611597456,-14.231635093688965,0.6277340054512024,0.3188225044241949,0.06251796877079718,0.4544022041692178,0.19011069457256316,0.011047206073155177,0.25323918198979395,0.48275000896991777,0.24138254210942373,0.02831398695707321,0.009193038164685375,7.249732880154625e-05,7.744226604700089e-05,,72.2408218383789,,,,,0.9009509682655334
Model6PhysicalFix_B_soft_gate,13313000,44.96167,-115.5,0.7648170441389084,0.6454915521735982,0.8221647939720866,16.181622181522965,-49.44747447398273,-19.154420852661133,0.607331246137619,0.254883175513914,0.05220562208143673,0.3730291191414821,0.21945166378229214,0.00518823487583953,0.1483840933167523,0.5333473080287601,0.39390371880402103,0.023035114631056786,0.006304633956114643,7.247185567393899e-05,7.742321031400934e-05,,73.52625274658203,,,,,0.7880859971046448
Model6PhysicalFix_B_soft_gate,13331500,45.61987,-117.72659,0.8700134754180908,0.810458464751957,0.8843656680891745,-18.43368523514303,-36.62710106742281,-9.01559066772461,0.6993867754936218,0.30229432830360486,0.0689284643200215,0.6196295213613972,0.3523025522911701,0.0072191032935364765,0.26010247707516093,0.3382614831374146,0.08249740426444706,0.013789297081530094,0.004886690687300496,7.248717884067446e-05,7.755839033052325e-05,,81.8506851196289,,,,,0.8160085678100586
Model6PhysicalFix_B_soft_gate,13337000,46.15083,-115.58722,0.9175489172339439,0.8555927097910737,0.9280059203075721,7.649632335970526,-25.635657604524766,-7.79667854309082,0.8338703066110611,0.2606446796102801,0.061977961202003225,0.640721865841564,0.36036072471619174,0.013841392895551087,0.2665160001806395,0.3655655217890502,0.10463498851746797,0.020400214940309525,0.005593925984196783,7.250283670146018e-05,7.743190508335829e-05,,53.6628532409668,,,,,0.649167537689209
Model6PhysicalFix_B_soft_gate,13338500,46.08639,-115.97667,0.7949236035346985,0.7364871438268712,0.8570594022008132,56.64874626626343,2.2468673588965653,-21.1328182220459,0.52714803814888,0.4297978627269702,0.09147381792867394,0.39440045132589646,0.21011564183291706,0.008832047645078722,0.17544590331173934,0.35440985742475495,0.183768341818288,0.011224300600588322,0.004690676888381606,7.247034227475524e-05,7.748317875666544e-05,,45.943016052246094,,,,,0.9698477983474731
Model6PhysicalFix_B_soft_gate,13340000,46.47833,-116.2575,0.8817313015460968,0.8129950431659392,0.8978322712203674,13.90091878026491,-37.815832187764244,-36.158294677734375,0.7643087655305862,0.32675218128642347,0.07747964988636032,0.5814430353382515,0.33302611518349945,0.0020232961361115374,0.24638923292208287,0.3392522791391898,0.10326870938961935,0.03187381476163864,0.010605336560735017,7.237684621941298e-05,7.732975063845515e-05,,197.08226013183594,,,,,0.7939589619636536
Model6PhysicalFix_B_soft_gate,13340600,46.84047,-115.6207,0.9016039222478867,0.8772966267308809,0.9060053996874927,24.288271599234985,-22.29114961202637,-1.2457606792449951,0.7862754017114639,0.2555149904974233,0.06105647001504827,0.6416274958287446,0.3746829952896305,0.012906078565030387,0.25403478949509306,0.357119917182854,0.10820181111765627,0.019790083169937134,0.005168725201384519,7.243820436997339e-05,7.739223656244576e-05,,59.351417541503906,,,,,0.6006802320480347
Model6PhysicalFix_B_soft_gate,14020000,45.71958,-118.32329,0.7380691170692444,0.6719182867420526,0.7739442134745342,-259.8663430877076,-53.15930238773144,-17.425851821899414,0.4624561071395874,0.3562209751338148,0.07761193021347744,0.5230840176382342,0.29825580524083983,0.00656458410297007,0.2182578952185271,0.33975591147914225,0.12655405295109667,0.014207211323082447,0.0053326208855404055,7.222784915938973e-05,7.75123480707407e-05,,20.11771583557129,,,,,0.8648983836174011
Model6PhysicalFix_B_soft_gate,14092750,44.75039,-121.6334,0.6605872511863708,0.7221179646054722,0.6713309820359014,-21.361692221680777,-45.998147222369376,-4.1787285804748535,0.5392307341098785,0.21201565997606978,0.04699558045777115,0.6637516659469196,0.32116530604956683,0.007596346693007209,0.3349880138851668,0.45954641228333687,0.13240648639678002,0.03548186644911766,0.007467720895145804,7.280932914000005e-05,7.735046528978273e-05,,124.14038848876953,,,,,0.668968677520752
Model6PhysicalFix_B_soft_gate,14096850,44.95873,-121.39423,0.364279568195343,0.2737384876172275,0.7512259261525455,-9.040012294649504,-3.8415596124396365,-100.36766052246094,0.3350035548210144,0.38598324997568106,0.09583070487404392,0.3685344220415032,0.1006286342173373,0.003790920430906083,0.26411025828026136,0.5103007254215413,0.2571087005402256,0.02808034047484398,0.010468076869128574,7.24589335732162e-05,7.738084241282195e-05,,42.63572692871094,,,,,1.1441898345947266
Model6PhysicalFix_B_soft_gate,14137000,45.39956,-122.13731,0.8041820973157883,0.8822246897544507,0.8274094066810893,-176.8373120100011,-28.33913723644567,-2.0618207454681396,0.7195509672164917,0.16020829306555195,0.03906578696670489,0.7912093954752715,0.38028876214287116,0.007145414928356592,0.40377425461168487,0.4524414176786231,0.0493591788942976,0.006240901071578264,0.0009646236781951534,7.239554543048143e-05,7.735136023256928e-05,,58.15899658203125,,,,,0.32161036133766174
Model6PhysicalFix_B_soft_gate,14138800,45.45262,-121.89147,0.8164674639701843,0.8357949349219053,0.8181034904867308,-107.46446226784015,-35.74938946252788,-4.266529083251953,0.7427761554718018,0.1177591629579119,0.02849812625663519,0.8792899328491013,0.5568524797376355,0.0010899482430930857,0.32134685221453224,0.32457559274523967,0.003978533563762338,0.005654297769069672,0.0007129847699214183,7.238760008476675e-05,7.73393694544211e-05,,33.65485763549805,,,,,0.2709459662437439
Model6PhysicalFix_B_soft_gate,14138870,45.48012,-122.02564,0.7606803774833679,0.7452687179651216,0.8417113036640247,-189.21035253609767,-6.22402267441334,-1.080141544342041,0.6429800689220428,0.1366343199827453,0.029177636656749373,0.8185595114761224,0.4478448302788535,0.005071959678405051,0.36564196023723905,0.41077302104331137,0.04610639517354822,0.005859375,0.0006755326091924055,7.236248347908258e-05,7.736225961707532e-05,,19.874603271484375,,,,,0.2516622543334961
Model6PhysicalFix_B_soft_gate,14138900,45.49429,-122.03592,0.8382867276668549,0.8772119132906719,0.8416079250713967,-478.544104097296,-25.92620656953657,-4.437544345855713,0.7617289274930954,0.12961784660748754,0.026765183376716687,0.844855384360882,0.4581202744601566,0.003602785897475268,0.3831317555660216,0.40908075229637547,0.027138261448853833,0.0058240764774382114,0.0006303026241898027,7.236833334900439e-05,7.735908729955554e-05,,22.770849227905273,,,,,0.23818516731262207
Model6PhysicalFix_B_soft_gate,14139800,45.44456,-122.10953,0.8501133024692535,0.9016954595355926,0.8504345196586347,-195.71986248092685,-35.24928938415331,-2.1897780895233154,0.7709120959043503,0.12962738597581974,0.029563438696929224,0.8582524848570788,0.46003450762141296,0.002674285302819664,0.39554297896461804,0.4080027579618467,0.01349129823145174,0.0052028545178473,0.0006356315471135774,7.23490520613268e-05,7.733966049272567e-05,,33.58470153808594,,,,,0.266625314950943
Model6PhysicalFix_B_soft_gate,14141500,45.4154,-122.17148,0.8094851076602936,0.856427853318377,0.8430826582243307,-305.45796312206784,-22.618003086547805,-1.4180176258087158,0.6855781972408295,0.1500682210395292,0.033268575318380414,0.8011843590732769,0.4049952701822054,0.007640803692768364,0.38854741282887917,0.43761364727024343,0.04999287166228541,0.0050398604944348335,0.0006599925100520299,7.239419937832281e-05,7.735143299214542e-05,,28.294763565063477,,,,,0.2907550632953644
Model6PhysicalFix_B_soft_gate,14154500,43.73596,-122.8734,0.888827495276928,0.897651364262501,0.8897540750995788,-77.49871751357266,-16.626896604040667,-4.917881011962891,0.8216599076986313,0.23346850535036087,0.05555392248264152,0.5812453314711032,0.34410897990286526,0.011375550729270979,0.22575837083274397,0.41199468761590163,0.18743544604958992,0.005646240897476673,0.001192305900700602,7.246750465128571e-05,7.737608393654227e-05,,9.93610668182373,,,,,0.48781540989875793
Model6PhysicalFix_B_soft_gate,14158500,44.36095,-121.99562,0.5781948864459991,0.7650107465250454,0.7137111652836383,-152.90525025568226,0.20661536933286084,-4.914674282073975,0.04393911361694336,0.20867477771378,0.04534164994554886,0.6803142804560235,0.1904844585325724,0.009038217808728707,0.4807904855621711,0.5921030189882498,0.11272897889276422,0.007955608889460564,0.0013313732533056211,7.227922469610348e-05,7.743422611383721e-05,,145.85400390625,,,,,0.3871660828590393
Model6PhysicalFix_B_soft_gate,14158790,44.33457,-122.04701,0.79439277946949,0.8400005290765877,0.7967828050602699,-198.80894422995942,-20.06954825112374,-1.808609962463379,0.6401379406452179,0.17225106577370636,0.04125002782031889,0.8011705654667176,0.4953374281057667,0.004199345842105723,0.3016324679245917,0.3285978797737538,0.027902076565378374,0.006463378202170134,0.0010294300880638,7.226814341265708e-05,7.745906623313203e-05,,22.605985641479492,,,,,0.3608834147453308
Model6PhysicalFix_B_soft_gate,14166500,44.04984,-123.42621,0.870610699057579,0.8602117404535493,0.8789875440131287,-52.283017843828645,-19.30675293551694,-2.5771076679229736,0.7921154201030731,0.26849756043777245,0.06728407576157373,0.5428752526268915,0.32033578235122845,0.0032660099072760293,0.21927127712527725,0.4094840390115866,0.19213215089318592,0.00968300923705101,0.0018173107618186031,7.224518049042672e-05,7.740737055428326e-05,,12.351738929748535,,,,,0.6077306866645813
Model6PhysicalFix_B_soft_gate,14182500,44.79151,-122.57897,0.7749721705913544,0.709511299356089,0.7985475876318592,-114.78077303453746,-51.11259238823777,-0.28614091873168945,0.65932497382164,0.16444973025346618,0.04080364665895492,0.8078422034957745,0.4731689258144851,0.0038814058279202767,0.3307907896196744,0.3591170044128358,0.029491937539204153,0.00572058092802763,0.0008814493060796507,7.23826015018858e-05,7.7358607086353e-05,,16.2845516204834,,,,,0.3489223122596741
Model6PhysicalFix_B_soft_gate,14185000,44.39179,-122.49758,0.8805581629276276,0.9345282503850559,0.8819630632487636,-147.37639600179722,-27.463213315003635,-0.5679441690444946,0.7994729280471802,0.18421817309426602,0.045002432455822916,0.7489235879291732,0.43968002726130734,0.0073920577806440265,0.3018501158551434,0.3692425538855572,0.06831838907132391,0.006104238331317902,0.0010298710833747463,7.229849870782346e-05,7.738574640825391e-05,,18.676462173461914,,,,,0.3879581391811371
Model6PhysicalFix_B_soft_gate,14185900,44.54012,-122.43591,0.8770088031888008,0.8333117615480402,0.885576385246506,-161.80784701915505,-20.801356304086685,-1.8077566623687744,0.7865882813930511,0.15584559295628808,0.03684892017421167,0.8251244885292076,0.5204799367706573,0.0032856184120608548,0.30135776341073117,0.3210431961737282,0.020734691867454674,0.00639069639146328,0.0009388610695890407,7.225489389384165e-05,7.736528641544282e-05,,19.550556182861328,,,,,0.333461195230484
Model6PhysicalFix_B_soft_gate,14187000,44.37235,-122.62314,0.892035499215126,0.932108308361437,0.8926379198357057,-98.187755264598,-21.562567131506956,-0.6813102960586548,0.7979047000408173,0.2194118677878572,0.0490245262457099,0.6458722362999688,0.38006651671263764,0.006811293465344849,0.2589925855447115,0.39470828343257164,0.13683558490519665,0.006267609540373087,0.0011253079949308591,7.245264714583755e-05,7.73681967984885e-05,,10.249119758605957,,,,,0.4133336842060089
Model6PhysicalFix_B_soft_gate,14216500,46.07567,-121.9987,0.8270189613103867,0.9037617930899157,0.8344248313561791,-282.0813283626723,-36.505543638408845,-2.2169620990753174,0.6787822246551514,0.15484192443533779,0.031824233065809004,0.8112648095984064,0.4417767578622612,0.008850368393634015,0.3606365841614238,0.3950443533206018,0.0358944581552029,0.009852036833763123,0.0013181185844786795,7.236986130010337e-05,7.739756256341934e-05,,36.463008880615234,,,,,0.28151676058769226
Model6PhysicalFix_B_soft_gate,14222500,45.83678,-122.46621,0.8800042867660522,0.8993105730503604,0.8897872898416493,-260.2257299419318,-19.487010084380984,-2.155747175216675,0.8045021146535873,0.171141737215094,0.034274150983195334,0.7792033436672493,0.32623158736359503,0.005417812303746974,0.44755329195378346,0.49804464041038243,0.05181055788851822,0.004462238401174545,0.0005885914746639284,7.222076965263113e-05,7.735731196589768e-05,,16.73638916015625,,,,,0.29173099994659424
Model6PhysicalFix_B_soft_gate,14236200,46.59538,-122.45956,0.8281629383563995,0.7527152119415228,0.85094679435715,-232.83101539450286,-36.89169607644742,-1.3245007991790771,0.7236072719097137,0.17387086521671166,0.04508958534683311,0.8116079569426957,0.4280554174545848,0.0031823033295721188,0.3803692450726419,0.3949928074044068,0.015297396315049425,0.007209361530840397,0.0012515132963078338,7.233557698782533e-05,7.734161044936627e-05,,29.5788631439209,,,,,0.36393871903419495
Model6PhysicalFix_B_soft_gate,14301000,45.704,-123.7554,0.9465376436710358,0.9679058994221473,0.9478276178689415,-104.31995340349775,-9.29733505592013,-1.920168161392212,0.9018522799015045,0.2188818065123696,0.059314916597425105,0.651586621987202,0.38762974931205074,0.004737453153513333,0.25921797145158915,0.38934764758230633,0.1320572217814119,0.005964870098978281,0.000997587636398231,7.240611012093723e-05,7.741340232314542e-05,,14.77323055267334,,,,,0.4877121150493622
Model6PhysicalFix_B_soft_gate,14303200,45.32428,-123.5465,0.8670782297849655,0.897270567949164,0.8671447167395144,-237.40522485872967,-34.8740208187157,-3.158198833465576,0.7863892614841461,0.1584860572742451,0.03390112385119178,0.8183952440845805,0.42417291729198664,0.0030392512584054587,0.39118225500285997,0.41530603051269627,0.02581197527825987,0.005115642677992582,0.0007388332564179065,7.233649375848472e-05,7.738965359749272e-05,,14.772175788879395,,,,,0.32280233502388
Model6PhysicalFix_B_soft_gate,14305500,44.71512,-123.88733,0.8624463230371475,0.7752920840139251,0.8817783180171267,-131.54680109717805,-44.832067526474155,-2.723332166671753,0.7652733325958252,0.15015620806436195,0.03528823945216832,0.8405372801447616,0.4319787201448256,0.0024266231173085914,0.40613121777393085,0.4155829481171036,0.010229748924147767,0.004790243227034807,0.0006718611849883865,7.22198819858022e-05,7.736289990134537e-05,,16.883045196533203,,,,,0.32576924562454224
Model6PhysicalFix_B_soft_gate,14306340,44.2479,-123.63649,0.8024057000875473,0.7462221707826197,0.8357446473370147,-123.99833924700644,-22.249985981682446,-17.51778793334961,0.700542539358139,0.17025085986624774,0.04006048469955345,0.7836083751347068,0.41076568333478086,0.003177359625595033,0.36966451702635383,0.4171001427087452,0.0484255549880138,0.005134414881467819,0.000728996296192188,7.222660497063771e-05,7.736044790362939e-05,,11.592061996459961,,,,,0.3766475319862366
Model6PhysicalFix_B_soft_gate,14306500,44.38595,-123.83178,0.858071580529213,0.8170019910774549,0.8945027170387908,-234.9265996565706,-3.9692747718850776,-3.949108600616455,0.7506172358989716,0.20287365649328992,0.05130679918419616,0.6937458506926213,0.3697042126444876,0.0035503663565549376,0.3204901688299471,0.4245026382327439,0.10502157773923476,0.005972699262201786,0.000898642623045032,7.234087388496846e-05,7.735929102636874e-05,,15.697745323181152,,,,,0.4714452624320984
Model6PhysicalFix_B_soft_gate,14308990,42.82318,-123.12589,0.8419814109802246,0.8611907139780373,0.8428904079943027,-158.69202566359732,-30.238744940614424,-2.8020107746124268,0.778582900762558,0.3298689153278753,0.0805230960307027,0.3612143256712149,0.18131097299703428,0.007319161307906908,0.17258022012281762,0.4826247827063275,0.3125617545353817,0.009590545669198036,0.0025447985229611002,7.253195508383214e-05,7.752113015158102e-05,,13.837985038757324,,,,,0.8382653594017029
Model6PhysicalFix_B_soft_gate,14309500,42.804,-123.61091,0.8310215920209885,0.8386604977998692,0.8457494208596251,-163.99092587789423,-16.40217008557645,-9.471002578735352,0.7442044317722321,0.24163428980785787,0.06688304920527394,0.5904982357225028,0.35298016748756494,0.0022183578589535288,0.23529742276243973,0.40414179751862905,0.17027330899002435,0.007288947235792875,0.0014122580464080129,7.225641456898302e-05,7.736185216344893e-05,,11.562460899353027,,,,,0.6272280812263489
Model6PhysicalFix_B_soft_gate,14316700,43.34984,-122.72894,0.8799700736999512,0.9147539176278565,0.8805799329850323,-179.52019460960753,-14.681858298173486,-4.9245100021362305,0.808039054274559,0.22862854395008117,0.05607241423079017,0.6857297122351265,0.4212192561108141,0.00755076734615305,0.25695748141887614,0.34335746393256417,0.08783050471785299,0.0070182811468839645,0.0015099598759123751,7.230229675769806e-05,7.739273132756352e-05,,14.223959922790527,,,,,0.501305103302002
Model6PhysicalFix_B_soft_gate,14325000,42.8915,-124.07065,0.8371364921331406,0.9014263573491769,0.8383940016082716,-116.5379574648238,-25.473882105066856,-9.596590042114258,0.764549732208252,0.16987962637778636,0.04090466983099452,0.6892439839710286,0.3841658072804852,0.004320012952210683,0.30075666929274986,0.44159687818082227,0.1413029792736712,0.003188551403582096,0.0004994217071387772,7.244861626531929e-05,7.733541133347899e-05,,10.518743515014648,,,,,0.38660991191864014
Model6PhysicalFix_B_soft_gate,14362250,42.15401,-123.07532,0.6403308510780334,0.2555018399768352,0.7800359205874645,75.80913234212541,-13.733799456744812,-85.95223236083984,0.6187324225902557,0.36927283763060825,0.0839102550399477,0.22854760825828183,0.09796367206947017,0.0056245707794247484,0.12495317387278324,0.5274845597923167,0.40628782386860174,0.010678845457732677,0.003628221998626918,7.244809967232868e-05,7.757483399473131e-05,,21.89012908935547,,,,,1.1953904628753662
Model6PhysicalFix_B_soft_gate,14400000,42.12344,-124.18731,0.7191240787506104,0.4666520168440206,0.8556242444998753,-218.43942132699374,-48.24536525861639,-10.438465118408203,0.4929293394088745,0.14309610614095786,0.033309470216003376,0.8538263190507144,0.5425233913250389,0.0008563821270075484,0.3104453749616716,0.3131548454207886,0.0034742497514923375,0.0053454069420695305,0.0009113837254793364,7.218555401777849e-05,7.735761028015986e-05,,8.724074363708496,,,,,0.410302072763443
Model6Closed_Snow_aSrz_SIMHYD_Simple,1013500,47.23739,-68.58264,0.8873084187507629,0.938938485777133,0.8939866850686322,-113.4799481034479,-1.468477500524391,-4.1278181076049805,0.8205539882183075,0.4496166091625415,0.17226928255868718,0.5419406579029975,0.25942776251010063,0.005805178771898204,0.2767077465066047,0.2822218869408818,0.0,0.00014857608766760677,4.689357176163018e-05,7.232343341456726e-05,7.801322499290109e-05,91.6805648803711,99.03404235839844,0.3607611060142517,146.02903747558594,115.28348541259766,69.72868347167969,0.6305586695671082
Model6Closed_Snow_aSrz_SIMHYD_Simple,1022500,44.60797,-67.93524,0.808997631072998,0.8988692520811972,0.8142323704577645,-99.51677487406572,-14.451472228335728,-1.278264045715332,0.612934798002243,0.38051960250028843,0.12303005101243704,0.6144704767393288,0.2609099666188496,0.023690226518840396,0.329870292721773,0.33308116364935336,0.0,0.00016078971384558827,4.387927833456518e-05,7.221236592158675e-05,7.74569998611696e-05,77.07205200195312,67.37751770019531,0.34866011142730713,149.14491271972656,127.69683074951172,80.69844055175781,0.587356448173523
Model6Closed_Snow_aSrz_SIMHYD_Simple,1030500,45.50097,-68.30596,0.8627951294183731,0.9210671985036629,0.8652334448766705,-67.26311126190846,-5.542273677083023,-3.8603267669677734,0.6846559047698975,0.4177284780198212,0.15349973310477358,0.5775226994496915,0.298268290176012,0.005400128801921432,0.2738543217901682,0.2774318183129444,0.0,0.00015191521379165351,4.553243792807876e-05,7.246772293001413e-05,7.801831816323102e-05,55.11707305908203,67.75717163085938,0.3540354073047638,105.53437805175781,93.28962707519531,57.935977935791016,0.6241114139556885
Model6Closed_Snow_aSrz_SIMHYD_Simple,1031500,45.17501,-69.3147,0.8368524610996246,0.8763933232607335,0.8395369336642107,20.886059395856808,-20.022566137278307,-11.373034477233887,0.7486740350723267,0.3652258874723772,0.14250516425602425,0.6298793654993834,0.2976445440412794,0.005139564055970849,0.32709527432181484,0.33100036147823336,0.0,0.00015550453099422157,4.294313763949447e-05,7.221350097097456e-05,7.754704711260274e-05,48.11064147949219,80.62858581542969,0.30149325728416443,71.395751953125,64.79000091552734,43.439788818359375,0.5879503488540649
Model6Closed_Snow_aSrz_SIMHYD_Simple,1047000,44.8692,-69.9551,0.8157384097576141,0.8573085390206043,0.8175418546115664,-88.732081165373,-30.11475630168165,-2.5072522163391113,0.6936255395412445,0.37373214610437916,0.1351162776280769,0.6202099279231621,0.2995865087368369,0.011391652980918649,0.30923174521829694,0.31380538530525204,0.0,0.00015696413174737245,4.5494712356244754e-05,7.222815474960953e-05,7.752708916086704e-05,53.75513458251953,88.59410858154297,0.3191772997379303,85.95014190673828,75.39547729492188,50.56785583496094,0.6289293169975281
Model6Closed_Snow_aSrz_SIMHYD_Simple,1052500,44.87739,-71.05749,0.8293523192405701,0.8094946682609347,0.8365619844532343,26.643037087829637,-24.186861165087233,-7.223767280578613,0.7468358278274536,0.34391968883491064,0.14458287630505218,0.6505674566201765,0.2885601704990428,0.008750087961054968,0.35325718195827677,0.357912625367775,0.0,0.0001493917079642415,3.950466178549435e-05,7.252248178701848e-05,7.742232992313802e-05,59.76597213745117,103.21558380126953,0.261766642332077,85.76934814453125,78.97784423828125,56.57439041137695,0.5619144439697266
Model6Closed_Snow_aSrz_SIMHYD_Simple,1054200,44.39044,-70.97964,0.686493307352066,0.8058213906535614,0.6920259335061918,-8.099433333919642,-30.348157691800647,-9.274927139282227,0.5748095214366913,0.30199494968064894,0.11587130292824262,0.6925695392440131,0.3749975766221924,0.02138729626077818,0.29618462980146354,0.3011910985489148,0.0,0.00015272862219717354,3.580262025557987e-05,7.222327258205041e-05,7.735150575172156e-05,40.47725296020508,120.47914123535156,0.26591578125953674,64.095703125,59.72688293457031,42.305416107177734,0.523306131362915
Model6Closed_Snow_aSrz_SIMHYD_Simple,1055000,44.64275,-70.58878,0.714326947927475,0.8393517344561992,0.7234134796545559,21.476687536701895,-42.50961561565723,-4.146936416625977,0.5764323770999908,0.3446904091421794,0.12656325707959556,0.649068769332755,0.38321603326863074,0.010636166939416306,0.25521655835762713,0.26039812062635026,0.0,0.00015356297080870718,4.240701293688753e-05,7.25486024748534e-05,7.745514449197799e-05,47.1041374206543,106.09522247314453,0.2937861382961273,67.52516174316406,65.95314025878906,45.760826110839844,0.5990628004074097
Model6Closed_Snow_aSrz_SIMHYD_Simple,1057000,44.30399,-70.53968,0.7321349382400513,0.7090876141514855,0.8237824338298436,6.532470647718963,17.695660367045466,-6.41211462020874,0.5844634473323822,0.36159187572395196,0.12346171054899115,0.6320437698738108,0.2872047771592262,0.02134364600149755,0.32349538480348355,0.32818019884452726,0.0,0.000158465321874246,4.16799928421406e-05,7.221775013022125e-05,7.750589429633692e-05,63.49681091308594,101.38784790039062,0.30865389108657837,121.06522369384766,101.47067260742188,68.15388488769531,0.5973235964775085
Model6Closed_Snow_aSrz_SIMHYD_Simple,1073000,43.1487,-70.96506,0.8673093318939209,0.7817809678362494,0.8816606274107717,62.15984170054168,-14.678270349017776,-16.850187301635742,0.8429642021656036,0.39597478909232603,0.10775249754369357,0.6012049408215419,0.2943449729985585,0.01245443730860532,0.2944055977490432,0.2971659363487931,0.0,0.00016722045256756246,4.485608541327505e-05,7.220018596854061e-05,7.752328383503482e-05,50.77247619628906,60.570091247558594,0.3583082854747772,169.7081298828125,141.0890655517578,84.30635070800781,0.63020259141922
Model6Closed_Snow_aSrz_SIMHYD_Simple,1078000,43.56646,-71.74786,0.8126945048570633,0.7822210251326398,0.8400968587766424,-12.434104899052043,-16.547751621644952,-8.138442039489746,0.7206319272518158,0.39552436059502727,0.12560790917466855,0.5993371799019396,0.23575966711536522,0.030149464087688954,0.33342807252864864,0.33792057864002967,0.0,0.0001592951302882284,4.259449747153404e-05,7.224726141430438e-05,7.747494237264618e-05,60.670772552490234,96.07131958007812,0.3375818431377411,150.07106018066406,122.21192932128906,80.44571685791016,0.6130263805389404
Model6Closed_Snow_aSrz_SIMHYD_Simple,1118300,41.47482,-71.83424,0.767299011349678,0.855063202090516,0.7748891865415996,65.01057657266634,-10.360149942842513,-16.461376190185547,0.6640848219394684,0.3974308188507463,0.12121384587213098,0.5999459501538342,0.21894856241563004,0.01617646904341503,0.36482093666348797,0.3681414416358969,0.0,0.00017813799786381423,4.420598497585947e-05,7.218669634312391e-05,7.748622738290578e-05,56.33864974975586,81.49559783935547,0.35110482573509216,166.84861755371094,142.67413330078125,90.70016479492188,0.5927076935768127
Model6Closed_Snow_aSrz_SIMHYD_Simple,1121000,41.84371,-72.16897,0.772241473197937,0.776925206353701,0.7778995897782509,80.90276585776952,-29.227557364185298,-10.200453758239746,0.6860501766204834,0.4213407177399756,0.1299513511376197,0.5766099159819563,0.21802292145967067,0.009298305811854085,0.34928865759729083,0.3527120512845069,0.0,0.00017390215361956507,4.625734908402943e-05,7.218868267955258e-05,7.74804939283058e-05,50.867095947265625,82.20600891113281,0.3619832694530487,186.3271484375,147.5006561279297,90.51541900634766,0.6187262535095215
Model6Closed_Snow_aSrz_SIMHYD_Simple,1123000,41.67177,-72.0523,0.7129076421260834,0.6853615314295342,0.7921493944116397,6.367411913696765,-4.270096840353436,-13.356443405151367,0.6334333419799805,0.4166166607787783,0.12933580777102474,0.5806859941862667,0.21686016048596943,0.008331185786265443,0.35549466220687326,0.3589808806146626,0.0,0.00017464809934608638,4.481605852910848e-05,7.218885002657771e-05,7.746508345007896e-05,76.21926879882812,87.37930297851562,0.35435038805007935,215.6900634765625,168.29969787597656,102.58103942871094,0.6030824780464172
Model6Closed_Snow_aSrz_SIMHYD_Simple,1134500,44.51172,-71.83731,0.763889878988266,0.8313984429000272,0.7647840119242917,41.19568521157509,-24.68827518338933,-6.174979209899902,0.6204579472541809,0.38139099755742273,0.151638121398475,0.6141648341270322,0.25104307913330143,0.008686412698829013,0.35443538748303044,0.3589967582223446,0.0,0.00015375798102468252,4.301453650621301e-05,7.227792229969054e-05,7.742022717138752e-05,36.9204216003418,96.60188293457031,0.2801113426685333,71.33489227294922,64.77066802978516,45.14361572265625,0.6032446026802063
Model6Closed_Snow_aSrz_SIMHYD_Simple,1137500,44.26867,-71.63036,0.720867782831192,0.8156694481263235,0.7242799332659741,-51.02189667708299,-10.277522555626788,-6.581576824188232,0.5601643919944763,0.34177197870390735,0.13615591082752482,0.6515243606035387,0.20992977033233515,0.025327242938248503,0.4162673419461868,0.42218852068484525,0.0,0.00015183567302301526,3.6710757138542576e-05,7.232459029182792e-05,7.732765516266227e-05,72.348388671875,142.21514892578125,0.2728346586227417,124.6253890991211,99.32089233398438,71.31425476074219,0.5381382703781128
Model6Closed_Snow_aSrz_SIMHYD_Simple,1139000,44.15034,-72.06509,0.7712277323007584,0.8526967816313322,0.7737827295029371,27.52204447286459,-47.077596930849936,-2.880362033843994,0.5902311503887177,0.42606127123790744,0.16467820595812896,0.5692532905380273,0.19259134585034446,0.014606888582082148,0.3620550303291055,0.3667778066657824,0.0,0.0001581297256052494,4.878623953771581e-05,7.228335744002834e-05,7.738019485259429e-05,39.62122344970703,92.96525573730469,0.3308090269565582,75.73065185546875,67.50118255615234,44.0758171081543,0.6744132041931152
Model6Closed_Snow_aSrz_SIMHYD_Simple,1139800,44.09284,-72.33565,0.5964170098304749,0.7763184621056449,0.6431452780954938,30.430030682508775,-28.75592448741456,-11.897682189941406,0.30447524785995483,0.39159164395478396,0.13471676642421707,0.6042824882543752,0.24193165654391363,0.020436179826314942,0.341914635632895,0.34647892319258,0.0,0.00015386848826892674,4.489394326264836e-05,7.252964132931083e-05,7.739937427686527e-05,46.293033599853516,102.00981903076172,0.30110692977905273,98.85896301269531,84.3222427368164,58.208900451660156,0.6439156532287598
Model6Closed_Snow_aSrz_SIMHYD_Simple,1142500,43.93451,-72.65788,0.762447789311409,0.8323072405089684,0.7739977891383594,45.244387090050324,-29.109222490968868,-2.732222080230713,0.624709963798523,0.4228977561672402,0.15411679717916998,0.5735032502780617,0.2008126078864137,0.013131646333882805,0.35955900485111547,0.3634316602561545,0.0,0.0001591617037774995,4.5685826281705947e-05,7.262055441970006e-05,7.735681720077991e-05,48.211246490478516,81.70095825195312,0.32616540789604187,126.11039733886719,105.2952880859375,70.35836029052734,0.6477406024932861
Model6Closed_Snow_aSrz_SIMHYD_Simple,1144000,43.71424,-72.41815,0.7888714671134949,0.8437881514467204,0.7992952111181655,18.288524634615907,-32.565963385005524,-3.9430766105651855,0.6545759439468384,0.38783953505859,0.1372060132509772,0.607582464988493,0.2467366729599587,0.01573479664375858,0.345110964343784,0.3499052330940081,0.0,0.00015605476801283658,4.3484437074805153e-05,7.231342169689015e-05,7.745318725937977e-05,37.027320861816406,101.36268615722656,0.3039104640483856,85.62767791748047,75.67964172363281,50.77897262573242,0.6307596564292908
Model6Closed_Snow_aSrz_SIMHYD_Simple,1162500,42.68259,-72.11508,0.7835884392261505,0.7948018603103195,0.7940509370238673,7.601482854741023,-25.67784476841854,-13.421163558959961,0.6281327903270721,0.4313844428538671,0.12420498209672133,0.5651802350031611,0.16051645876211615,0.03135467174846845,0.37330912189918647,0.37765594697992994,0.0,0.00016423464694526047,4.277095617413764e-05,7.218286918941885e-05,7.742381421849132e-05,46.5267333984375,98.61422729492188,0.3758828043937683,196.37045288085938,151.73159790039062,92.05864715576172,0.5966617465019226
Model6Closed_Snow_aSrz_SIMHYD_Simple,1169000,42.63842,-72.72509,0.7339870631694794,0.8235676124364939,0.738455941604842,11.460786903494204,-24.199172326597736,-4.457864284515381,0.6038558185100555,0.3803182973227646,0.1325053602805149,0.6159989259420494,0.23401286716442385,0.013363920118452435,0.36862216924295554,0.372527484699879,0.0,0.00016084930393844843,4.014568894729687e-05,7.2190843638964e-05,7.73803549236618e-05,52.76242446899414,93.41014099121094,0.3103826642036438,144.72415161132812,115.72035217285156,75.52594757080078,0.574450671672821
Model6Closed_Snow_aSrz_SIMHYD_Simple,1170100,42.70342,-72.67065,0.7234761714935303,0.7632998532098254,0.7252464732029503,14.630951366769914,-27.286684192810416,-5.461272716522217,0.5565243363380432,0.3996024390489131,0.1543199967071906,0.5975280678785546,0.1647932155199407,0.011338951693103701,0.42139593573240414,0.4246182746971477,0.0,0.00016117154154926538,4.0587929830839437e-05,7.219263352453709e-05,7.736273983027786e-05,55.62723159790039,78.90396118164062,0.31053876876831055,162.65928649902344,129.12657165527344,84.82369995117188,0.5758737325668335
Model6Closed_Snow_aSrz_SIMHYD_Simple,1181000,42.23731,-72.89565,0.7552537471055984,0.776057007541997,0.7589633303716928,14.906607122175984,-34.48314116458486,-5.041319370269775,0.6558620929718018,0.3802755143555263,0.12144568674073943,0.6159193042224904,0.26099643908764636,0.01117213000256943,0.3437507693244734,0.34782488378755466,0.0,0.0001616268273210153,4.1340950593503626e-05,7.218405517050996e-05,7.742282468825579e-05,43.77442169189453,94.95298767089844,0.316497266292572,134.0749969482422,115.9573745727539,71.33829498291016,0.5939933061599731
Model6Closed_Snow_aSrz_SIMHYD_Simple,1187300,42.03732,-72.93899,0.6892820596694946,0.698862255702863,0.7051230851636889,53.522222087784726,-44.596691885109074,-15.674983978271484,0.5897200107574463,0.3715784528187833,0.10802310886020511,0.6246890222682324,0.31949631685130087,0.008519745089135068,0.2966729761429273,0.3003522521978576,0.0,0.0001637752866372466,4.0436592919042765e-05,7.219662074930966e-05,7.754986290819943e-05,62.47200393676758,92.32874298095703,0.31030285358428955,150.72299194335938,126.7605209350586,83.50568389892578,0.5772777199745178
Model6Closed_Snow_aSrz_SIMHYD_Simple,1195100,41.30593,-72.5312,0.6582030057907104,0.6478970118267537,0.6963400781265866,90.92264650107013,-29.575286784731315,-58.226749420166016,0.5788010358810425,0.42560774742218005,0.12033381405385936,0.5713963443163377,0.20720825073173166,0.009680216189736808,0.35450787220582974,0.35832662573378354,0.0,0.00018101363093592227,4.818162453823627e-05,7.218821701826528e-05,7.747298514004797e-05,69.29280090332031,90.56260681152344,0.37323057651519775,219.77151489257812,182.34024047851562,114.03277587890625,0.6392409205436707
Model6Closed_Snow_aSrz_SIMHYD_Simple,1333000,42.70897,-73.19677,0.6883077323436737,0.7889381270637781,0.693131195746874,11.89151468854169,-45.90655544329756,-4.557952404022217,0.4613213539123535,0.38741322601485245,0.14131532065120342,0.6083521333895543,0.2160544377326244,0.00718983384038168,0.38510787788580475,0.38921931695258644,0.0,0.00016417248116340488,4.305808353923651e-05,7.219286635518074e-05,7.741831359453499e-05,54.76748275756836,97.3087387084961,0.3009818494319916,105.80516815185547,93.47430419921875,63.523841857910156,0.5972830653190613
Model6Closed_Snow_aSrz_SIMHYD_Simple,1350000,42.31953,-74.43654,0.6848205924034119,0.7712125986304534,0.7048239205484701,1.16782478074622,-17.779436763313672,-17.670377731323242,0.5845734179019928,0.3440247556224619,0.10664289014391776,0.6507531258965706,0.3965705191095995,0.007490583483320951,0.2466919988739311,0.251024810431894,0.0,0.00016189356392715126,3.9448164681247106e-05,7.228089816635475e-05,7.754368562018499e-05,60.244049072265625,104.17327880859375,0.28781697154045105,97.77665710449219,88.10710144042969,59.43666076660156,0.5803928971290588
Model6Closed_Snow_aSrz_SIMHYD_Simple,1350080,42.37703,-74.41292,0.3954707384109497,0.5220903513084822,0.6150054779026628,-55.869257527766486,-13.844846286164973,-38.8329963684082,0.20769602060317993,0.37855667010840177,0.11442856664932932,0.6157347532611417,0.3464432607900207,0.007722600932623484,0.26156891462199866,0.26630909221400595,0.0,0.00016438284364994615,4.395190525961058e-05,7.221556006697938e-05,7.75268126744777e-05,55.19477462768555,101.56673431396484,0.31615421175956726,98.86190795898438,88.67876434326172,56.594520568847656,0.6410377025604248
Model6Closed_Snow_aSrz_SIMHYD_Simple,1350140,42.42897,-74.47293,0.4275099039077759,0.49681826096871795,0.5631808544625627,1.5865650315761732,-37.16091613124934,-29.068838119506836,0.3259825110435486,0.3820629272769771,0.1144780810175679,0.6109763830628541,0.3473969397159348,0.00698822410924106,0.2565912043429205,0.26254829714550665,0.0,0.00016123066598083824,4.311538963423051e-05,7.226029265439138e-05,7.759239088045433e-05,56.324981689453125,128.6795654296875,0.31467196345329285,96.75672149658203,83.88365173339844,54.93840026855469,0.6398831009864807
Model6Closed_Snow_aSrz_SIMHYD_Simple,1365000,41.86648,-74.4871,0.6441030204296112,0.8224478560931799,0.6894646455760681,-13.834818816109925,-25.641873607303662,-3.7424545288085938,0.476554274559021,0.3236497739020194,0.10211833170756604,0.6712911071777122,0.416196586862786,0.005894207681768552,0.24920037930008201,0.25359675352104,0.0,0.00016115671314764768,3.6394367244963746e-05,7.246610766742378e-05,7.754388207104057e-05,67.2334213256836,118.61985778808594,0.2622457444667816,105.60002136230469,94.8992919921875,67.9749526977539,0.5468335151672363
Model6Closed_Snow_aSrz_SIMHYD_Simple,1411300,39.30694,-74.82056,0.6480413377285004,0.7980864015415925,0.7132931452769619,-27.960852088471174,-37.62913360280314,-1.4417524337768555,0.4860985279083252,0.5712206776645176,0.14870933370901407,0.42786737218235377,0.15890871837262224,0.008540151068589918,0.26041849256585203,0.2627250000732621,0.0,0.0001899037742987275,5.782030133092381e-05,7.219186227302998e-05,7.765966438455507e-05,87.8889389038086,50.72368621826172,0.5138068795204163,318.5815734863281,252.47909545898438,131.99122619628906,0.7982944846153259
Model6Closed_Snow_aSrz_SIMHYD_Simple,1413500,42.14481,-74.65349,0.5369502902030945,0.6219486423940063,0.7064924079335357,-11.462305052132512,-16.397117081750867,-9.520697593688965,0.35756391286849976,0.3475737537819369,0.10911367874047312,0.646466662200954,0.3916657295082813,0.006381921530460388,0.2484189933991985,0.25365929013706534,0.0,0.0001607317681191489,3.942995142354104e-05,7.221116538858041e-05,7.757483399473131e-05,56.02517318725586,126.19242858886719,0.27978166937828064,96.03374481201172,85.29823303222656,58.32832717895508,0.5831020474433899
Model6Closed_Snow_aSrz_SIMHYD_Simple,1414500,42.1062,-74.73043,0.5112830102443695,0.684997221385602,0.6422073189340988,-8.494225899858009,-27.3191410730827,-13.48371410369873,0.3184438943862915,0.3286037416260178,0.10224928533787303,0.6651785466803678,0.41356678766828386,0.005848169360225157,0.24576359949489426,0.2511959471933689,0.0,0.00015954754780977964,3.7593187839960075e-05,7.24595010979101e-05,7.757430284982547e-05,60.40457534790039,137.95330810546875,0.2602361738681793,96.41236877441406,86.90115356445312,61.771854400634766,0.5602417588233948
Model6Closed_Snow_aSrz_SIMHYD_Simple,1415000,42.12009,-74.81849,0.48712748289108276,0.5627482328892555,0.6900439053171842,2.2174333778052446,-0.11534423828125,-16.435733795166016,0.29334568977355957,0.3559090369162314,0.11238247979864457,0.6377626675598674,0.3759031440739302,0.006231701077102419,0.25562782937581885,0.26141842979295504,0.0,0.00016012931882869452,4.005870490997196e-05,7.221138366730884e-05,7.754581747576594e-05,50.449302673339844,134.89877319335938,0.2885187864303589,89.66790008544922,81.900634765625,55.96098327636719,0.5930131673812866
Model6Closed_Snow_aSrz_SIMHYD_Simple,1423000,42.1662,-75.13989,0.706205427646637,0.7185901855210084,0.7795619824307876,-49.598512766490096,-20.764632858399885,-8.77251148223877,0.6161700785160065,0.37152534356032496,0.12102628345036986,0.6218077599090105,0.3488389361612963,0.00781332172749397,0.2651555034530494,0.27127803954865104,0.0,0.00015976311988197267,4.109813956869116e-05,7.219554390758276e-05,7.765574991935864e-05,50.67263412475586,137.95494079589844,0.29987573623657227,92.11437225341797,83.35877227783203,55.44134521484375,0.6012159585952759
Model6Closed_Snow_aSrz_SIMHYD_Simple,1434025,41.99537,-74.50099,0.5652718544006348,0.727588088186746,0.6079441138868786,23.795954834666837,-50.114025767711915,-7.942707061767578,0.4317973256111145,0.2838056806598903,0.0904870955063342,0.7106271785424483,0.46164424707699947,0.006428119281750906,0.24255477737101247,0.24723088335610185,0.0,0.000157444053911604,3.335746257840478e-05,7.247395842568949e-05,7.755999104119837e-05,75.10359191894531,136.04159545898438,0.22350560128688812,105.14202117919922,90.69511413574219,67.20824432373047,0.5121553540229797
Model6Closed_Snow_aSrz_SIMHYD_Simple,1435000,41.89009,-74.58988,0.6977508366107941,0.8291502530048481,0.7072659654634338,-16.305878723490046,-40.54032007775058,-2.634176731109619,0.5887671113014221,0.3033978605242599,0.09671657923591757,0.6911784626649842,0.4396318170312207,0.006390091362973954,0.24515655914770548,0.24979023408884696,0.0,0.00015893272939138114,3.478963509764117e-05,7.246199675137177e-05,7.753819227218628e-05,72.49366760253906,129.70413208007812,0.23999613523483276,107.64105987548828,94.5936279296875,69.01359558105469,0.532018780708313
Model6Closed_Snow_aSrz_SIMHYD_Simple,1439500,41.08815,-75.03767,0.6886618435382843,0.8106424825186561,0.7502515283392837,20.838004937647636,-6.253998410494458,-2.329638957977295,0.4761315584182739,0.4081860221624374,0.12222269891256721,0.5849880594456361,0.29572905360023233,0.00966390850374731,0.27959512764792505,0.28496990108403386,0.0,0.00016853786655701697,4.366785759652858e-05,7.218954124255106e-05,7.75843727751635e-05,78.83665466308594,120.36598205566406,0.3451065719127655,149.21951293945312,136.68887329101562,89.88380432128906,0.6365445852279663
Model6Closed_Snow_aSrz_SIMHYD_Simple,1440000,41.10667,-74.95222,0.7790238708257675,0.8329798648810317,0.8026711750139843,-1.3838096383838334,-11.627200107222459,-3.504746913909912,0.7039336264133453,0.4387669787537799,0.12783422233449812,0.5554512303772258,0.26846116273935966,0.007773489714393649,0.27921654623723446,0.28432830293482403,0.0,0.0001717744453344494,4.65330146296055e-05,7.219581311801448e-05,7.760171865811571e-05,72.62857055664062,110.88223266601562,0.3762832283973694,176.83212280273438,159.61996459960938,101.65342712402344,0.6600243449211121
Model6Closed_Snow_aSrz_SIMHYD_Simple,1440400,41.08481,-75.21462,0.6854971647262573,0.8154727599479139,0.7097169296960026,-8.6893396767711,-28.890917876375756,-5.3755669593811035,0.5667433440685272,0.39539316620519455,0.12318300720392603,0.5980984879639913,0.30441826493657537,0.009183123650695268,0.2844971432238911,0.28917959103976115,0.0,0.0001677828695392236,4.260678060217644e-05,7.218681275844574e-05,7.751304656267166e-05,82.195556640625,106.844970703125,0.33181867003440857,140.62266540527344,128.09237670898438,85.29522705078125,0.6224811673164368
Model6Closed_Snow_aSrz_SIMHYD_Simple,1451800,40.66176,-75.62685,0.767310231924057,0.8596068543895792,0.772664052333294,63.0565350438427,-14.155845008046848,-3.9559388160705566,0.6681103408336639,0.46269047964996535,0.14427958136044375,0.5327739089752058,0.22864678123781376,0.004199833181294136,0.29992727583205886,0.30320240985873087,0.0,0.0001784211490303278,4.9982255998542396e-05,7.227573951240629e-05,7.741274748696014e-05,72.37042236328125,69.7564697265625,0.3940238952636719,125.26953125,118.01036834716797,74.01525115966797,0.6904674768447876
Model6Closed_Snow_aSrz_SIMHYD_Simple,1466500,39.885,-74.50528,-0.3718276023864746,0.36077572248356515,0.6174948196511493,-143.92224351169523,-6.631677731280023,-22.965879440307617,-0.36888277530670166,0.6279652696583243,0.15523079843431395,0.36538563758329373,0.03440498357744557,0.010903618660545771,0.32007705050107654,0.3260156405649801,0.0,0.00018997104780282825,5.169121888067915e-05,7.218298560474068e-05,7.742700108792633e-05,149.5340118408203,138.5914306640625,0.5742253065109253,704.0888671875,439.2013854980469,202.09353637695312,0.8643959760665894
Model6Closed_Snow_aSrz_SIMHYD_Simple,1484100,38.90578,-75.51275,0.454215407371521,0.6512561004420754,0.517401342123996,43.031266902790875,-67.77598102763928,-3.586486339569092,0.31765639781951904,0.6141759588429917,0.17477364801337222,0.38163577599863935,0.08530612114310436,0.009315359032932501,0.28701430872338596,0.2901704596002161,0.0,0.00019221905677113682,5.565110119370369e-05,7.232452480820939e-05,7.740885484963655e-05,106.81095886230469,66.31588745117188,0.5452118515968323,353.23486328125,264.95245361328125,135.5853729248047,0.7836195230484009
Model6Closed_Snow_aSrz_SIMHYD_Simple,1485500,38.22892,-75.47144,0.7229604721069336,0.5513797003952869,0.7772931095323761,-66.64726470319472,-37.292818097596246,-55.07940673828125,0.6877382397651672,0.5779568442152854,0.1383438273530244,0.4154486250615472,0.1656752603445878,0.015117420035442258,0.23465592140344785,0.2393755965171539,0.0,0.00018958178407046944,5.6593526555059495e-05,7.219803228508681e-05,7.783731416566297e-05,98.55365753173828,90.9469223022461,0.5302738547325134,309.2489929199219,245.20028686523438,123.93605041503906,0.8116757869720459
Model6Closed_Snow_aSrz_SIMHYD_Simple,1486000,38.21389,-75.67139,0.6798296868801117,0.7228028066732147,0.6852589455505936,-33.93023295921376,-52.20849655504329,-98.66621398925781,0.6434483528137207,0.5461265534551332,0.13986503338284315,0.44742756851479204,0.19276170923016844,0.014357999054526047,0.24030784051519918,0.24471638094609222,0.0,0.00018888925842475146,5.571495743431863e-05,7.21920223440975e-05,7.767938950564712e-05,87.87092590332031,84.78144073486328,0.4988022446632385,217.5565185546875,177.85435485839844,94.08507537841797,0.816886842250824
Model6Closed_Snow_aSrz_SIMHYD_Simple,1487000,38.72833,-75.56186,0.6394698917865753,0.7839303024952624,0.7170612669962718,-88.75851244117803,-9.320718694051731,-1.1408860683441162,0.3624170422554016,0.6325624684554645,0.18952401350887027,0.3630771416992867,0.11092242900732738,0.004329714678905398,0.2478250196870782,0.2509397600067076,0.0,0.0001903902302728966,5.487842888844455e-05,7.226940215332434e-05,7.740175351500511e-05,100.21698760986328,65.81168365478516,0.5621299743652344,328.793212890625,250.6818389892578,124.95703125,0.7809343338012695
Model6Closed_Snow_aSrz_SIMHYD_Simple,1491000,38.99719,-75.78581,0.6558725833892822,0.6987061929147547,0.658039445890748,56.88174430876921,-52.62129502738189,-7.7813310623168945,0.5353877246379852,0.5884280777888845,0.1813028790182138,0.40755880710923587,0.17415065075760933,0.0047035106492869065,0.22870464367519278,0.23173159885154376,0.0,0.00019007839728146791,5.5342554066050554e-05,7.226325396914035e-05,7.756169361528009e-05,95.64774322509766,62.02379608154297,0.51736980676651,252.41964721679688,200.6147003173828,104.77340698242188,0.7843862175941467
Model6Closed_Snow_aSrz_SIMHYD_Simple,1510000,42.54118,-75.89964,0.7672681659460068,0.788436272171591,0.7700215927971006,-9.787295761064737,-36.54959460310266,-10.615568161010742,0.6650265157222748,0.4147262034924625,0.13478167314209624,0.5782986584857003,0.29351957386537664,0.010430753355745188,0.27434832159629496,0.2806249970350597,0.0,0.00015810226614121348,4.573908512809386e-05,7.242672290885821e-05,7.768385694362223e-05,51.35171127319336,125.642333984375,0.33218467235565186,110.0987777709961,95.159912109375,63.034149169921875,0.647206723690033
Model6Closed_Snow_aSrz_SIMHYD_Simple,1516500,41.79091,-77.01469,0.22752618789672852,0.15042142200920372,0.5187855027295919,54.269218718884616,-44.468759693380306,-141.8249969482422,0.143021821975708,0.4509729445386974,0.127603180375497,0.5422482199089155,0.2680000585696462,0.009366968869468147,0.26488119759191336,0.271179428766744,0.0,0.00016755274555180222,5.136066336425366e-05,7.241259299917147e-05,7.75066509959288e-05,56.50123977661133,118.35760498046875,0.37756091356277466,134.07545471191406,112.27193450927734,68.03954315185547,0.7120198607444763
Model6Closed_Snow_aSrz_SIMHYD_Simple,1518862,41.92313,-77.53193,0.6506495773792267,0.6556035306059649,0.6670521283325732,0.14756313100218468,-37.181535215438835,-86.58341979980469,0.5589238703250885,0.49450017806857904,0.14438393464346377,0.4977433366644371,0.2349550137623907,0.007386225912607302,0.25540212342696367,0.2625283381090564,0.0,0.00016497817705385387,5.40045730738812e-05,7.22557379049249e-05,7.766273483866826e-05,43.576576232910156,125.43994140625,0.4043552875518799,128.8987274169922,108.25382232666016,64.82823181152344,0.7480387091636658
Model6Closed_Snow_aSrz_SIMHYD_Simple,1532000,41.70702,-76.48467,0.5665087997913361,0.5942940716787135,0.6186884645418506,31.29674339125206,-44.39142536945659,-30.37191390991211,0.4874206781387329,0.4343184452664038,0.1261799191013782,0.5587264663483775,0.32056598938377096,0.008327732585750636,0.22983277204142213,0.23599803883470222,0.0,0.00016798720753286034,5.214347141020872e-05,7.239939441205934e-05,7.753314275760204e-05,47.553714752197266,112.79862213134766,0.359081894159317,80.25023651123047,76.11792755126953,46.277103424072266,0.7188891172409058
Model6Closed_Snow_aSrz_SIMHYD_Simple,1539000,41.07814,-76.43106,0.8006921112537384,0.8186203773894541,0.8036763152542145,-50.99377271040458,-28.327828362513863,-3.67897891998291,0.7488762736320496,0.4403276346069861,0.136062094573597,0.5526981794980069,0.2664432637915957,0.010040836885788357,0.2762140723678709,0.28154851075647935,0.0,0.00016988952120300382,4.920427191515064e-05,7.226333400467411e-05,7.754159742034972e-05,61.23099899291992,104.33897399902344,0.36041247844696045,116.35762786865234,103.58129119873047,64.98463439941406,0.6893972754478455
Model6Closed_Snow_aSrz_SIMHYD_Simple,1542810,41.57895,-78.29251,0.701968789100647,0.6970391033849069,0.7205603261134143,-24.1659322271602,-26.036108065061512,-68.18687438964844,0.636326938867569,0.4267710017734232,0.13931749936214208,0.5665428897343345,0.3094320318096653,0.010529380177419893,0.2465814851177317,0.25246809609735776,0.0,0.0001652311475481838,4.858772315453801e-05,7.219467079266906e-05,7.752735837129876e-05,34.520347595214844,113.02345275878906,0.3496237099170685,68.5848388671875,63.943519592285156,40.59574508666992,0.6628879904747009
Model6Closed_Snow_aSrz_SIMHYD_Simple,1543000,41.4134,-78.19695,0.7704316079616547,0.78854243670848,0.7898175157103395,9.889238718803876,-20.2266722157851,-22.95767593383789,0.7003445029258728,0.4333101367426593,0.14678082125132766,0.5601383291727897,0.29552765007519016,0.010197153789429885,0.25441352200293316,0.26008044258227714,0.0,0.00016519479686394334,4.901399807499058e-05,7.228429603856057e-05,7.75881708250381e-05,33.70753860473633,107.596923828125,0.3537774682044983,66.17750549316406,61.26020812988281,38.48716735839844,0.6715822219848633
Model6Closed_Snow_aSrz_SIMHYD_Simple,1543500,41.31728,-78.10306,0.7822094559669495,0.780039599618073,0.8026562699393206,-37.73414617889158,-26.633201155149003,-19.873106002807617,0.7198568880558014,0.43699756848998395,0.1488319373691776,0.5565527303524744,0.2894198316226599,0.009598562943692785,0.25753434481628124,0.2630003299456115,0.0,0.00016441145271528512,4.8463641337052706e-05,7.230907795019448e-05,7.769899821141735e-05,36.94111251831055,104.68540954589844,0.35481148958206177,72.5191879272461,65.6727294921875,41.32298278808594,0.6699835062026978
Model6Closed_Snow_aSrz_SIMHYD_Simple,1544500,41.4759,-77.82582,0.7178515195846558,0.7679355986285471,0.7622857674758879,-30.55001431702673,-25.892282561012735,-22.369258880615234,0.6076482236385345,0.4304903467047492,0.13616739611981546,0.5626232690513542,0.2928417919653061,0.009452984694703077,0.2603285320489487,0.26626855367767693,0.0,0.00016470163245685399,4.886122722242401e-05,7.228163303807378e-05,7.762258610455319e-05,38.726463317871094,113.7935562133789,0.35832345485687256,87.419189453125,79.41865539550781,49.172637939453125,0.6810411214828491
Model6Closed_Snow_aSrz_SIMHYD_Simple,1545600,41.38951,-77.69082,0.5602204501628876,0.5934485320959741,0.7282897053004799,21.068728456452185,-3.5927688008817444,-36.833702087402344,0.386186420917511,0.42470568532564573,0.13845636452542184,0.5691991110482745,0.305549705293178,0.00719613453629949,0.25645326059813084,0.26186450638960196,0.0,0.00016634169151075184,4.879673403802423e-05,7.22608674550429e-05,7.753798126941547e-05,38.03824234008789,104.56790161132812,0.34985238313674927,78.87500762939453,74.82044982910156,46.8516731262207,0.6789721250534058
Model6Closed_Snow_aSrz_SIMHYD_Simple,1547700,41.05951,-77.60583,0.7563744336366653,0.69549745400295,0.7697070647668737,8.269507862685817,-28.231354623539723,-63.381690979003906,0.7150315940380096,0.4812234709000048,0.14664373718359108,0.5117052462875453,0.2537068582886698,0.006666752921396934,0.25133161110796726,0.2573551670510879,0.0,0.0001719918946037069,5.4825755863713035e-05,7.22609183867462e-05,7.751577504677698e-05,49.097816467285156,109.02677917480469,0.40677112340927124,115.14012908935547,106.34774017333984,61.352996826171875,0.7487682104110718
Model6Closed_Snow_aSrz_SIMHYD_Simple,1548500,41.52174,-77.44748,0.7444367110729218,0.708492436742026,0.8220788726584596,-87.94871792279666,-9.329087232747558,-25.82976531982422,0.6391798555850983,0.45282643502246367,0.13921397145384048,0.5405082253434641,0.28435985080658327,0.008237185605465656,0.24791114554089277,0.2538892903804281,0.0,0.00016379717271775007,5.1040217220730545e-05,7.252139039337635e-05,7.781085150782019e-05,38.94974136352539,110.35635375976562,0.3745495080947876,95.54882049560547,85.30266571044922,51.973602294921875,0.7204355001449585
Model6Closed_Snow_aSrz_SIMHYD_Simple,1549500,41.47368,-77.23081,0.5165850818157196,0.5072260159720539,0.7326563965839028,-10.369110835716116,-9.392906335351078,-61.92267990112305,0.43798696994781494,0.4117482099966446,0.11500714528941793,0.5815303341436374,0.34536239506036637,0.008028569246263733,0.2281393131314472,0.233773836814074,0.0,0.00016729312483221292,4.866166127146205e-05,7.239459955599159e-05,7.746193296043202e-05,49.453826904296875,109.47502899169922,0.3488844037055969,86.02162170410156,78.67279052734375,49.03440475463867,0.6883711814880371
Model6Closed_Snow_aSrz_SIMHYD_Simple,1550000,41.41841,-77.03275,0.6373448371887207,0.7177951222316383,0.7255591905623938,-20.54263218317279,-21.326564837558518,-14.865425109863281,0.5553590059280396,0.42053147124530427,0.14002122653060087,0.5728212894332091,0.31266672342504287,0.006988327177563689,0.253166259817942,0.2586502968345978,0.0,0.0001666356110945344,4.829843936157701e-05,7.244500011438504e-05,7.749809446977451e-05,53.932464599609375,108.67283630371094,0.34543341398239136,81.35101318359375,75.81514739990234,48.07792663574219,0.6804351806640625
Model6Closed_Snow_aSrz_SIMHYD_Simple,1552000,41.32508,-76.91246,0.7378812432289124,0.7170807650788351,0.8271514464271885,-7.593058319550136,-0.01530255021878125,-7.399354934692383,0.6727779507637024,0.41740810848143833,0.14740982036296574,0.5760700354620766,0.29523284033590164,0.010594406961913005,0.27024280806023704,0.27566823990667316,0.0,0.00016597495414316654,4.742955173364645e-05,7.21965916454792e-05,7.757276762276888e-05,51.12921905517578,107.97032165527344,0.3389511704444885,80.39837646484375,73.0630874633789,47.358699798583984,0.6648448705673218
Model6Closed_Snow_aSrz_SIMHYD_Simple,1552500,41.35702,-76.53467,0.7186271846294403,0.8089206368666677,0.7312034231111172,-1.8741125015751439,-33.24518774520617,-7.835926055908203,0.6476795077323914,0.39103423774825674,0.119991228628971,0.6021592273353162,0.3322838886084881,0.00935937676101199,0.26051599182645424,0.2661465750001225,0.0,0.00016796721320133656,4.61785436844291e-05,7.218549581011757e-05,7.747919153189287e-05,56.207279205322266,116.82548522949219,0.3185651898384094,94.2850341796875,87.93803405761719,58.0126953125,0.6326097846031189
Model6Closed_Snow_aSrz_SIMHYD_Simple,1557500,40.68367,-78.23362,0.7386782765388489,0.8455074178884643,0.7436798873173052,-96.3568713777245,-9.70414558547148,-22.072296142578125,0.6028064787387848,0.480337072292198,0.14404695602563275,0.5132557581438101,0.2405297820582046,0.007864253110988102,0.2648617388932093,0.27008071645832415,0.0,0.00017260323511436582,5.481031663467737e-05,7.244606240419671e-05,7.757476123515517e-05,48.83626937866211,96.36439514160156,0.40580111742019653,118.05580139160156,102.51988220214844,60.29912567138672,0.7483418583869934
Model6Closed_Snow_aSrz_SIMHYD_Simple,1567500,40.37092,-77.40221,0.6058055758476257,0.7069476606033724,0.6896709485008331,41.3275521701091,-24.991570378122013,-27.19137191772461,0.5288181602954865,0.49344756035369003,0.14137729454651424,0.4977331243068803,0.18110095060265996,0.010884283250181459,0.3057478676873346,0.311967016273303,0.0,0.00017852614109870046,5.405295519095194e-05,7.226842717500404e-05,7.742390152998269e-05,77.8436050415039,116.24137878417969,0.42903029918670654,159.5330810546875,127.16998291015625,71.8568344116211,0.7575274109840393
Model6Closed_Snow_aSrz_SIMHYD_Simple,1568000,40.32342,-77.16887,0.7533393353223801,0.7348900413130637,0.7705630900336492,-59.51084984605256,-30.064388826907827,-24.051956176757812,0.693875789642334,0.4659357050477287,0.1318592507623457,0.5253094189894384,0.19795922519990433,0.011798828595400051,0.3155513993459096,0.321789504119862,0.0,0.00017650586960371584,5.1535248453492135e-05,7.218860264401883e-05,7.747414929326624e-05,74.63152313232422,122.41021728515625,0.40509384870529175,128.64480590820312,110.51697540283203,65.08782196044922,0.728279709815979
Model6Closed_Snow_aSrz_SIMHYD_Simple,1580000,39.62997,-76.40331,0.47614145278930664,0.6387918364311138,0.674399360820188,53.20176701370161,-17.201767083560814,-4.6847662925720215,0.31939035654067993,0.5261145474360256,0.18417232557591787,0.46596481601793194,0.11236816165922653,0.004677713716423723,0.3489189248475084,0.3528629681861424,0.0,0.00018470305076334625,5.237677002981636e-05,7.287921471288428e-05,7.729102799203247e-05,184.498291015625,88.83621978759766,0.4389856457710266,376.84515380859375,266.3121032714844,166.1251983642578,0.7364373803138733
Model6Closed_Snow_aSrz_SIMHYD_Simple,1583500,39.51078,-76.6765,0.49902552366256714,0.6777199403766645,0.6234288166330145,52.938195173788515,-37.370052526836645,-4.422911643981934,0.35082632303237915,0.5780115965689843,0.18327105408144453,0.41304384892703494,0.08887423525199253,0.005880421471928779,0.3182891597336263,0.3235086814417598,0.0,0.00018736506171990186,5.601194703963529e-05,7.252422074088827e-05,7.732289668638259e-05,165.4949188232422,108.36666107177734,0.5050665140151978,392.4020690917969,268.23175048828125,151.8662872314453,0.7825867533683777
Model6Closed_Snow_aSrz_SIMHYD_Simple,1586610,39.45189,-76.95531,0.5273556113243103,0.633217875879873,0.5790943372193478,51.58444414400469,-51.62420256634789,-12.802130699157715,0.441811740398407,0.5567547347297259,0.1904269149982701,0.4347490940379283,0.10142801017727679,0.003019657488988866,0.33030139847227413,0.3343530461353216,0.0,0.0001858459145296365,5.475830669910007e-05,7.290135545190424e-05,7.729726348770782e-05,204.9065399169922,88.86012268066406,0.47146788239479065,446.78729248046875,296.1634826660156,173.18038940429688,0.7698362469673157
Model6Closed_Snow_aSrz_SIMHYD_Simple,1591400,39.25597,-77.05106,0.5100233554840088,0.5920969240437632,0.60382722671819,68.71301618186652,-38.26790808179479,-8.81585693359375,0.46673905849456787,0.5602918412258161,0.1848500122141433,0.43120320673337,0.10152028210568043,0.003564689103763829,0.3261182568934163,0.3300015075682451,0.0,0.00018709184951148927,5.521498157704986e-05,7.289152563316748e-05,7.728306081844494e-05,194.46188354492188,81.84980010986328,0.48705774545669556,426.85699462890625,289.29388427734375,169.37876892089844,0.7987880110740662
Model6Closed_Snow_aSrz_SIMHYD_Simple,1594950,39.27669,-79.39031,0.5416052639484406,0.5888580848797467,0.6707499490556985,82.85195230552273,-25.442030216350517,-63.157440185546875,0.39290350675582886,0.37729698071270074,0.12717242601566078,0.6182060370165583,0.3427100579112948,0.01143739121935419,0.2640585692126638,0.26843462631200715,0.0,0.0001627807505428791,4.042409686862011e-05,7.230738265207037e-05,7.75633379817009e-05,33.90354919433594,103.13663482666016,0.32982495427131653,72.24626159667969,64.98015594482422,42.84294509887695,0.6256999969482422
Model6Closed_Snow_aSrz_SIMHYD_Simple,1596500,39.57006,-79.10194,0.7554912865161896,0.7374597027202058,0.7713980115482815,-1.14111327646095,-28.003820931252896,-51.757896423339844,0.6731382310390472,0.4302903754545117,0.1290136148436647,0.564452911304704,0.29577862516047354,0.00763887655202791,0.26103538020144557,0.2656330873566449,0.0,0.00016810029046609998,4.927855365929294e-05,7.227442256407812e-05,7.759664003970101e-05,44.60453796386719,93.78359985351562,0.37298983335494995,98.33972930908203,90.87355041503906,54.22940444946289,0.7352662086486816
Model6Closed_Snow_aSrz_SIMHYD_Simple,1605500,38.63567,-79.33782,0.6185733377933502,0.3993042091114424,0.7446388884349856,-240.0929367413454,-17.1572235981817,-76.64920806884766,0.6024709343910217,0.48178785869746604,0.16804191741789554,0.5106225174649474,0.1836804061593616,0.00853268712053673,0.3184094371102517,0.3247260629107595,0.0,0.0001733451645122841,5.3633862093233876e-05,7.2217830165755e-05,7.749595533823594e-05,52.87807846069336,120.99639129638672,0.42149174213409424,103.80461883544922,93.70002746582031,55.02260208129883,0.784054696559906
Model6Closed_Snow_aSrz_SIMHYD_Simple,1606500,38.99122,-79.17587,0.6462648212909698,0.5015184142262428,0.7387115924691784,-175.7522564284939,-28.418334864366614,-76.90931701660156,0.6058812439441681,0.46009813453044907,0.17121544665143376,0.5327774599321103,0.20926896756503996,0.010235057083142504,0.3132733813927131,0.31932989168140175,0.0,0.00016972546291071922,4.976250859148445e-05,7.223702414194122e-05,7.749517681077123e-05,44.489463806152344,119.87034606933594,0.3994644284248352,81.47776794433594,75.0867919921875,45.72060775756836,0.7429977655410767
Model6Closed_Snow_aSrz_SIMHYD_Simple,1613050,39.89842,-78.13223,0.6433011293411255,0.6060675920712792,0.6596161977970383,82.83442228694643,-52.04127986392664,-118.53174591064453,0.5636349320411682,0.49036738391601215,0.133897255584693,0.5022938981274191,0.24115361080142572,0.00695033410280644,0.2541899268402065,0.2598435673594213,0.0,0.0001763726759236306,5.569486314551836e-05,7.243910658871755e-05,7.750079385004938e-05,63.743858337402344,102.34837341308594,0.4374256432056427,121.5741958618164,106.70782470703125,60.36565017700195,0.7922105193138123
Model6Closed_Snow_aSrz_SIMHYD_Simple,1620500,38.33763,-79.24004,0.5567848682403564,0.6815614936291869,0.5891699670721157,67.66986149879531,-15.534328436626016,-189.05062866210938,0.5409940183162689,0.44211004674094595,0.13838821132471726,0.5525312172831681,0.24744624372856575,0.010255046824617387,0.2948299169247407,0.2998501235722257,0.0,0.00017511306214146316,5.137797048548739e-05,7.241277489811182e-05,7.745275797788054e-05,50.900203704833984,99.63388061523438,0.3964326083660126,85.68047332763672,80.05961608886719,47.95111846923828,0.7437491416931152
Model6Closed_Snow_aSrz_SIMHYD_Simple,1632000,38.63706,-78.8528,0.5162623226642609,0.4397540290962362,0.5477441006198681,39.334270521124715,-36.74897045783932,-162.6518096923828,0.46849942207336426,0.5347979739096906,0.1718152890672156,0.45930131177461875,0.19171811498311442,0.007828104687182954,0.25975509210432135,0.2646662102238534,0.0,0.000179802329512313,6.0221096781905046e-05,7.25696882000193e-05,7.75711378082633e-05,46.84906768798828,85.05813598632812,0.47576233744621277,98.97889709472656,90.89909362792969,48.76325607299805,0.8699941635131836
Model6Closed_Snow_aSrz_SIMHYD_Simple,1632900,38.69345,-78.64279,0.5387488901615143,0.5371400279234875,0.6111334316492772,28.35768508050721,-22.09322335959781,-37.89177322387695,0.48251181840896606,0.6165248531035463,0.18065907271204823,0.37841392664328355,0.10644033560648268,0.006866922467794402,0.2651066380044211,0.2703094334169458,0.0,0.00018469929636921734,6.334538670202592e-05,7.248998736031353e-05,7.741271838312969e-05,80.79019927978516,93.4029541015625,0.5537441968917847,292.4715881347656,198.11093139648438,94.72917938232422,0.8915849924087524
Model6Closed_Snow_aSrz_SIMHYD_Simple,1634500,39.08122,-78.32945,0.4429500699043274,0.4966950591667615,0.5257636208697438,-24.395567308413447,-32.36428418886432,-79.26873016357422,0.34723520278930664,0.535739982297257,0.162194643833613,0.45827726583658385,0.18641423126689735,0.005479932143400442,0.2663831134391073,0.27099360903955866,0.0,0.00018275926413480192,6.022516181138297e-05,7.256097887875512e-05,7.747301424387842e-05,57.78208923339844,81.4457778930664,0.4680316150188446,118.60501098632812,107.36007690429688,57.86238479614258,0.8471001982688904
Model6Closed_Snow_aSrz_SIMHYD_Simple,1638480,39.25455,-77.57638,0.6324687004089355,0.5951451532653449,0.6479868329935371,59.240511949076705,-54.87197655409139,-50.70625305175781,0.5748824179172516,0.5849721194229116,0.17180142259849085,0.4081602367433911,0.1396700103976994,0.008135144238319299,0.2603551196651126,0.2648340626068786,0.0,0.0001849918917287141,5.939967594949258e-05,7.255906530190259e-05,7.732974336249754e-05,103.23588562011719,79.73250579833984,0.5267258882522583,304.2663269042969,205.834228515625,105.35852813720703,0.8430324792861938
Model6Closed_Snow_aSrz_SIMHYD_Simple,1639500,39.61236,-77.23744,0.6661195755004883,0.7108106427879861,0.7081602775518749,84.61139789128622,-22.80846665163789,-6.779735565185547,0.5802538692951202,0.5627361266107503,0.18374280534602017,0.4307529240446814,0.14220658470151865,0.0018173712331004002,0.28672892919553067,0.29052530909101937,0.0,0.0001845430233515799,5.6057387534025516e-05,7.258428377099335e-05,7.732763333478943e-05,122.80970764160156,79.19732666015625,0.4886532425880432,275.59136962890625,212.06341552734375,112.95730590820312,0.7841347455978394
Model6Closed_Snow_aSrz_SIMHYD_Simple,1644000,39.01955,-77.57749,0.6760881841182709,0.6339879023553088,0.7032633363374665,58.02772447893271,-43.80190298801452,-48.78105163574219,0.6234405040740967,0.5591799724331266,0.15973101254965216,0.43458574436734115,0.15401956957524782,0.00775225571969165,0.2728138922677802,0.27729782653547164,0.0,0.00018526686471886933,5.9438438453029386e-05,7.218041719170287e-05,7.735539838904515e-05,88.5545883178711,80.32864379882812,0.5022783279418945,228.65089416503906,158.05056762695312,79.84744262695312,0.8391919136047363
Model6Closed_Snow_aSrz_SIMHYD_Simple,1658500,38.58734,-77.4286,0.4519178867340088,0.33396042241693624,0.49436413996161227,85.35116693897001,-59.44056158361984,-172.2393341064453,0.41837644577026367,0.5207420576840387,0.13974011972861397,0.4725320905774897,0.1874584807914225,0.01763256870467515,0.2674410239727681,0.27180180691157746,0.0,0.00018652575090527534,5.729346677904888e-05,7.27456426830031e-05,7.738857675576583e-05,93.76971435546875,80.69058990478516,0.48019710183143616,204.45140075683594,163.2175750732422,87.22465515136719,0.834475040435791
Model6Closed_Snow_aSrz_SIMHYD_Simple,1664000,38.53068,-77.8136,0.7567298710346222,0.6818023814958245,0.8152626116423621,51.02917136231138,-11.751927916134184,-16.33755874633789,0.7235220670700073,0.5549218126837202,0.16408084077471877,0.4392129165713118,0.1577955131723076,0.006116276901191584,0.27530111781866495,0.27973595394524886,0.0,0.00018582127813715488,5.791002573731789e-05,7.24971032468602e-05,7.736525003565475e-05,84.01565551757812,83.68072509765625,0.4944101572036743,203.992431640625,151.2275390625,76.04562377929688,0.8167611360549927
Model6Closed_Snow_aSrz_SIMHYD_Simple,1666500,38.32513,-78.09556,0.6534386575222015,0.7071633987726595,0.6945651593202609,62.04111935851925,-22.87369894491381,-7.554568290710449,0.6068425178527832,0.5489440752082334,0.14784223563009383,0.44500385304281675,0.17284111562334745,0.007831866783323056,0.26433087063614624,0.26896890641662846,0.0,0.00018530647503212094,5.707978526631194e-05,7.24843266652897e-05,7.738560088910162e-05,101.4368896484375,89.02595520019531,0.4931934177875519,249.17941284179688,166.08682250976562,81.65457153320312,0.8304279446601868
Model6Closed_Snow_aSrz_SIMHYD_Simple,1667500,38.35041,-77.975,0.7883392572402954,0.7291928214748638,0.8084441494989263,60.289852339742616,-27.188275905322794,-13.621129989624023,0.7628467530012131,0.557598069450441,0.15398160702170216,0.4363354803464592,0.16145817730040268,0.00653548777408561,0.26834181785339806,0.27274398410446643,0.0,0.0001858719770098105,5.7429332743069936e-05,7.226016168715432e-05,7.742195157334208e-05,98.0167007446289,83.93893432617188,0.49849286675453186,218.80519104003906,149.1617889404297,73.35466003417969,0.8379586935043335
Model6Closed_Snow_aSrz_SIMHYD_Simple,1669000,37.87708,-76.90052,0.6607755422592163,0.734277559539513,0.722300139751905,83.58416651627019,-15.071827589057358,-8.245019912719727,0.5335331857204437,0.6048249107056013,0.1651979104466954,0.38683473333289337,0.11466011543545361,0.010389861284114744,0.26178476168487247,0.266357728730038,0.0,0.00019155860354658216,5.813961299636385e-05,7.219188410090283e-05,7.763793837511912e-05,137.43479919433594,89.76295471191406,0.5553555488586426,295.9228820800781,232.6520233154297,115.08795166015625,0.837684154510498
Model6Closed_Snow_aSrz_SIMHYD_Simple,1669520,37.63375,-76.69635,0.7064180076122284,0.7244899305271761,0.713849366691339,75.61175066157449,-47.133248110215916,-7.59671688079834,0.6129624545574188,0.5905216814924175,0.15963792953608683,0.4009050468025154,0.14408407768321027,0.01359328406634201,0.24322769825268428,0.24825821759201816,0.0,0.00019060053455177695,5.646120149937349e-05,7.219774852273986e-05,7.773805555189028e-05,137.13340759277344,98.79960632324219,0.544508695602417,278.2100830078125,210.17498779296875,106.18192291259766,0.8218821287155151
Model6Closed_Snow_aSrz_SIMHYD_Simple,2011400,38.04235,-79.88144,0.5884963870048523,0.2833729729333577,0.8124219026311785,-143.48895592697065,-11.856841845857975,-81.23333740234375,0.5871042907238007,0.4919524943227563,0.16245238471061374,0.5006026790001699,0.19971117763787818,0.005554293025555886,0.29533717564221823,0.3013137468649479,0.0,0.00017636606935411692,5.308924889085777e-05,7.220428960863501e-05,7.749564247205853e-05,71.76385498046875,118.61554718017578,0.4224354326725006,150.7137451171875,127.87830352783203,74.74700927734375,0.7733005881309509
Model6Closed_Snow_aSrz_SIMHYD_Simple,2011460,38.2454,-79.76866,0.7349104583263397,0.659400645761446,0.7559083447393227,20.760529347642997,-35.88239466562976,-43.73458480834961,0.695852667093277,0.44715654720358605,0.14757434251399962,0.5458717221570005,0.2540821351838193,0.009378393876990007,0.2824111540187359,0.2883852632767999,0.0,0.0001716597907943651,5.018048353178016e-05,7.231043855426833e-05,7.751236262265593e-05,52.97492599487305,118.6702880859375,0.39708173274993896,86.05084228515625,78.89328002929688,46.534671783447266,0.7392908334732056
Model6Closed_Snow_aSrz_SIMHYD_Simple,2013000,37.8029,-80.047,0.6589265167713165,0.4624154363232448,0.7256657303955932,-76.33452060797251,-30.005698483292935,-124.51582336425781,0.6439758837223053,0.5217497785539515,0.16605646931455867,0.4712841410296612,0.19453923772204687,0.008498190594093399,0.2682467252306587,0.27432158543926427,0.0,0.00017949521134141833,5.7625018534304684e-05,7.230702613014728e-05,7.754910620860755e-05,48.59737014770508,109.4118881225586,0.4592477083206177,98.03501892089844,89.05706787109375,48.564552307128906,0.8548496961593628
Model6Closed_Snow_aSrz_SIMHYD_Simple,2014000,37.72901,-80.04228,0.6625894904136658,0.5421260100556645,0.7545506487222067,-180.14343531145826,-16.883800955038357,-75.68579864501953,0.6451897025108337,0.5170061010624704,0.16394645712115705,0.47547463680191415,0.19783348471107104,0.007614194850686808,0.27002692420798735,0.27628295275267706,0.0,0.00017845486581791192,5.570101783665149e-05,7.231414201669395e-05,7.752634701319039e-05,58.96350860595703,115.97425842285156,0.45202234387397766,115.84813690185547,102.55455780029297,56.104774475097656,0.8156406283378601
Model6Closed_Snow_aSrz_SIMHYD_Simple,2015700,38.1954,-79.57032,0.678899735212326,0.7435432425600805,0.6965876212426358,-182.80947722063846,-32.309575012488885,-13.512453079223633,0.6004165709018707,0.4961475234134504,0.16114439286405424,0.4963676427655769,0.1973462539476843,0.006081467311057019,0.2929399267022508,0.2990390116663257,0.0,0.00017753284191712737,5.5198712703352365e-05,7.235624798340723e-05,7.752412784611806e-05,67.05773162841797,117.45812225341797,0.4324582815170288,140.33084106445312,121.89291381835938,69.97526550292969,0.7941590547561646
Model6Closed_Snow_aSrz_SIMHYD_Simple,2016000,37.7918,-79.75949,0.7729098200798035,0.6713585477373751,0.8019159110251325,-96.84572104174345,-24.882559766242363,-39.53015899658203,0.7459791898727417,0.5225414705700656,0.173863042729331,0.46965823614742946,0.17156493880703824,0.008587577240867277,0.2895057148152307,0.2957097005984244,0.0,0.0001797020813683048,5.682899640462321e-05,7.232351345010102e-05,7.754766556899995e-05,64.5860595703125,114.99288940429688,0.4620611071586609,115.01130676269531,101.68171691894531,55.92509460449219,0.8184329271316528
Model6Closed_Snow_aSrz_SIMHYD_Simple,2017500,37.50624,-80.10671,0.7609777450561523,0.7185730466908961,0.7786425039770971,-55.41673961716088,-27.346515301850015,-89.0033950805664,0.7247596085071564,0.5499667181651535,0.17198409907847947,0.44207026353320145,0.17029348569275518,0.006429881251915533,0.26534688163476106,0.27186810277764695,0.0,0.00018072730745188892,5.881278675756582e-05,7.229689799714833e-05,7.751620432827622e-05,66.8809814453125,116.5040283203125,0.48172929883003235,146.1160888671875,121.77054595947266,63.7469596862793,0.8591020703315735
Model6Closed_Snow_aSrz_SIMHYD_Simple,2018000,37.66596,-79.91144,0.7639283984899521,0.6742933114002019,0.7967658314955633,-94.591582969932,-28.347080528500715,-85.18534851074219,0.7534463703632355,0.5450319873193699,0.17545797895370172,0.4457287110479579,0.16463394144215193,0.008611332896030811,0.27248341885077904,0.2799534225951676,0.0,0.00018077233107760549,5.796158116232947e-05,7.222670683404431e-05,7.7584118116647e-05,67.09124755859375,134.89573669433594,0.4832915961742401,125.17537689208984,106.46143341064453,55.4681510925293,0.8576520681381226
Model6Closed_Snow_aSrz_SIMHYD_Simple,2027000,37.71542,-78.98169,0.5708050429821014,0.569456146427594,0.5874483672186346,76.78201857987455,-62.92323191398065,-15.784446716308594,0.449032187461853,0.47747473601550844,0.14894839051474798,0.5169015605784502,0.14728162335350373,0.004733044522151304,0.3648869446068184,0.3694008204585351,0.0,0.0001827719243010506,5.161165765165085e-05,7.218277460196987e-05,7.738175918348134e-05,89.36671447753906,98.42463684082031,0.4094149172306061,176.03700256347656,141.30416870117188,76.79991912841797,0.7626517415046692
Model6Closed_Snow_aSrz_SIMHYD_Simple,2027500,37.70236,-79.02752,0.4159848690032959,0.5474248814014855,0.4376122566947222,73.66531880927943,-63.01884584718471,-15.18801498413086,0.2903924584388733,0.44779245235149756,0.13766096149382262,0.5472064097568623,0.1864126366179967,0.0036624178732388712,0.3571313619218668,0.3612299254898709,0.0,0.00018138696032110602,4.8169678404898744e-05,7.221386476885527e-05,7.733346137683839e-05,81.37455749511719,94.24085998535156,0.3828791677951813,139.2475128173828,114.13427734375,63.89239501953125,0.7204324007034302
Model6Closed_Snow_aSrz_SIMHYD_Simple,2028500,37.86959,-78.82335,0.6992793083190918,0.7417502229177004,0.7123339586866216,85.45173365477336,-31.552180159885207,-19.26890754699707,0.6057274043560028,0.5267467840445942,0.15007546721732018,0.4670987908312464,0.1549869612417474,0.0060782094918519535,0.30603364159432145,0.310775318505311,0.0,0.00018512889801058918,5.496084070502253e-05,7.21851538401097e-05,7.738300337223336e-05,97.1433334350586,96.2904052734375,0.46689873933792114,218.9961700439453,170.55776977539062,89.23875427246094,0.7807132005691528
Model6Closed_Snow_aSrz_SIMHYD_Simple,2038850,37.41542,-78.63584,0.4960768222808838,0.5977188126265149,0.5207532299970155,73.14667470840517,-37.98854519030079,-19.055299758911133,0.44141316413879395,0.6625851290469039,0.18105890676559755,0.3309963238897595,0.08007809199401097,0.008532905439584147,0.24238530885297024,0.24653422680574974,0.0,0.00019520876230672002,6.169387327604878e-05,7.234827353386208e-05,7.730943616479635e-05,140.2008514404297,78.14071655273438,0.6272048950195312,468.3255615234375,282.9532775878906,130.2395782470703,0.9173972010612488
Model6Closed_Snow_aSrz_SIMHYD_Simple,2046000,37.06709,-77.60249,0.6624210476875305,0.555513317706043,0.7018371249215504,79.69762201318194,-33.553845678542125,-204.58197021484375,0.6362587809562683,0.5962758016479823,0.16475879020408027,0.39690397007818645,0.13502694608014676,0.011445140336912019,0.2504318893977119,0.25478382610001854,0.0,0.00019280312699265778,5.673494612285317e-05,7.219122926471755e-05,7.738104613963515e-05,102.21441650390625,84.90996551513672,0.5641907453536987,238.3719940185547,168.16036987304688,78.10493469238281,0.8409775495529175
Model6Closed_Snow_aSrz_SIMHYD_Simple,2051000,36.99737,-78.34972,0.5928184390068054,0.5216464847806909,0.6126404057024054,90.4984402843855,-46.42304926885842,-87.35193634033203,0.5564664900302887,0.6673504979245486,0.18055473964746643,0.32480704822066037,0.0882521788301333,0.0051727246714142125,0.23138214429178666,0.23537855327516993,0.0,0.00019609629816841334,6.017832722937222e-05,7.242665742523968e-05,7.729964272584766e-05,183.57003784179688,78.13456726074219,0.6262614130973816,581.9769897460938,329.2477111816406,147.44493103027344,0.8575015664100647
Model6Closed_Snow_aSrz_SIMHYD_Simple,2051500,36.71681,-77.83166,0.6885183155536652,0.621715807023383,0.7147526696553586,18.87164822758043,-30.55531138823189,-42.07485580444336,0.6503920555114746,0.636304848732057,0.18632266697620328,0.3557048485150921,0.10849008822878517,0.010241373983248139,0.236973371895232,0.24184477678648916,0.0,0.0001937427878146991,5.8959846522404883e-05,7.232182542793453e-05,7.73674255469814e-05,104.39105987548828,91.59793853759766,0.5922436714172363,250.1751251220703,176.6614990234375,78.92036437988281,0.9331390261650085
Model6Closed_Snow_aSrz_SIMHYD_Simple,2053200,36.37083,-77.02556,0.8438638746738434,0.6607778849460721,0.865080196759239,37.192730299225076,-7.644302431702566,-377.5470886230469,0.8408934623003006,0.6399425036140466,0.20239798161353795,0.35116938354571436,0.12090226356856984,0.004693433053290038,0.22557370898224433,0.22887325195593541,0.0,0.00019448083185125142,5.705163188074381e-05,7.218476093839854e-05,7.754305261187255e-05,162.20729064941406,65.5898666381836,0.5753329396247864,210.39601135253906,178.397705078125,76.16618347167969,0.8389320969581604
Model6Closed_Snow_aSrz_SIMHYD_Simple,2053800,37.14013,-80.26643,0.616385281085968,0.5376384507651816,0.6821220932811867,-26.41378398807642,-44.302510259099556,-28.565448760986328,0.5736593306064606,0.5872116735845354,0.18001692417652138,0.40325220493317226,0.10456324427218947,0.008967476534499736,0.2897214652213205,0.2960495662289505,0.0,0.0001832613634178415,5.654703977267071e-05,7.252286013681442e-05,7.739399734418839e-05,115.28361511230469,118.65615844726562,0.5259538292884827,270.0836486816406,187.8623046875,90.54939270019531,0.8263392448425293
Model6Closed_Snow_aSrz_SIMHYD_Simple,2055100,37.41763,-79.93532,0.48518794775009155,0.6744380215558032,0.5468863158750955,14.806018011394158,-57.54117000083764,-18.061561584472656,0.3786385655403137,0.6229203068114936,0.1691478944273118,0.3660364866378359,0.11887219882645803,0.006343992685123689,0.24082029602644825,0.24829781220286393,0.0,0.00018896456458605826,6.10798213486882e-05,7.217998791020364e-05,7.734800601610914e-05,137.6638641357422,135.91766357421875,0.5798699259757996,356.1487121582031,207.90892028808594,97.6625747680664,0.8717825412750244
Model6Closed_Snow_aSrz_SIMHYD_Simple,2056900,37.04514,-79.8442,0.6915028095245361,0.7382346811287024,0.7266535604981482,48.290616449985116,-31.42482697517175,-6.521756649017334,0.6261584162712097,0.6159520329104391,0.17844891706601407,0.3733755878930749,0.12406311843947829,0.007647584544543667,0.2416648936028153,0.24734658027171944,0.0,0.00018830255430657417,5.878211340188117e-05,7.274467498064041e-05,7.731880759820342e-05,175.65933227539062,106.84880065917969,0.5674803256988525,451.946533203125,253.88246154785156,121.13099670410156,0.8508856892585754
Model6Closed_Snow_aSrz_SIMHYD_Simple,2059500,37.1732,-79.52031,0.594494491815567,0.6097939529495798,0.6429632140374493,38.187065029448654,-35.06456533043041,-14.95776081085205,0.5606347918510437,0.6448666690676679,0.17643685249917182,0.3449966855827972,0.09710998612443776,0.010226247808175501,0.2376604696289268,0.24424890220357828,0.0,0.00019096062169410288,6.163882765608742e-05,7.254371303133667e-05,7.735037070233375e-05,155.88372802734375,120.10717010498047,0.6069052815437317,408.7387390136719,230.89903259277344,107.9804458618164,1.0327856540679932
Model6Closed_Snow_aSrz_SIMHYD_Simple,2064000,37.12681,-78.95974,0.5884273946285248,0.6908975971753408,0.6098427149671768,60.53229193969724,-35.75544280499349,-7.052191734313965,0.5440389215946198,0.6485747727836335,0.18568190987099215,0.3431858056066917,0.11886595569348733,0.007224947172534198,0.21709486385119298,0.22228682117922624,0.0,0.0001938965724548325,6.153621733347555e-05,7.234305667225271e-05,7.733193342573941e-05,126.53376770019531,95.15744018554688,0.6096438765525818,338.2790222167969,213.99676513671875,100.74809265136719,0.9453861117362976
Model6Closed_Snow_aSrz_SIMHYD_Simple,2065500,37.07931,-78.76362,0.5303180515766144,0.6338977989134089,0.6223467388101008,94.53960294711761,-27.020215147273294,-13.351861953735352,0.5361188352108002,0.6196728768208632,0.1632875925178697,0.3708653962056394,0.11294788964898299,0.01862166519019818,0.2392958448478194,0.2462815163450186,0.0,0.00019240409892518073,6.0129091205145866e-05,7.23434568499215e-05,7.735117105767131e-05,107.47187805175781,127.89761352539062,0.604332685470581,291.86566162109375,188.97691345214844,86.40361022949219,1.1795201301574707
Model6Closed_Snow_aSrz_SIMHYD_Simple,2069700,36.57097,-80.12949,0.6413479745388031,0.6625792754196966,0.7988015966980283,45.97344927488975,-1.1501595033853287,-2.2316298484802246,0.5281425416469574,0.5870915306996924,0.17732773460606302,0.40352727685906964,0.11784230044890841,0.004580289868579876,0.28110470929264814,0.2863177402556079,0.0,0.00019033475837204605,5.4557725470304306e-05,7.219926192192361e-05,7.734170503681526e-05,168.673095703125,110.95024871826172,0.524680495262146,362.9108581542969,235.92628479003906,112.18008422851562,0.7712748050689697
Model6Closed_Snow_aSrz_SIMHYD_Simple,2070000,36.56819,-79.98726,0.5709420740604401,0.7283011083484716,0.7126046671394735,34.780384754835616,-5.346234839551468,-0.3550492525100708,0.4709646701812744,0.6557223902039689,0.1860081457728144,0.3334769377339497,0.07545741810179697,0.008297791606041438,0.24972171106389313,0.25623968086495696,0.0,0.00019283132860437036,5.872343781939857e-05,7.233528594952077e-05,7.731693040113896e-05,145.08746337890625,127.58786010742188,0.6296495199203491,376.017822265625,236.40579223632812,96.4749984741211,1.1397621631622314
Model6Closed_Snow_aSrz_SIMHYD_Simple,2074500,36.61958,-79.50419,0.682598739862442,0.7077409660720169,0.6965851988380664,54.32471719766107,-29.52048073041592,-7.882417678833008,0.6548659205436707,0.6444973473529303,0.18507040457352494,0.3471217925845039,0.09474623754427873,0.010278384806308601,0.24209717957699853,0.24771920079860996,0.0,0.00019172635802533478,5.847369192724148e-05,7.24014244042337e-05,7.733936217846349e-05,144.3143768310547,108.88180541992188,0.6139048337936401,366.5606384277344,235.52081298828125,103.00403594970703,1.0462877750396729
Model6Closed_Snow_aSrz_SIMHYD_Simple,2077200,36.39778,-79.19667,0.6617531180381775,0.4758506925694955,0.6909812993172789,80.60725553028288,-25.719815397294195,-185.73419189453125,0.6905785202980042,0.592723689214707,0.19304950615410593,0.40153585655707796,0.1548264235857777,0.0015355648680102705,0.245173849292731,0.24825405909456985,0.0,0.00019297676044516265,5.793025142383725e-05,7.200711115729064e-05,7.73163847043179e-05,114.69001770019531,60.17945861816406,0.5334429144859314,233.71485900878906,188.29296875,97.8582534790039,0.8726342916488647
Model6Closed_Snow_aSrz_SIMHYD_Simple,2081500,36.19417,-78.58306,0.6893577575683594,0.4882391003432497,0.7475493160650235,76.13424111545893,-5.498558399308207,-609.8301391601562,0.6729395985603333,0.6027507622969448,0.17563921705756838,0.39046587267498767,0.16106500161534035,0.0050045188614272155,0.2243963497033575,0.22832026956757312,0.0,0.00019526643154677004,5.830881070532892e-05,7.20513635315001e-05,7.734366226941347e-05,92.5689697265625,78.24149322509766,0.562622606754303,180.4290771484375,140.72764587402344,67.85643768310547,0.8545820713043213
Model6Closed_Snow_aSrz_SIMHYD_Simple,2082950,36.18333,-77.87611,0.6825973689556122,0.472697673411024,0.7175595805008629,54.420931481295284,-32.43473355230142,-150.79026794433594,0.683054655790329,0.6023564827119109,0.15238670364623075,0.38943762270556664,0.11856050295350691,0.02118462881030255,0.24969251270993906,0.2555784415428537,0.0,0.00019269481708761305,5.7929540501979634e-05,7.21793039701879e-05,7.739051943644881e-05,94.33479309082031,111.79460144042969,0.5760781168937683,179.49696350097656,136.73199462890625,59.896907806396484,0.9678032994270325
Model6Closed_Snow_aSrz_SIMHYD_Simple,2092500,35.06417,-77.46139,0.7483212947845459,0.5296676057926915,0.7899654456360721,-7.506904532137374,-44.8701883345318,-157.73146057128906,0.7277104258537292,0.6083238968612447,0.15795481037609282,0.3802691182556803,0.12871338736161755,0.008429511920658989,0.2431262218461729,0.24865232653852185,0.0,0.00019272345525678247,4.970001716867388e-05,7.218682731036097e-05,7.751407974865288e-05,182.5044403076172,125.98636627197266,0.549294650554657,233.37063598632812,183.30909729003906,82.08631896972656,0.8638595938682556
Model6Closed_Snow_aSrz_SIMHYD_Simple,2096846,35.98722,-79.20611,0.3902987837791443,0.2416710103911308,0.45347376940552453,81.25772604434536,-39.43372348108702,-2964.704833984375,0.4196924567222595,0.635525291338847,0.16501429937020862,0.35769437804691223,0.092143393224024,0.007001137476731717,0.2585498219333609,0.2635289722921174,0.0,0.0001955925690708682,5.7573725983596514e-05,7.217178790597245e-05,7.732722588116303e-05,110.28684997558594,100.61043548583984,0.597623348236084,334.7759704589844,243.88229370117188,114.89755249023438,0.9533601403236389
Model6Closed_Snow_aSrz_SIMHYD_Simple,2102908,35.18278,-79.1775,0.5970054864883423,0.7937765621275753,0.6478737212220059,29.270445361529053,-41.44701198509086,-1.5691282749176025,0.4562797546386719,0.6453087960686525,0.1767562847464812,0.35062614335207204,0.08363568904453579,0.010586204456540991,0.2564042580001005,0.25965652029604436,0.0,0.00019606664136517793,5.7371324867183275e-05,7.231551717268303e-05,7.734531391179189e-05,222.84255981445312,71.62992858886719,0.5759567618370056,567.0374755859375,307.36474609375,158.30406188964844,0.9000457525253296
Model6Closed_Snow_aSrz_SIMHYD_Simple,2108000,34.82889,-77.83222,0.8442705869674683,0.820977448374152,0.8501906676430508,-10.419934329370161,-15.016031671017346,-41.08234786987305,0.8214645534753799,0.6392071356833392,0.1837331446444538,0.3510295051146019,0.10283671358817077,0.005621829977920481,0.24257096083103188,0.24713779927015075,0.0,0.00019513188453856856,5.0271113808697337e-05,7.218153041321784e-05,7.739881402812898e-05,176.005126953125,105.77101135253906,0.5776995420455933,234.04977416992188,195.7128143310547,82.57588958740234,0.8418707251548767
Model6Closed_Snow_aSrz_SIMHYD_Simple,2111180,36.07139,-81.40306,0.6747463941574097,0.7733982456108175,0.703145977020707,51.82300950980697,-32.01079749046263,-6.495438575744629,0.596318930387497,0.510906882468868,0.17163053942774203,0.484002245794086,0.1671920893981307,0.007853440996739717,0.3089567016153995,0.3144569710675618,0.0,0.00018355406064074486,5.047103382899487e-05,7.218353130156174e-05,7.731653022347018e-05,88.55260467529297,129.05593872070312,0.4397737681865692,255.6644744873047,180.79708862304688,95.79713439941406,0.7322070002555847
Model6Closed_Snow_aSrz_SIMHYD_Simple,2111500,36.175,-81.16889,0.5896190702915192,0.7334340927177818,0.6145088940868708,20.06140712524681,-56.6722276896027,-2.279928684234619,0.476509690284729,0.5981339780466552,0.1938492135765167,0.3986651441982181,0.0987844368965845,0.0045501234227387395,0.29533060799544947,0.29907537515326554,0.0,0.00018860925047192723,5.444251921452729e-05,7.218363316496834e-05,7.733458187431097e-05,111.19315338134766,89.18988037109375,0.5256771445274353,361.79461669921875,251.36752319335938,122.88946533203125,0.8219616413116455
Model6Closed_Snow_aSrz_SIMHYD_Simple,2112120,36.25028,-81.04444,0.6878671944141388,0.7808374488324921,0.6951569417499024,42.993165549331984,-42.72114924951366,-2.0688321590423584,0.5742608308792114,0.6188575550625527,0.18827698595251152,0.37791570929574303,0.08606417944561613,0.005070318211331622,0.28678121405509693,0.290676163415085,0.0,0.00019092737056780607,5.521782827113631e-05,7.218481187010184e-05,7.733669190201908e-05,143.35867309570312,100.08345794677734,0.5523560047149658,466.21875,279.885498046875,140.2827606201172,0.7866962552070618
Model6Closed_Snow_aSrz_SIMHYD_Simple,2112360,36.31139,-80.80722,0.6763226091861725,0.8324538072573824,0.7020650868956879,37.49113225535965,-31.913673614981803,-0.4485790729522705,0.5471141040325165,0.5911820540497823,0.1886907476856096,0.40605849065863014,0.11189576070933355,0.004341081994120045,0.28982164795517656,0.29323656483001814,0.0,0.00018950190860778093,5.6466925680500464e-05,7.222353451652452e-05,7.732201629551128e-05,115.73714447021484,97.01691436767578,0.5176902413368225,336.0439453125,222.42112731933594,111.10657501220703,0.8315532207489014
Model6Closed_Snow_aSrz_SIMHYD_Simple,2118500,36.00056,-80.74556,0.7713870704174042,0.7769105489142046,0.8173960375646905,67.13667780912108,-15.963613669365266,-4.191550254821777,0.7429551780223846,0.6495927253646806,0.19167770188222583,0.3453459734511898,0.10053440861441591,0.0056690065946862975,0.2391425404189614,0.24374850285740357,0.0,0.000192809704458341,5.608817543247978e-05,7.225321314763278e-05,7.73239298723638e-05,173.79734802246094,98.02810668945312,0.5951351523399353,501.5704650878906,301.44647216796875,134.9373016357422,0.8160580992698669
Model6Closed_Snow_aSrz_SIMHYD_Simple,2125000,35.33472,-80.33556,0.6345615983009338,0.5989695673573985,0.6453771920563273,91.0340705080596,-40.67468893277789,-1467.37109375,0.6045878231525421,0.6275140009217542,0.20953677387841751,0.3687436894985797,0.17606824484485575,0.0016337878641386762,0.19104160822824967,0.19411280368104955,0.0,0.00019684697326738387,6.240766238613974e-05,7.210268813651055e-05,7.734418613836169e-05,62.1049919128418,60.364540100097656,0.5748807191848755,100.41627502441406,88.68220520019531,39.59843444824219,0.9521017074584961
Model6Closed_Snow_aSrz_SIMHYD_Simple,2128000,35.38722,-79.83139,0.544321745634079,0.5373962169415349,0.556570422229301,89.92041530070604,-63.31877097135505,-90.76665496826172,0.5112508535385132,0.6224649805910102,0.18584457718359745,0.37097060949805977,0.1382032689152367,0.006865597555230671,0.2259017451978668,0.22998222222320994,0.0,0.00019374594558030367,6.039326368256621e-05,7.202438428066671e-05,7.734075916232541e-05,103.62495422363281,75.81755065917969,0.5933371186256409,189.93089294433594,149.09109497070312,66.15845489501953,0.9065017104148865
Model6Closed_Snow_aSrz_SIMHYD_Simple,2137727,35.68583,-82.06028,0.8139825314283371,0.7752313648779154,0.8640747232675068,47.01420585287954,14.575419784397605,-2.20595121383667,0.7966537475585938,0.521390894202975,0.17763516973329813,0.47465077934181965,0.13048273301032273,0.006691447780627393,0.3374766185565049,0.34297469303124384,0.0,0.0001851736888056621,4.7506696961476646e-05,7.218169776024297e-05,7.731922960374504e-05,127.20274353027344,143.99215698242188,0.4584711492061615,339.80096435546875,240.38548278808594,129.09474182128906,0.6948145031929016
Model6Closed_Snow_aSrz_SIMHYD_Simple,2140991,35.83361,-81.71194,0.7763544172048569,0.8503610194728081,0.7810855219049107,60.16248562607864,-29.102317529098077,-1.9317355155944824,0.7266188263893127,0.5421405191289934,0.1847814719530524,0.45230207307108833,0.11775372848115352,0.009436406900720312,0.3251119467255324,0.3307773806938562,0.0,0.0001843916834332049,4.98577663607114e-05,7.219032704597339e-05,7.733335951343179e-05,88.06446075439453,126.02922058105469,0.46981874108314514,283.52008056640625,187.04269409179688,95.92399597167969,0.7426299452781677
Model6Closed_Snow_aSrz_SIMHYD_Simple,2143000,35.68444,-81.40333,0.7458514869213104,0.7674496870253547,0.7584417559020629,54.099509416600824,-37.93070685459559,-4.230664253234863,0.7115506827831268,0.5863417036040544,0.1710232081999265,0.4087567765375234,0.10002649128452855,0.010143292188579268,0.2985869992626572,0.30378055547153493,0.0,0.00019138645438943058,5.324403316201807e-05,7.21787873771973e-05,7.732959056738764e-05,110.22076416015625,116.72069549560547,0.5474543571472168,367.8373718261719,257.07537841796875,125.06219482421875,0.7875931859016418
Model6Closed_Snow_aSrz_SIMHYD_Simple,2143040,35.59069,-81.56704,0.8066522032022476,0.7362217732719706,0.8233850804480966,58.23608354057541,-16.674133651155675,-12.202775001525879,0.788371130824089,0.5316353006846378,0.14811082147399096,0.46398322200520764,0.11847768155294236,0.009488579111509804,0.3360170156020218,0.34109210040038646,0.0,0.00019027308735530823,4.8779227388450715e-05,7.217869278974831e-05,7.732572703389451e-05,125.23391723632812,130.91693115234375,0.4937017261981964,357.37042236328125,255.0059814453125,135.40252685546875,0.6946423649787903
Model6Closed_Snow_aSrz_SIMHYD_Simple,2149000,35.42345,-82.1115,0.5636219680309296,0.6427491132434408,0.75186623796332,40.222929064286866,21.061147951540033,-4.9953389167785645,0.4386313557624817,0.5668150308484344,0.17972852879615053,0.4310312491978028,0.12597648953896504,0.0057037165605882565,0.29935102962851995,0.30350526183909005,0.0,0.00019074096053373069,5.125208701485985e-05,7.21808901289478e-05,7.732178346486762e-05,138.76358032226562,121.61239624023438,0.5072095394134521,427.22467041015625,276.6160888671875,140.91786193847656,0.7834656834602356
Model6Closed_Snow_aSrz_SIMHYD_Simple,2152100,35.49306,-81.68222,0.7035013735294342,0.7142508670618933,0.7195341890061839,49.247346520663655,-40.215543894020804,-8.930819511413574,0.6733174622058868,0.5930327220484557,0.1661370381901406,0.40227241643069533,0.09336372563994759,0.008591907336626476,0.30031678345412127,0.3056064602432333,0.0,0.00019253988284617662,5.2615933582110446e-05,7.219111284939572e-05,7.733001984888688e-05,122.65042114257812,127.44649505615234,0.5554293394088745,417.82958984375,277.5589294433594,135.77691650390625,0.8241028189659119
Model6Closed_Snow_aSrz_SIMHYD_Simple,2177000,34.81398,-83.30599,0.8146727532148361,0.8566243313120525,0.8491401088881995,19.616004915982078,11.351444360322997,-2.202402353286743,0.7312563359737396,0.4269965432991757,0.11290379063040426,0.570067386435941,0.1217145317057668,0.00490364184989835,0.443449238183083,0.4467348245570828,0.0,0.00018065313633996993,3.41943387478248e-05,7.22167023923248e-05,7.732842641416937e-05,334.57244873046875,160.91622924804688,0.37499529123306274,664.0169677734375,366.5684814453125,205.6758270263672,0.5231470465660095
Model6Closed_Snow_aSrz_SIMHYD_Simple,2178400,34.89037,-83.53044,0.7014875113964081,0.7957343931021154,0.7704220220694292,-26.134095859069884,10.739250897910022,-4.465478420257568,0.5683363080024719,0.39191853959637524,0.11422178347852734,0.6038605787330911,0.13445789081994483,0.00366665690802434,0.4657360241649521,0.4697626756555619,0.0,0.00018122768960893154,3.560923597354769e-05,7.220779662020504e-05,7.731564255664125e-05,328.6017150878906,171.47222900390625,0.33344802260398865,591.2680053710938,298.63323974609375,168.97679138183594,0.5394382476806641
Model6Closed_Snow_aSrz_SIMHYD_Simple,2193340,33.68263,-82.85792,0.47710078954696655,0.45280397693692687,0.5212961420604332,93.646161338158,-42.75570510060495,-145.40023803710938,0.4362560510635376,0.6938892241204757,0.16326349739693977,0.2993918623072987,0.08646771138104152,0.009895756074385167,0.20302839135599202,0.2083637894399589,0.0,0.00019993666501250118,6.274371298055345e-05,7.207057205960155e-05,7.733337406534702e-05,160.93759155273438,106.43985748291016,0.6773470044136047,544.6947631835938,293.6023254394531,113.16632843017578,0.9238367676734924
Model6Closed_Snow_aSrz_SIMHYD_Simple,2196000,33.7293,-82.18179,0.4422188997268677,-0.07715540458984416,0.6862641093054318,87.11698147198842,-2.9984033122743488,-977.2527465820312,0.40955716371536255,0.6955741273087597,0.19722361812203842,0.2992071446944262,0.107530338092462,0.006395730198594791,0.18528104992849118,0.19028141996188602,0.0,0.00019734344095923007,6.051683444673804e-05,7.227383321151137e-05,7.732424273854122e-05,61.73503875732422,104.63966369628906,0.677632749080658,202.02438354492188,152.4799041748047,54.217918395996094,1.174875020980835
Model6Closed_Snow_aSrz_SIMHYD_Simple,2198100,32.93766,-81.81539,0.5296572744846344,0.4464744513648474,0.5596398343641538,-91.03665296966868,-68.67488711321819,-391.7508544921875,0.5001087784767151,0.7255496986370414,0.17461801256390194,0.27226224185086767,0.04436663482646775,0.008968370014910642,0.21892718115602375,0.22342859346675312,0.0,0.00020186082110740244,6.325624512346884e-05,7.218039536383003e-05,7.73451101849787e-05,90.66231536865234,90.60452270507812,0.703506588935852,333.3556823730469,254.43499755859375,84.19715881347656,1.0855629444122314
Model6Closed_Snow_aSrz_SIMHYD_Simple,2202600,32.16798,-81.48817,0.5825594663619995,0.2596144538478743,0.665471461316206,85.87414731470054,-56.87060438129795,-15145.1767578125,0.5675840973854065,0.7162977621830893,0.20349949642462603,0.2799667065185992,0.06143331469399601,0.0065350457336447645,0.21199826786182188,0.2164913998366093,0.0,0.00020169324125163257,6.330209404416952e-05,7.218257815111428e-05,7.742614252492785e-05,83.02873229980469,85.31867980957031,0.6845988035202026,211.366943359375,173.76661682128906,62.836055755615234,0.9472233653068542
Model6Closed_Snow_aSrz_SIMHYD_Simple,2212600,33.09985,-83.72351,0.6726231873035431,0.40364174273128095,0.7522014404144955,93.54480566318084,-12.28974458296278,-525.8556518554688,0.6559131443500519,0.6701128118492992,0.15821528779081095,0.32008000362312355,0.0906946351967493,0.011432246602531762,0.21795313005222985,0.22477663548744176,0.0,0.00019904557848349214,5.880963459986208e-05,7.246101449709386e-05,7.731336518190801e-05,101.11853790283203,136.0204315185547,0.6727997660636902,325.89910888671875,229.36553955078125,85.0050048828125,1.1915264129638672
Model6Closed_Snow_aSrz_SIMHYD_Simple,2215100,32.23944,-83.50167,0.7140262126922607,0.5563601086642299,0.7428067600682752,36.74410217649366,-47.65942627177974,-183.6776885986328,0.6772519648075104,0.6488355371045889,0.15048444386785173,0.3437684954830745,0.06715854979937966,0.011551166150806976,0.26505879443791536,0.26999459762308137,0.0,0.0001983069523703307,5.896298220728566e-05,7.217933307401836e-05,7.734195969533175e-05,107.37646484375,98.01360321044922,0.6275575160980225,274.6009216308594,196.78582763671875,73.66663360595703,0.9416596293449402
Model6Closed_Snow_aSrz_SIMHYD_Simple,2216180,31.99139,-82.92194,0.7628361582756042,0.5381295761975102,0.7843640845146285,,-37.08945895450288,,0.7629608362913132,0.6715291096332823,0.1570471009929671,0.3250950206570406,0.07844518865596214,0.020717257858264282,0.22593256400807019,0.23016411690921768,0.0,0.00020080992544535547,6.089728810179299e-05,7.217884558485821e-05,7.734119571978226e-05,61.18695068359375,80.93556213378906,0.6456454396247864,248.07762145996094,200.9459991455078,75.68010711669922,0.9354568719863892
Model6Closed_Snow_aSrz_SIMHYD_Simple,2221525,33.25236,-83.48128,0.6495388746261597,0.6069223773633157,0.6943272095835654,78.13242156593513,-35.93751035879553,-22.632823944091797,0.5891003608703613,0.6982389026935183,0.18371681035200596,0.2954496783893805,0.06684829145826278,0.005569614367905852,0.22303177631632326,0.2264065473798652,0.0,0.00020084905554540455,6.014921345827976e-05,7.217799429781735e-05,7.732430822215974e-05,158.09866333007812,68.70018005371094,0.6745834350585938,591.5545043945312,365.84381103515625,143.512451171875,0.9354846477508545
Model6Closed_Snow_aSrz_SIMHYD_Simple,2231000,30.35885,-82.0815,0.7343660593032837,0.4133074431805076,0.7849048719841246,25.403699942061504,-41.2053243094235,-315.56231689453125,0.7433838546276093,0.6979595766197617,0.24292021309709502,0.3002502393304491,0.07642479675462707,0.003403540716195044,0.2204218980952438,0.22336175488822926,0.0,0.00019735100795514882,5.335122668765671e-05,7.219385588541627e-05,7.763762550894171e-05,89.17259216308594,71.51287841796875,0.6491513848304749,247.8285675048828,199.33238220214844,75.65001678466797,0.9154281616210938
Model6Closed_Snow_aSrz_SIMHYD_Simple,2231342,27.56865,-80.79617,0.6302663385868073,0.7406263375209692,0.6501091466021172,83.91125602404442,8.232249808367479,-183.04127502441406,0.5335837006568909,0.6795075760031764,0.2456904056490396,0.32153639616659235,0.052754020991289896,0.007283592042326605,0.2614987592952736,0.2639988813443091,0.0,0.0001986696879612282,5.314069822569665e-05,7.223280408652499e-05,7.735360122751445e-05,86.56555938720703,60.10765838623047,0.636516809463501,248.63551330566406,214.10824584960938,82.21891784667969,0.924647867679596
Model6Closed_Snow_aSrz_SIMHYD_Simple,2235200,28.87453,-81.48938,-0.28595221042633057,0.1844137001851388,0.4763459401985733,42.136479395865514,35.02932487247507,-247.15940856933594,-0.9485155344009399,0.7758947780611598,0.2463112373526036,0.2252087443253794,0.03197257743854691,0.003841298147751361,0.1893948664780119,0.193181729383462,0.0,0.00019882018386851996,5.380644718506103e-05,7.215584628283978e-05,7.751538942102343e-05,150.9735565185547,99.58621978759766,0.72786945104599,665.34423828125,386.17620849609375,147.85873413085938,1.1016991138458252
Model6Closed_Snow_aSrz_SIMHYD_Simple,2245500,29.97941,-81.85204,0.6555770635604858,0.6121986522671254,0.6692248673516202,-17.717829389621652,-41.54414630208888,-67.48070526123047,0.6156865358352661,0.6874528203146151,0.19773464176378397,0.3114957292943917,0.05907074462870306,0.013695982183839828,0.23872901314082756,0.24472411005932776,0.0,0.00019668393360916525,5.376970606486511e-05,7.224691944429651e-05,7.7440170571208e-05,71.67137908935547,135.15371704101562,0.6519538760185242,283.6628112792969,218.2613067626953,86.8586654663086,1.0144387483596802
Model6Closed_Snow_aSrz_SIMHYD_Simple,2246000,30.1133,-81.90649,0.7335620820522308,0.5543656262739318,0.755679529029406,44.30884512109094,-36.63978293333431,-46.745391845703125,0.7237007021903992,0.6610805843013319,0.20901707849138773,0.33625013559123784,0.06916811712271048,0.014334196739932638,0.25274777901308326,0.2577597974493909,0.0,0.0001965145202120766,5.382368976453843e-05,7.218461541924626e-05,7.742035086266696e-05,76.94315338134766,111.8617172241211,0.6221536993980408,210.9879150390625,177.90211486816406,73.9786605834961,0.8875613212585449
Model6Closed_Snow_aSrz_SIMHYD_Simple,2296500,27.37504,-81.79647,0.7620429247617722,0.6980061383743484,0.779230674325551,83.43324702405712,-10.118638099702062,-319.47894287109375,0.6901565790176392,0.7657472669413443,0.26587576671776497,0.23370297876248708,0.03479383800398279,0.002745404609748879,0.19616371372575117,0.19958113159194368,0.0,0.00020083285926375538,5.481353267587808e-05,7.223080319818109e-05,7.742972957203165e-05,149.8256072998047,83.295654296875,0.7285341620445251,418.6131286621094,293.0083312988281,104.86997985839844,0.9531963467597961
Model6Closed_Snow_aSrz_SIMHYD_Simple,2297155,27.48726,-82.02342,0.5124497711658478,0.34766834170098904,0.6705492347718146,85.55796116534574,0.07096978353828137,-771.9457397460938,0.485556960105896,0.6813554896362687,0.21242335557446537,0.31673148140784513,0.0496322525574651,0.010563192936739576,0.25653588403860783,0.26007959798071373,0.0,0.00019968519336543977,4.949835987390948e-05,7.222191197797656e-05,7.73244391893968e-05,155.05072021484375,84.7570571899414,0.6564595103263855,356.0365905761719,289.5107116699219,117.69023895263672,0.9745660424232483
Model6Closed_Snow_aSrz_SIMHYD_Simple,2297310,27.19949,-81.98842,0.6875402629375458,0.5770651374443427,0.7120958467821649,91.2513222204055,-28.35226641246906,-294.61328125,0.6491651237010956,0.6703949151660675,0.2539986620779408,0.32747805342379366,0.05696910458699186,0.0033883107159708285,0.2671205653952757,0.270405068223986,0.0,0.00019956746837124228,5.10925824429016e-05,7.22303448128514e-05,7.740012370049953e-05,108.505615234375,76.54534912109375,0.6552860736846924,227.25738525390625,191.68768310546875,74.94991302490234,1.052384853363037
Model6Closed_Snow_aSrz_SIMHYD_Simple,2298123,27.052,-81.78453,0.7224016785621643,0.821020576962245,0.7325957854216556,86.9221612974044,-25.759766654474554,-8.662529945373535,0.5405109822750092,0.6989846063384798,0.2640764336398154,0.3003405379995202,0.06193610923590601,0.0035350660531433017,0.23486930892491825,0.23733150546895135,0.0,0.00019971735309809446,5.432557427016369e-05,7.23034463590011e-05,7.74871587054804e-05,142.09329223632812,64.4573974609375,0.6728479862213135,297.4635925292969,212.12960815429688,85.79246520996094,0.9568809270858765
Model6Closed_Snow_aSrz_SIMHYD_Simple,2298608,27.34366,-82.15676,0.7087970077991486,0.7419736369129575,0.7109366475388783,86.98075373304371,-35.082479336815105,-71.16239166259766,0.6375613212585449,0.653185588576799,0.23786986784397354,0.34539629204376604,0.06513784507466783,0.004911057624083537,0.27534721673358414,0.2782040678232804,0.0,0.00020023592514917254,5.044959362554014e-05,7.221591658890247e-05,7.735290273558348e-05,116.86422729492188,69.04410552978516,0.6385102272033691,227.2465362548828,195.14039611816406,79.30287170410156,0.9297400712966919
Model6Closed_Snow_aSrz_SIMHYD_Simple,2299950,27.47365,-82.2112,0.6754662096500397,0.6148033389814611,0.6975018603123413,56.03434923786914,-24.81930731977807,-60.0924072265625,0.630646139383316,0.6083465220915127,0.21766334574487708,0.389597199444723,0.08331551203213748,0.009257174132614102,0.2970243480887293,0.2997066446834862,0.0,0.0001996492937905714,4.954937009344687e-05,7.22245458746329e-05,7.734421524219215e-05,101.55732727050781,65.16632080078125,0.6039429306983948,188.36793518066406,171.68734741210938,72.63168334960938,0.888950526714325
Model6Closed_Snow_aSrz_SIMHYD_Simple,2300700,27.79197,-82.35204,0.6260398030281067,0.648736717842775,0.6299486674368555,91.18404441912168,-39.93261631498474,-31.222511291503906,0.6089848875999451,0.5482634970922663,0.145857519240228,0.44692237725313194,0.21113803959436392,0.022374689030267195,0.21340952572114688,0.21888444651795272,0.0,0.00019719242118299007,5.0014976729046525e-05,7.212700438685715e-05,7.749725773464888e-05,81.46965026855469,121.94393157958984,0.5762847661972046,163.0925750732422,154.02285766601562,67.20648956298828,1.1172316074371338
Model6Closed_Snow_aSrz_SIMHYD_Simple,2310947,28.31195,-82.05591,0.35006409883499146,0.011775599399240222,0.5710811752227022,50.663089988012494,-41.67612414225875,-6406456.5,0.3449382185935974,0.7511175762192667,0.2516984647657922,0.24895031215386643,0.0426101782579076,0.0033559571899377397,0.20298419854293454,0.20624023482839354,0.0,0.00019823714683298022,5.2690887619604105e-05,7.218622340587899e-05,7.752034434815869e-05,123.57647705078125,99.25267028808594,0.7136180400848389,426.4602966308594,304.45245361328125,110.5870590209961,0.9432361125946045
Model6Closed_Snow_aSrz_SIMHYD_Simple,2312200,28.57277,-82.15536,0.16110599040985107,-0.12581289817876207,0.5224883572363279,78.06017927880679,-19.810352532803375,-20606.240234375,0.13650935888290405,0.7548249895246547,0.22799935149798425,0.24399497618664195,0.031432443741757715,0.007470678801383102,0.2050918660081674,0.20949859596741743,0.0,0.00019853048434015363,5.50897562097085e-05,7.218404061859474e-05,7.746398478047922e-05,137.78421020507812,114.1954345703125,0.7215741276741028,516.2681274414062,334.9054870605469,127.7893295288086,1.0520682334899902
Model6Closed_Snow_aSrz_SIMHYD_Simple,2314500,30.68056,-82.56056,0.6831532418727875,0.46717727376837914,0.7686807640679876,78.5955157745229,-7.364994180637792,-421.2193603515625,0.6864733994007111,0.7791111048954961,0.25242067682053976,0.2209935838203989,0.03324323119523946,0.002455933483332218,0.18529440704531083,0.18727656251404756,0.0,0.00019979146600235254,5.598694583751222e-05,7.218868267955258e-05,7.757107960060239e-05,97.118896484375,51.577274322509766,0.7247522473335266,457.0180358886719,313.7502746582031,106.84789276123047,0.9523521065711975
Model6Closed_Snow_aSrz_SIMHYD_Simple,2315500,30.32578,-82.73818,0.7412253022193909,0.5656595287844953,0.786798435280751,45.04233042109752,-16.804034791596322,-355.5501708984375,0.7240843772888184,0.7962668006872146,0.2894400878318413,0.20334487128174056,0.023853192983359885,0.0013432647181885434,0.17814841338707865,0.1793174265998225,0.0,0.00020014349138364196,5.551307634084157e-05,7.218599057523534e-05,7.75146545493044e-05,97.08838653564453,33.55712127685547,0.7385864853858948,404.3539733886719,285.9634704589844,94.38541412353516,1.0112502574920654
Model6Closed_Snow_aSrz_SIMHYD_Simple,2324400,30.09827,-83.47181,0.5041387379169464,0.3789380018381412,0.5553173273950878,-32.64009698535812,-56.9324452775133,-7472.2939453125,0.4389036297798157,0.8207098308350895,0.2472359119504918,0.1717148042845722,0.004783965134923559,0.0005084016038278413,0.1664224206721895,0.16796621931817907,0.0,0.00019882238120771945,5.1812208551382745e-05,7.223771535791457e-05,7.731754158157855e-05,377.6283874511719,44.560081481933594,0.7761861681938171,1392.9139404296875,491.850341796875,200.70346069335938,0.9908767938613892
Model6Closed_Snow_aSrz_SIMHYD_Simple,2327100,30.12937,-84.49435,0.5988405346870422,0.6569503380922193,0.6164820953299579,24.60255225468331,-49.307106472832956,-520.8251953125,0.568673312664032,0.5676658533811082,0.16389271951990297,0.42914035178888266,0.16104264684813235,0.006538370091178262,0.2615592828512626,0.26449938992916794,0.0,0.0001968484721146524,4.712028573360356e-05,7.218975952127948e-05,7.756825652904809e-05,89.88204193115234,71.05155181884766,0.5381207466125488,184.6654815673828,144.8062286376953,69.62965393066406,0.784210741519928
Model6Closed_Snow_aSrz_SIMHYD_Simple,2342933,32.01766,-85.29577,0.6639381945133209,0.481228093906948,0.6839666248257747,54.449341323642464,-35.48279489710556,-229.9237060546875,0.6399893164634705,0.6012858897407882,0.12737359858356628,0.39255245478050554,0.1375808213865095,0.012627002675984666,0.24234461477793845,0.24632091523980407,0.0,0.0001994160411413759,5.188107124229822e-05,7.217829261207953e-05,7.734981772955507e-05,114.46473693847656,88.9133071899414,0.5790672898292542,436.4116516113281,306.9818420410156,136.98590087890625,0.8585705161094666
Model6Closed_Snow_aSrz_SIMHYD_Simple,2349900,32.19556,-83.90222,0.6998662650585175,0.43148338758964566,0.7750152943502537,-61.11141882932711,-12.527207315106132,-321.7115478515625,0.6791397333145142,0.6412332104292863,0.14104031064624956,0.35012308693998184,0.07584342379740062,0.01936198259590905,0.25491767728072706,0.26101966464752874,0.0,0.0001983896509045735,5.816331246549529e-05,7.217934762593359e-05,7.732840458629653e-05,109.31363677978516,120.62557983398438,0.6198238134384155,290.68780517578125,218.11587524414062,83.01083374023438,0.9308719635009766
Model6Closed_Snow_aSrz_SIMHYD_Simple,2350900,31.76444,-84.25333,0.744591623544693,0.6599544584850086,0.8567196666526701,-59.751162730462376,-9.972733281034177,-7.524152755737305,0.6505138278007507,0.6749730448376116,0.18114563092611802,0.32188014083889727,0.06693819670694114,0.008752168648735518,0.24618977700507935,0.24844914069766877,0.0,0.00019949434499721974,5.4507487887526113e-05,7.217978418339044e-05,7.735381950624287e-05,86.92152404785156,50.890907287597656,0.6427321434020996,374.1005554199219,285.9776916503906,110.70332336425781,0.8681628108024597
Model6Closed_Snow_aSrz_SIMHYD_Simple,2361000,31.34295,-85.61049,0.7041194140911102,0.6911870731482517,0.7847982508896671,-96.46760476433177,-21.43206908091216,-12.605488777160645,0.6224155128002167,0.6236114078164239,0.1810438540162167,0.3718130717589358,0.07899829514309578,0.010280055189150279,0.282534729916562,0.2857135418397657,0.0,0.0001973421749426052,5.013269557111212e-05,7.232878124341369e-05,7.731009827693924e-05,59.904903411865234,74.69682312011719,0.5906926989555359,222.5643768310547,195.2792510986328,85.29639434814453,0.8313663005828857
Model6Closed_Snow_aSrz_SIMHYD_Simple,2363000,31.59489,-85.783,0.7618763297796249,0.7346821999314287,0.7774684429115946,-2.149951067628475,-38.00454420497599,-51.116973876953125,0.6794229447841644,0.6705059035227887,0.15498102453562676,0.32302292467132454,0.054041724879293054,0.011570652138708427,0.2574105659279417,0.26173082073707915,0.0,0.00019929806876461953,5.0298993487631584e-05,7.239077240228653e-05,7.73220308474265e-05,99.99005126953125,106.22699737548828,0.6477156281471252,425.9609375,298.1308898925781,121.95384979248047,1.0532557964324951
Model6Closed_Snow_aSrz_SIMHYD_Simple,2369800,31.02768,-86.70996,0.8011736869812012,0.671409278064911,0.8578562847356902,-212.76340389197958,10.493523610912026,-23.535503387451172,0.7984945923089981,0.585499728670922,0.14975719181684893,0.40891452873187667,0.0773761306254258,0.010749156559408687,0.32078920748003925,0.3261774587946946,0.0,0.00019697794050443918,4.302736132796516e-05,7.217997335828841e-05,7.731147343292832e-05,105.93363952636719,156.87530517578125,0.5432572960853577,419.4068298339844,311.58648681640625,151.8455810546875,0.8046660423278809
Model6Closed_Snow_aSrz_SIMHYD_Simple,2371500,31.5735,-86.25162,0.7785582095384598,0.7573296986096318,0.8006118625767531,-144.15067372490876,-23.626118675344475,-37.19489669799805,0.6705850660800934,0.6416521707552447,0.14645949573284472,0.3527901543338161,0.10613977953750192,0.010642097396434833,0.2360082844223664,0.239668719285327,0.0,0.0001976373023353517,4.983575972293109e-05,7.218257087515667e-05,7.742579327896237e-05,101.12407684326172,87.10137176513672,0.616074800491333,388.635986328125,282.6641845703125,120.89562225341797,0.7928453683853149
Model6Closed_Snow_aSrz_SIMHYD_Simple,2372250,31.59627,-86.40552,0.7562759667634964,0.7345249900420173,0.7681704450279454,-108.2205868238967,-33.81568059250964,-24.54051399230957,0.6784381866455078,0.6263455018357235,0.1477977781969687,0.3681282948882163,0.10278693965504945,0.011866846132286196,0.2534744979574546,0.25729156711872725,0.0,0.00019769025675486773,4.9438495279973457e-05,7.218126847874373e-05,7.739216380286962e-05,87.03218078613281,90.672119140625,0.6019777059555054,363.656982421875,279.6806640625,119.5065689086914,0.7894470691680908
Model6Closed_Snow_aSrz_SIMHYD_Simple,2374500,31.4185,-86.98664,0.6165769398212433,0.7576448293443043,0.7275635289379484,-157.99738740779352,42.59043353432266,-3.1818370819091797,0.45516467094421387,0.6376836183858855,0.14496807304649026,0.3571938435250808,0.055896170644884585,0.025997774493441303,0.2752999086003731,0.280250939612023,0.0,0.0001972115715034306,4.5203624082390665e-05,7.239739352371544e-05,7.730430661467835e-05,93.409912109375,128.60885620117188,0.6071236729621887,535.2120971679688,345.6309814453125,157.93504333496094,0.9840174913406372
Model6Closed_Snow_aSrz_SIMHYD_Simple,2381600,34.57037,-84.46882,0.44798046350479126,0.5032935194586232,0.4605781576519994,56.581600254574205,-76.1319608469823,-3.0098867416381836,0.32588809728622437,0.3594757460627749,0.046093299657495514,0.6383658228229855,0.22493398974885517,0.0030528961355108333,0.4103789499910553,0.4134058513638834,0.0,0.00018870610801968724,4.535489273864319e-05,7.217809616122395e-05,7.731025834800676e-05,61.228065490722656,88.57212829589844,0.35590457916259766,170.01547241210938,130.2264862060547,75.33819580078125,0.7056564688682556
Model6Closed_Snow_aSrz_SIMHYD_Simple,2384540,34.87202,-84.72133,0.511089414358139,0.44801025361368507,0.6542517895846957,75.37031479771198,-33.390658285354036,-56.100311279296875,0.4790151119232178,0.41932084405485814,0.11610531598572005,0.5773750136651686,0.1521721318280293,0.006640746223270636,0.4185621333179735,0.4240721350459561,0.0,0.0001843101781560108,3.798591918989078e-05,7.219093095045537e-05,7.732642552582547e-05,89.90376281738281,174.48817443847656,0.3781798481941223,295.1528625488281,204.7122802734375,121.41297149658203,0.5653001666069031
Model6Closed_Snow_aSrz_SIMHYD_Simple,2395120,34.24278,-84.88972,0.6946331262588501,0.7338851865508192,0.6968790205090825,39.79955136218451,-45.63409381652552,-7.93651008605957,0.6418432593345642,0.6381796102910015,0.148301762074692,0.3595695124734179,0.08622261048167013,0.008886998257669336,0.26445991280317505,0.2686871517648269,0.0,0.00019607431022450328,5.3208950955567787e-05,7.235554221551865e-05,7.732521771686152e-05,76.63468170166016,101.73588562011719,0.6084585785865784,434.7473449707031,292.09552001953125,134.01010131835938,0.7850752472877502
Model6Closed_Snow_aSrz_SIMHYD_Simple,2408540,32.91679,-86.27025,0.777793824672699,0.664081490908087,0.8322568210445013,69.11779927319971,-18.58393138778282,-13.56912612915039,0.7414601147174835,0.5427369163383395,0.1479533951324301,0.45647685457845977,0.146464568694717,0.0054782161514473505,0.30453407243567426,0.3071923373180129,0.0,0.0001926988479681313,4.676352815763465e-05,7.217892562039196e-05,7.732279482297599e-05,65.87488555908203,70.50773620605469,0.508397102355957,380.4565734863281,271.1534729003906,131.0352020263672,0.7713565826416016
Model6Closed_Snow_aSrz_SIMHYD_Simple,2415000,33.06679,-85.87913,0.8233049958944321,0.690401320943343,0.8542219627421979,66.81400821152066,-6.431742923405278,-14.919898986816406,0.8006033301353455,0.5372602678804865,0.14944088925439683,0.46127096871589107,0.1516343711569768,0.006383443945519166,0.30325317261407486,0.3059599985963384,0.0,0.00019276906095910817,4.697098456340803e-05,7.217770325951278e-05,7.733667007414624e-05,80.22743225097656,69.87139892578125,0.5004452466964722,405.9548645019531,279.0500793457031,137.1719970703125,0.73995041847229
Model6Closed_Snow_aSrz_SIMHYD_Simple,2422500,32.58291,-86.9036,0.6911515593528748,0.5997215590093687,0.8054089807237573,-16.252027235878593,-5.1223531877980015,-17.714244842529297,0.6191170513629913,0.5872363614491789,0.1408331649752372,0.4105011842806084,0.14358363285986772,0.005944327642539537,0.26097325573976343,0.26375534244994236,0.0,0.00019651096954476088,4.79841920605178e-05,7.218065002234653e-05,7.737600390100852e-05,110.10685729980469,71.79293823242188,0.5490471124649048,512.5550537109375,353.4742736816406,169.1179962158203,0.7705402970314026
Model6Closed_Snow_aSrz_SIMHYD_Simple,2427250,31.99626,-87.06832,0.8113046586513519,0.6847920420207176,0.8267172604606787,-174.05684124140274,-34.868513832739744,-45.45468521118164,0.7867297977209091,0.6153991998314686,0.13550732302648946,0.3790523753947732,0.127874166787406,0.011299736091938493,0.23987845029346327,0.24421971123889236,0.0,0.00019647848966997117,4.899240261556978e-05,7.225325680337846e-05,7.73344945628196e-05,52.60430908203125,103.091796875,0.5984523296356201,272.2304992675781,211.4667510986328,93.86100006103516,0.9822341203689575
Model6Closed_Snow_aSrz_SIMHYD_Simple,2430085,34.46667,-88.28361,0.5190537869930267,0.6861608273932602,0.5820053497640012,-19.429729087516115,-45.72230659808386,-39.57986068725586,0.38259488344192505,0.5331172274055522,0.12576901046058486,0.4625445488792031,0.15536280865603883,0.007598944328609502,0.29958278907495806,0.30416440146941903,0.0,0.0001856529270298779,4.546128583545319e-05,7.218430255306885e-05,7.730656216153875e-05,233.23446655273438,119.72443389892578,0.49413785338401794,670.14599609375,370.31982421875,221.57601928710938,0.6962970495223999
Model6Closed_Snow_aSrz_SIMHYD_Simple,2430615,34.3925,-88.355,0.4164493680000305,0.6555419470203274,0.5084453892727577,23.58507154684056,-53.412848878986004,-8.8038969039917,0.2763654589653015,0.5736343122968034,0.13931514182772184,0.4232588342349816,0.12208142850627535,0.009324576829774157,0.29185284925931637,0.29548249224133627,0.0,0.00018687303236220032,4.553995475990492e-05,7.218316022772342e-05,7.731289224466309e-05,239.71998596191406,95.08503723144531,0.5287472009658813,791.351806640625,428.2105712890625,254.68910217285156,0.6956748962402344
Model6Closed_Snow_aSrz_SIMHYD_Simple,2450250,34.28538,-87.39891,0.786958321928978,0.6722050963654103,0.8014404011554064,46.03137507531201,-19.898442646338758,-212.07424926757812,0.7776707708835602,0.4834442655762794,0.1432870850858654,0.5121771019322967,0.1480892371214921,0.005070112839043378,0.35901776976413696,0.36421566490372353,0.0,0.00019152152526658028,4.369932575716014e-05,7.23499251762405e-05,7.734913378953934e-05,24.338895797729492,149.5261993408203,0.4601346254348755,172.68643188476562,156.07960510253906,88.74637603759766,0.6948295831680298
Model6Closed_Snow_aSrz_SIMHYD_Simple,2464000,33.47928,-87.59723,0.7915521413087845,0.640424851352317,0.8167877314568445,28.412767419680534,-28.53595374346076,-80.519775390625,0.7616729885339737,0.5200177510798133,0.13616073970865714,0.4779178234277609,0.19926705405198852,0.005404319429249303,0.2732464206088155,0.2765337707113125,0.0,0.00019241991685703397,4.454982785348887e-05,7.224756700452417e-05,7.735830149613321e-05,23.790573120117188,85.92329406738281,0.495587021112442,212.80758666992188,177.82289123535156,95.81739044189453,0.7027588486671448
Model6Closed_Snow_aSrz_SIMHYD_Simple,2464146,33.41345,-87.51056,0.5171177685260773,0.7034090154731183,0.5669506510788055,15.553670369145005,-59.01086041606151,-8.600144386291504,0.3910505771636963,0.5674963210096443,0.14198042130358507,0.42897633107876987,0.12211809969056699,0.015464368767089738,0.2913938455371578,0.29467878000752074,0.0,0.0001966072159120813,4.63869427715777e-05,7.217819802463055e-05,7.732764061074704e-05,92.57392120361328,81.08984375,0.5361955761909485,457.36639404296875,320.2371520996094,175.86920166015625,0.7284440994262695
Model6Closed_Snow_aSrz_SIMHYD_Simple,2464360,33.42484,-87.64251,0.7330296039581299,0.7979796670775863,0.7429403083422199,-16.35198717780076,-27.81771497335304,-8.549245834350586,0.6720399558544159,0.6007395415357241,0.14322543061993656,0.39396149751155424,0.09632258252708721,0.01590629335261975,0.2817326377181626,0.2862109821060118,0.0,0.0001961189555004239,4.720044857058879e-05,7.217829261207953e-05,7.732977974228561e-05,118.2501220703125,108.53579711914062,0.5717543959617615,557.2289428710938,356.17431640625,192.39369201660156,0.7716161012649536
Model6Closed_Snow_aSrz_SIMHYD_Simple,2465493,32.99735,-87.62223,0.5856693387031555,0.7116201204922268,0.624669516378836,-0.44931504413085566,-33.88615342871724,-8.60934066772461,0.5140716731548309,0.6553278264550698,0.15492106740779626,0.3391909827950936,0.059605607468381186,0.009003479029413362,0.27058190722815595,0.2747163289600287,0.0,0.00019368369248695672,4.751257075188424e-05,7.217872189357877e-05,7.73084320826456e-05,199.96861267089844,105.64250946044922,0.6172505021095276,831.430908203125,432.18231201171875,219.60472106933594,0.8878142833709717
Model6Closed_Snow_aSrz_SIMHYD_Simple,2469800,31.74432,-88.02251,0.7367084920406342,0.7240485939388493,0.7485919955511738,-28.98066328154516,-31.340500080909955,-44.72473907470703,0.6884200274944305,0.614061177431938,0.14918152344624175,0.38262904372691225,0.11433647491369188,0.018677026326764642,0.24961556298291293,0.2534686564459707,0.0,0.0001979866938199848,4.8570748211296045e-05,7.217904203571379e-05,7.732344238320366e-05,42.93119812011719,89.88018798828125,0.5981292128562927,360.6587219238281,266.2904968261719,122.27824401855469,0.8014817237854004
Model6Closed_Snow_aSrz_SIMHYD_Simple,2472000,31.70694,-89.40694,0.7880748510360718,0.6038657397866706,0.8239010733008743,-211.68065127759266,-32.55801024158306,-61.98392868041992,0.7533478140830994,0.5987714862204992,0.15641452642283196,0.3983571635124866,0.1257636558167351,0.015027556231928222,0.2575658910175832,0.2618737296947891,0.0,0.00019577197963371873,4.828568439112349e-05,7.218000246211886e-05,7.735945109743625e-05,23.2880916595459,101.09074401855469,0.5768632292747498,232.6751251220703,182.05410766601562,85.18989562988281,0.7617496848106384
Model6Closed_Snow_aSrz_SIMHYD_Simple,2472500,31.42583,-89.41472,0.7241281270980835,0.6365920103411329,0.7616535842928456,-534.1306158849371,-39.04543360860923,-29.284217834472656,0.6896468698978424,0.622234292919278,0.14792615542812093,0.3710643157590936,0.10496563039933525,0.012258750515668968,0.25383992945795014,0.25991629164056546,0.0,0.00019681664707604796,4.7580680430185986e-05,7.218102109618485e-05,7.738573185633868e-05,78.57108306884766,154.41957092285156,0.5916297435760498,425.9258117675781,255.09689331054688,121.67240905761719,0.8501705527305603
Model6Closed_Snow_aSrz_SIMHYD_Simple,2479155,31.02528,-89.01667,0.6519780457019806,0.5059207554703005,0.7841241769992875,-74.41319537752017,2.7704784875384374,-94.36840057373047,0.6080690622329712,0.5459549080222664,0.13889390650902794,0.44647549130154773,0.14098251398961315,0.013095412403480333,0.2923975328283073,0.29874100462414016,0.0,0.00019547090050764382,4.5032877200651884e-05,7.218078098958358e-05,7.731988443993032e-05,111.59837341308594,160.94515991210938,0.5081487894058228,365.85614013671875,256.4922790527344,132.61337280273438,0.7226367592811584
Model6Closed_Snow_aSrz_SIMHYD_Simple,2479300,30.73611,-88.78111,0.7910364419221878,0.7304587861245867,0.8305662539599394,-297.9258372843808,-25.319379818312,-10.329510688781738,0.738057553768158,0.547342129438195,0.14800462761744623,0.44673860747411404,0.1701283200341381,0.012063659169290853,0.26454659891954946,0.2694264013230083,0.0,0.0001909617567434907,4.192868960480418e-05,7.218173414003104e-05,7.741029548924416e-05,86.70339965820312,129.05807495117188,0.5100864768028259,289.3049011230469,217.34291076660156,112.64012908935547,0.6956728100776672
Model6Closed_Snow_aSrz_SIMHYD_Simple,2479560,30.80908,-88.45863,0.8375309854745865,0.7657770679187607,0.8651312876466439,-455.1033453195218,-13.878204519822521,-19.70561408996582,0.7883760780096054,0.55077112936396,0.14506761458598685,0.44384168276907593,0.15582670985840236,0.016145928795767605,0.2718690004287072,0.27652658994464085,0.0,0.00019106762192677706,4.162747713792005e-05,7.218169048428535e-05,7.740296132396907e-05,54.3883056640625,124.16053009033203,0.5235881805419922,268.39483642578125,212.84243774414062,104.68086242675781,0.6849685311317444
Model6Closed_Snow_aSrz_SIMHYD_Simple,2481000,30.55861,-89.12194,0.7612398713827133,0.6038694796696147,0.7978050224957435,-13.953426962784315,-21.882106121937824,-122.87371063232422,0.7255143821239471,0.4813483090757804,0.12390026751672857,0.5126245049792931,0.2434734427001334,0.013218269354834935,0.25593279292432486,0.26100919710025244,0.0,0.00019102996157016605,4.045905800968994e-05,7.218107930384576e-05,7.735554390819743e-05,95.25812530517578,137.9016876220703,0.4661161005496979,235.79042053222656,181.60739135742188,101.88223266601562,0.6710872054100037
Model6Closed_Snow_aSrz_SIMHYD_Simple,2481510,30.48361,-89.27444,0.8012081533670425,0.6561854663662745,0.8427236303460598,-47.85125536878077,5.460881190427606,-30.168167114257812,0.7676310390233994,0.5342293650301461,0.1425548068581583,0.46011296013901626,0.186792736608198,0.011892386513040124,0.2614278271926968,0.2665195969893121,0.0,0.00019188461010344326,4.230946754637104e-05,7.217988604679704e-05,7.73843567003496e-05,103.23490142822266,135.77598571777344,0.5015865564346313,319.3034973144531,227.891357421875,120.23284149169922,0.6959983706474304
Model6Closed_Snow_aSrz_SIMHYD_Simple,3010655,41.96173,-78.19807,0.7015023827552795,0.7565445571038842,0.7444997126838874,-33.69746266800645,-33.8520906338125,-26.985097885131836,0.5967753827571869,0.45077391371002373,0.14138457515307856,0.5417547963448568,0.2716397155604271,0.00968604786273935,0.2604290081476054,0.26714640047649346,0.0,0.000163763586897403,5.023404898158487e-05,7.250897760968655e-05,7.762112363707274e-05,40.881282806396484,125.09712219238281,0.36209484934806824,84.37303924560547,74.93798065185547,47.066776275634766,0.6884605884552002
Model6Closed_Snow_aSrz_SIMHYD_Simple,3011800,41.76645,-78.71864,0.722995936870575,0.8226492808681799,0.7691792946741921,-56.02282972696216,-10.380393284134513,-10.11164665222168,0.577144593000412,0.41327199700593914,0.1501649444165985,0.5811959636609367,0.29049255183024464,0.006738887696870687,0.28396455798604664,0.2887470996043188,0.0,0.00016320151917170733,4.613432802279462e-05,7.220783299999312e-05,7.751585508231074e-05,36.20189666748047,95.87910461425781,0.3261728882789612,61.918575286865234,57.62506866455078,38.12505340576172,0.6277467012405396
Model6Closed_Snow_aSrz_SIMHYD_Simple,3015500,41.85256,-79.31727,0.7913513332605362,0.8037005557691096,0.7943505026272302,-315.6585883124662,-34.93680325232024,-10.265300750732422,0.6913192570209503,0.42226551756075187,0.13735052296079509,0.570804987245703,0.2755415571531081,0.013113353381677342,0.28215002497074704,0.287792500668044,0.0,0.00016247801249846816,4.573616719405893e-05,7.243226718856022e-05,7.768757495796308e-05,42.381011962890625,113.57969665527344,0.33000245690345764,86.81261444091797,77.12224578857422,50.48952865600586,0.628297746181488
Model6Closed_Snow_aSrz_SIMHYD_Simple,3021350,42.01533,-79.78255,0.657927393913269,0.6589573932729034,0.6691723856598096,-43.19809434959377,-36.8654396557966,-17.007633209228516,0.4976732134819031,0.4103660803302491,0.1325253695540295,0.5831603008934131,0.2949853838403394,0.013890699806514268,0.2742842310106889,0.27964399525721134,0.0,0.00016204372514039278,4.449279640119125e-05,7.224902219604701e-05,7.749133510515094e-05,41.779945373535156,110.20112609863281,0.32738205790519714,93.9337387084961,83.36746215820312,54.745723724365234,0.6146413683891296
Model6Closed_Snow_aSrz_SIMHYD_Simple,3026500,41.63117,-78.57669,0.6876524388790131,0.7638209942075739,0.7342723616472904,13.945639890432382,-27.796136760992482,-25.97174835205078,0.5607190728187561,0.41555780973913087,0.14218542187860445,0.5785938519035974,0.2894088355542681,0.00724542364484871,0.2819395752225783,0.28690845311381796,0.0,0.00016381974273826927,4.674266443370753e-05,7.226126035675406e-05,7.753777026664466e-05,36.85577392578125,98.66998291015625,0.32985740900039673,70.67445373535156,64.77094268798828,42.4356689453125,0.6391967535018921
Model6Closed_Snow_aSrz_SIMHYD_Simple,3028000,41.57534,-78.69225,0.7817439287900925,0.8387754772692952,0.7820666870466815,-68.76775978866041,-33.09011518768383,-9.388480186462402,0.6796605288982391,0.4252586762756012,0.1454469852161564,0.568803489665297,0.2852031753812489,0.007319817950176515,0.27628056118712374,0.28135032149572975,0.0,0.00016449789109174162,4.788322071636358e-05,7.221163832582533e-05,7.755613478366286e-05,35.643558502197266,98.56168365478516,0.3366149067878723,69.63137817382812,64.48355865478516,42.171321868896484,0.6532458662986755
Model6Closed_Snow_aSrz_SIMHYD_Simple,3049000,40.7159,-79.69949,0.6873677968978882,0.6477089154034499,0.7573132920508173,-49.18228461994884,-16.211744912431868,-36.30234909057617,0.597453236579895,0.4934250913504584,0.1567450803209015,0.49959610297479634,0.24170437645856127,0.006206621600122098,0.25168508004070494,0.2579798716954314,0.0,0.00017029544687829912,5.070294822705869e-05,7.226043089758605e-05,7.764204201521352e-05,36.43083190917969,120.62254333496094,0.4024593234062195,105.84046173095703,100.44792938232422,57.10013198852539,0.7226699590682983
Model6Closed_Snow_aSrz_SIMHYD_Simple,3049800,40.52035,-79.93811,0.3526141047477722,0.3991833890969253,0.36048118546847613,76.86941650921162,-60.517769113883595,-80.17369842529297,0.2404026985168457,0.5455878870041733,0.16397451550466732,0.4478991785367197,0.20422173908478186,0.007681720021140342,0.23599574859793568,0.2409420723135024,0.0,0.0001755430130288005,5.745245825403214e-05,7.2468988946639e-05,7.753475802019238e-05,53.53070831298828,85.6626205444336,0.46196573972702026,150.944580078125,133.63565063476562,69.67284393310547,0.8036940097808838
Model6Closed_Snow_aSrz_SIMHYD_Simple,3050000,38.80927,-79.88173,0.7864129394292831,0.7520422955820927,0.802702741378532,61.956935474574365,-31.920768136110603,-24.82651138305664,0.7288856506347656,0.40534088785761896,0.1583044944759597,0.5887566146630685,0.3205324441142919,0.007396276052624005,0.26082787736415813,0.26614836672701697,0.0,0.00016606019926257432,4.2564100097946466e-05,7.221640407806262e-05,7.747467316221446e-05,36.96247100830078,118.06288146972656,0.3330411911010742,62.63396453857422,52.564842224121094,34.040863037109375,0.6404775381088257
Model6Closed_Snow_aSrz_SIMHYD_Simple,3066000,39.12705,-79.46838,0.780088946223259,0.8320613860254219,0.8131929187972411,50.41202842237981,-7.032787706941589,-5.218716621398926,0.6559672653675079,0.3485248855379434,0.13610570534850544,0.647355065962851,0.2969970518204559,0.011678875639019693,0.3386791202053395,0.3423772264527281,0.0,0.00016231364861596376,3.808752254693786e-05,7.223795546451584e-05,7.741738954791799e-05,34.23884963989258,91.2033462524414,0.30176642537117004,52.83843994140625,45.544979095458984,30.162025451660156,0.5888904333114624
Model6Closed_Snow_aSrz_SIMHYD_Simple,3069500,39.12288,-79.68117,0.8475244641304016,0.8952999613450282,0.8483717175193801,8.723109123855561,-31.90344308026067,-3.518388271331787,0.7683687210083008,0.3691006547717554,0.15274843033343438,0.6262053549464323,0.3251037369916969,0.010868552918638821,0.2902331026671516,0.29437395944757094,0.0,0.00016219851386267692,3.9136903546535286e-05,7.222776912385598e-05,7.748459029244259e-05,34.796417236328125,97.65361022949219,0.3071376085281372,49.19937515258789,43.780052185058594,28.843156814575195,0.6005441546440125
Model6Closed_Snow_aSrz_SIMHYD_Simple,3070500,39.61564,-79.70477,0.7753599137067795,0.8201831655423046,0.7760193151427951,1.80207159860738,-26.153206340800445,-22.329015731811523,0.6528618037700653,0.42658339255951805,0.15693097040820245,0.5683330424310457,0.2853319366220883,0.008980167284976626,0.2740209712029551,0.27833652089990335,0.0,0.00016873219283297658,4.499817590235976e-05,7.218654354801401e-05,7.750462100375444e-05,36.70417404174805,92.44515228271484,0.347756564617157,72.43719482421875,63.9448127746582,40.757450103759766,0.6580303311347961
Model6Closed_Snow_aSrz_SIMHYD_Simple,3076600,39.65614,-79.39411,0.6201281249523163,0.6980635364785713,0.684366999290506,-34.19852334656542,-16.879368994193744,-39.182762145996094,0.47179681062698364,0.41001533785261524,0.14283076366186132,0.5851708156672867,0.2878247433293625,0.008169515442698437,0.28917656653179036,0.29352389654516414,0.0,0.00016581286035943776,4.413450999752059e-05,7.22165423212573e-05,7.756679406156763e-05,38.27197265625,95.6064453125,0.3418324291706085,86.3725357055664,76.55085754394531,48.27174377441406,0.6676070690155029
Model6Closed_Snow_aSrz_SIMHYD_Simple,3078000,39.70219,-79.13639,0.7275013029575348,0.8252900515461224,0.7384445905163383,38.51298266842128,-12.707937702043765,-22.002546310424805,0.603553831577301,0.4068737642603519,0.13532951350891584,0.588390062339755,0.30434419215655545,0.009804202639545795,0.2742416629290116,0.278486887623446,0.0,0.0001662143477005884,4.590251876645766e-05,7.229885522974655e-05,7.7555698226206e-05,38.79958724975586,89.57160949707031,0.3505164682865143,81.49158477783203,72.5796127319336,45.77701950073242,0.6945604085922241
Model6Closed_Snow_aSrz_SIMHYD_Simple,3140000,40.36285,-81.86236,0.6484401822090149,0.6662991388217231,0.6943897311931101,-26.426955855491343,-20.49292171804495,-83.22625732421875,0.5879353284835815,0.5740050721810378,0.19722913144318724,0.419849002663738,0.1308637459477946,0.005589864579269086,0.28339535074155964,0.28816668713843246,0.0,0.00018115245620720088,6.1195834268957e-05,7.25596328265965e-05,7.729989010840654e-05,53.016258239746094,81.3376235961914,0.48123088479042053,186.5765380859375,138.44439697265625,69.18949890136719,0.8385220170021057
Model6Closed_Snow_aSrz_SIMHYD_Simple,3144000,40.13257,-82.14792,0.7308862805366516,0.6641446747693247,0.7473227848934184,-128.40310182511675,-49.87886516822615,-77.04401397705078,0.6903437674045563,0.5523051850843687,0.16619814794952395,0.4404384211995531,0.17685009312291483,0.01054073109111517,0.25304761354208155,0.2591660345250013,0.0,0.00017913361079990864,5.916377649787037e-05,7.225269655464217e-05,7.739420107100159e-05,42.93167495727539,105.8534164428711,0.4709382951259613,145.864501953125,116.85357666015625,60.43208694458008,0.8189730644226074
Model6Closed_Snow_aSrz_SIMHYD_Simple,3159540,39.06369,-81.8818,0.7044430673122406,0.7040892879726199,0.7201275949501305,74.25518995428209,-13.508379279988299,-202.72796630859375,0.6470077931880951,0.5814691461170277,0.19964246648720654,0.4132474730542339,0.13949891140264215,0.008956307596630709,0.2647922514426952,0.26962403768305643,0.0,0.00018416618695482612,5.758206732713292e-05,7.217852544272318e-05,7.73178253439255e-05,37.103782653808594,87.96824645996094,0.5019365549087524,140.21812438964844,118.47147369384766,62.814414978027344,0.799791157245636
Model6Closed_Snow_aSrz_SIMHYD_Simple,3161000,36.39333,-81.40694,0.8203344643115997,0.8083375112304241,0.8758685333144116,4.260892978413173,-13.822797450328617,-1.3568971157073975,0.7725485861301422,0.480766280099394,0.16626899139852824,0.5163352555584003,0.137271795038519,0.005296929545168225,0.37376652709425223,0.37811467515209146,0.0,0.00017784498049877584,4.5055049328276715e-05,7.218688551802188e-05,7.735746476100758e-05,103.10002899169922,115.52255249023438,0.39329758286476135,284.09893798828125,197.86558532714844,113.4762954711914,0.666745662689209
Model6Closed_Snow_aSrz_SIMHYD_Simple,3164000,36.64735,-80.97897,0.7465302050113678,0.726995264532456,0.841099078101449,21.37265027837352,-8.936187523139832,-7.3834991455078125,0.6650242507457733,0.5090571314731789,0.17220820890181773,0.4864058891566638,0.11435591942640295,0.008441518839769601,0.3636084720454607,0.36894443230216356,0.0,0.00017703004414215684,4.802667984283792e-05,7.230474147945642e-05,7.735643157502636e-05,116.15519714355469,129.70803833007812,0.42495477199554443,296.63671875,195.10887145996094,103.66339874267578,0.7133501768112183
Model6Closed_Snow_aSrz_SIMHYD_Simple,3165000,36.64596,-80.91924,0.6285657584667206,0.8057912918884218,0.6789695320649732,27.057864991138363,-28.88376484421922,-2.1375420093536377,0.5619694292545319,0.5315613224001297,0.1412351441247132,0.46223180815470255,0.1644473049391026,0.00849492756916365,0.2892895710404394,0.29442883182092866,0.0,0.00018322917458135635,5.050661503676814e-05,7.229306356748566e-05,7.736582483630627e-05,185.11314392089844,123.11846923828125,0.47269707918167114,431.1535949707031,236.37515258789062,126.52713775634766,0.7259776592254639
Model6Closed_Snow_aSrz_SIMHYD_Simple,3170000,37.03763,-80.55672,0.573475182056427,0.5683340963933237,0.7995209925307749,-3.6714147700258257,6.294654379966944,-7.913926124572754,0.4412299394607544,0.5809541537433144,0.17044657003528532,0.4084376326176199,0.11513841824546305,0.008951227571410468,0.284347990122831,0.29087184683669504,0.0,0.0001848039828473702,5.5111632729434596e-05,7.262988947331905e-05,7.736146653769538e-05,168.5942840576172,129.32656860351562,0.5211976766586304,405.54931640625,241.6751251220703,111.66810607910156,0.8478828072547913
Model6Closed_Snow_aSrz_SIMHYD_Simple,3173000,37.26818,-80.70951,0.7009606659412384,0.6482379735839255,0.7366303150529311,-44.88611705543207,-36.920549249691845,-82.72191619873047,0.6603458523750305,0.5719142549052288,0.19361840206049402,0.42103030860856594,0.11909677566280129,0.008707814312582099,0.29322569827333056,0.29972145353292445,0.0,0.000181000359589234,6.01468131044766e-05,7.219096005428582e-05,7.74302170611918e-05,54.985572814941406,113.35580444335938,0.5061067342758179,130.9927978515625,105.89045715332031,52.46580123901367,0.8710416555404663
Model6Closed_Snow_aSrz_SIMHYD_Simple,3180500,38.54373,-79.83312,0.7907833158969879,0.8437395075363745,0.7966285399638376,9.724792828274941,-30.253574498734515,-12.673186302185059,0.7181514203548431,0.39709579703150677,0.14188058619906257,0.5964227862257033,0.3255534400214339,0.007796437945737734,0.2630728971562409,0.2688218113936434,0.0,0.0001650470803724602,4.386422021107628e-05,7.262158760568127e-05,7.752347300993279e-05,43.430728912353516,125.60565948486328,0.33864879608154297,71.6213607788086,64.89366912841797,41.57928466796875,0.6571959257125854
Model6Closed_Snow_aSrz_SIMHYD_Simple,3182500,38.18595,-80.13062,0.83954718708992,0.7723512773118706,0.8529386237488956,-55.52074472047283,-28.2732206184903,-30.929912567138672,0.7966105788946152,0.443718185571339,0.16064216455855806,0.5497063213898535,0.2531204860537852,0.008854892911574867,0.28773093456923415,0.29356637420132753,0.0,0.0001679581473581493,4.737430183515637e-05,7.232728239614516e-05,7.755970727885142e-05,49.850677490234375,120.6148681640625,0.37628358602523804,94.54814147949219,82.0801773071289,50.61011505126953,0.709210991859436
Model6Closed_Snow_aSrz_SIMHYD_Simple,3186500,38.379,-80.48397,0.7311308085918427,0.8371934115815628,0.7426980984672734,41.49453505861428,-37.30914254596089,-8.970657348632812,0.5993687212467194,0.34638053008598774,0.12275546221305919,0.6489672120635424,0.39168625374974964,0.008801574739594796,0.2484794013951979,0.25314262114076874,0.0,0.00016354935360141098,3.876130406160074e-05,7.238086982397363e-05,7.747265772195533e-05,35.65449142456055,114.7958984375,0.2985697388648987,61.892555236816406,53.32417678833008,35.639827728271484,0.6070539355278015
Model6Closed_Snow_aSrz_SIMHYD_Simple,3187500,38.29539,-80.52648,0.7588275223970413,0.8386880036744502,0.7600060122133355,66.58454790609676,-41.90620479562212,-6.334146022796631,0.6271017491817474,0.3469104474942126,0.1182763352448479,0.6486955777761203,0.3758308102038495,0.008460006216205225,0.26440468291257174,0.268976375002911,0.0,0.00016498759214300662,3.905192846203596e-05,7.228266622405499e-05,7.748043572064489e-05,35.820465087890625,115.14836120605469,0.29545858502388,68.46746063232422,58.71517562866211,39.94482421875,0.6097615361213684
Model6Closed_Snow_aSrz_SIMHYD_Simple,3213700,37.67316,-82.28014,0.5837535262107849,0.46145218096148954,0.7447897474378472,-51.6027619266891,-33.90851723837591,-33.490577697753906,0.5542968809604645,0.5105921456117394,0.1822587618615378,0.48322853369468904,0.19669625175708688,0.010665603642175265,0.2758666861994092,0.2827231442157823,0.0,0.0001776987046469003,5.0432612406183525e-05,7.223589636851102e-05,7.766013004584238e-05,28.86075782775879,140.04200744628906,0.4385802447795868,98.79151916503906,86.17008972167969,47.58635330200195,0.7516756057739258
Model6Closed_Snow_aSrz_SIMHYD_Simple,3237280,38.64369,-83.21574,0.36757123470306396,0.4664241903960611,0.41778581392365916,63.952393889731205,-62.75194201939131,-3125.783203125,0.31739455461502075,0.539365895465333,0.16259338802807358,0.4545950137283141,0.1669976919058246,0.012300689215863312,0.2752966357486345,0.28090783529401353,0.0,0.00018221049685962498,5.139276228910463e-05,7.2259790613316e-05,7.734812970738858e-05,46.92351150512695,114.52597045898438,0.481015145778656,192.1702880859375,159.48594665527344,83.36740112304688,0.724090576171875
Model6Closed_Snow_aSrz_SIMHYD_Simple,3237500,38.80368,-83.42102,0.74933061003685,0.7037271731679959,0.7555898103756696,34.47957035783841,-30.92388296492646,-224.3306121826172,0.7188374698162079,0.543870944168052,0.18807210603724756,0.4517887845117948,0.2183299596271131,0.005144144164595,0.2283147114887688,0.2325495351166661,0.0,0.00018237027688883245,5.5968246071379456e-05,7.2482944233343e-05,7.733683742117137e-05,25.7111873626709,79.94003295898438,0.46602097153663635,119.46664428710938,102.70341491699219,53.6922721862793,0.7912082672119141
Model6Closed_Snow_aSrz_SIMHYD_Simple,3238500,38.85813,-83.92854,0.730387806892395,0.7566248470126838,0.7322015675100063,61.6121349485618,-20.416001010757565,-295.6225280761719,0.6803664565086365,0.5621660997308409,0.2487071944189004,0.4343160015029124,0.28553140993112813,0.0018892294681931883,0.14689529310607635,0.1506424339853586,0.0,0.0001838418102124706,5.6230758413918115e-05,7.24114797776565e-05,7.731299410806969e-05,16.1257381439209,71.74201965332031,0.45633381605148315,106.51548767089844,100.44473266601562,54.71181869506836,0.7858372926712036
Model6Closed_Snow_aSrz_SIMHYD_Simple,3241500,39.72284,-83.88271,0.765783965587616,0.7567928007219926,0.7749885242284453,-88.27232601336331,-24.494857671257428,-65.50853729248047,0.7328889966011047,0.5822508617245364,0.188711377162478,0.41125185291620286,0.1270063835804383,0.006331876305807643,0.27791358722977805,0.2842308921478842,0.0,0.00018333572370465845,5.874303293897281e-05,7.226550951600075e-05,7.734300015727058e-05,37.83348083496094,116.17833709716797,0.4896679222583771,182.89573669433594,151.03895568847656,81.9583511352539,0.8181349039077759
Model6Closed_Snow_aSrz_SIMHYD_Simple,3280700,37.16509,-83.30796,0.6131768822669983,0.39082409053792544,0.6755861216422946,50.750756649403264,-43.548891528241136,-173.03688049316406,0.6056900918483734,0.48879687727002347,0.15318600509673097,0.5041698075796741,0.21160602762906983,0.006239228096072191,0.2863245561375953,0.2935166073205431,0.0,0.00018137696315534413,4.649075480108541e-05,7.218282553367317e-05,7.738437852822244e-05,54.873451232910156,165.72052001953125,0.43074238300323486,151.829345703125,131.2883758544922,77.0492935180664,0.6842867732048035
Model6Closed_Snow_aSrz_SIMHYD_Simple,3281100,37.15203,-83.7602,0.7655681073665619,0.6140389263441117,0.7875353577463886,61.127198503198095,-26.655541554171712,-215.2401123046875,0.7617547959089279,0.5218279016945545,0.16588358385196017,0.4712020437463766,0.17686009792279053,0.008340009515228784,0.2860019115459991,0.2926493170799737,0.0,0.0001859810290625319,5.011040713861148e-05,7.217834354378283e-05,7.735037070233375e-05,52.695838928222656,143.37643432617188,0.4707476794719696,138.95216369628906,120.24105834960938,66.71514892578125,0.7041131258010864
Model6Closed_Snow_aSrz_SIMHYD_Simple,3281500,37.47981,-83.67519,0.7614142149686813,0.6071084481586735,0.7926462656695192,84.11850688205075,-32.13389363259015,-117.77637481689453,0.7655281871557236,0.5031896821571631,0.16776583963381506,0.4891506543686972,0.19421460326975087,0.013246924651793151,0.2816891279539264,0.2891913878726407,0.0,0.00018421307322569191,4.983329222366346e-05,7.218086830107495e-05,7.741128501947969e-05,38.19546890258789,159.63861083984375,0.46013784408569336,103.92208099365234,88.84707641601562,49.860694885253906,0.7028293609619141
Model6Closed_Snow_aSrz_SIMHYD_Simple,3285000,37.64202,-84.66078,0.7589142769575119,0.713473465960271,0.770403692344205,41.83184515041603,-33.04813076136955,-119.31181335449219,0.7277595102787018,0.5470219588354752,0.18330019445666645,0.44899295748791035,0.21793630479185774,0.003822481245054145,0.2272342079014807,0.23152382743299552,0.0,0.00018724004621617496,5.3275239834505683e-05,7.248010660987347e-05,7.73620922700502e-05,24.63849639892578,90.33587646484375,0.48824721574783325,136.80068969726562,111.89613342285156,59.25518035888672,0.765992283821106
Model6Closed_Snow_aSrz_SIMHYD_Simple,3291780,38.87811,-85.25718,0.6404166519641876,0.6878867703482416,0.6506817732425575,66.07426807087992,-31.050564720771177,-229.4587860107422,0.5734240710735321,0.47776290145897093,0.1596005537314549,0.5206452672531489,0.258812508034923,0.00390812010541819,0.25792462154596074,0.2607236832135977,0.0,0.00018199096666648984,4.9911087695777164e-05,7.229293987620622e-05,7.73069477872923e-05,7.326052188873291,59.95069885253906,0.4045586585998535,156.94834899902344,144.04331970214844,85.59165954589844,0.7130900621414185
Model6Closed_Snow_aSrz_SIMHYD_Simple,3300400,37.83284,-85.29607,0.8167592287063599,0.7988742536273669,0.8222621586568558,65.69958473450869,-17.203251634566318,-319.12060546875,0.7783098071813583,0.5637746605782762,0.21315213838365268,0.4325764889090773,0.24385494992246617,0.0020524961248545985,0.18666904125162095,0.19067956684932388,0.0,0.00018838832329493016,5.445874633336715e-05,7.244927110150456e-05,7.732168887741864e-05,8.451045989990234,83.49028015136719,0.5012523531913757,99.79296112060547,94.95283508300781,48.15500259399414,0.7810589075088501
Model6Closed_Snow_aSrz_SIMHYD_Simple,3338780,40.26531,-87.6428,0.7759378105401993,0.7952278856808168,0.7782353123223781,-136.68622726299697,-39.04327598762746,-73.79181671142578,0.7159180641174316,0.6016894764562312,0.21674451547330198,0.39272078780915914,0.1597442729967366,0.0064445833945709335,0.22653190622957944,0.23123493874394707,0.0,0.00018583238124847412,6.342421782487754e-05,7.244768494274467e-05,7.743667083559558e-05,24.794994354248047,79.04319763183594,0.5005786418914795,119.54673767089844,106.16109466552734,55.572303771972656,0.8509235978126526
Model6Closed_Snow_aSrz_SIMHYD_Simple,3340800,39.81255,-86.9539,0.7863605916500092,0.7565148225685546,0.7939916915527614,-98.7792745530623,-22.260888950616533,-151.03221130371094,0.7556056380271912,0.5772312717326153,0.20407091948849676,0.41747920721545734,0.1494970498333444,0.005481930448391624,0.26250021632934184,0.2672684826416771,0.0,0.00018458088743500412,5.8569562073131305e-05,7.227605965454131e-05,7.73202846175991e-05,21.144004821777344,88.78692626953125,0.48787441849708557,163.2122802734375,139.04220581054688,77.05579376220703,0.8060791492462158
Model6Closed_Snow_aSrz_SIMHYD_Simple,3346000,39.01004,-87.94559,0.7752782553434372,0.6126367210980005,0.7953969810989576,-1.6542804704946341,-40.41202366784284,-798.44677734375,0.7440503239631653,0.5772036221891524,0.21005533496166895,0.41802742234682566,0.22476420043471998,0.006115893925933847,0.18714731575184274,0.1917985699789083,0.0,0.00018738125800155103,5.879758484626076e-05,7.223569991765544e-05,7.742582238279283e-05,9.802961349487305,84.97854614257812,0.5002533197402954,111.7698974609375,107.5793228149414,54.335689544677734,0.8305362462997437
Model6Closed_Snow_aSrz_SIMHYD_Simple,3357350,39.76171,-86.72945,0.570738285779953,0.6412694547960491,0.5860007521992917,42.98623687464807,-52.48073309071089,-270.9181213378906,0.512315958738327,0.5219116462707969,0.1775466191308675,0.47412791014904593,0.19737399084641222,0.006299593613795639,0.2704543346406769,0.2745502868953536,0.0,0.0001825004001148045,5.586862640579678e-05,7.25680947653018e-05,7.730229117441922e-05,8.255208969116211,77.42735290527344,0.43744006752967834,117.31620788574219,108.817626953125,63.285614013671875,0.7856523394584656
Model6Closed_Snow_aSrz_SIMHYD_Simple,3364500,39.27477,-85.70165,0.6586288213729858,0.6052181743406733,0.6729712566319916,64.78567486743873,-49.69676568253924,-145.8304443359375,0.6099347174167633,0.5138672911482602,0.16063005774279088,0.48241967008930087,0.2243782085246643,0.005950847736075806,0.25209060124299054,0.25673430313395834,0.0,0.00018201865896116942,5.3068686972520076e-05,7.247598114190623e-05,7.731764344498515e-05,11.655521392822266,93.44267272949219,0.4382862448692322,142.62013244628906,127.6624984741211,74.95793914794922,0.7585121989250183
Model6Closed_Snow_aSrz_SIMHYD_Simple,3366500,38.80422,-85.67386,0.803183987736702,0.6714719523904824,0.8143136103021452,36.11095492576215,-26.296090808555547,-166.6949005126953,0.7843511700630188,0.5030279759568828,0.17391491808620432,0.4938183144330454,0.2626662417456562,0.0047923835373174855,0.2263596636705095,0.23026573075007062,0.0,0.00018369148892816156,5.0166916744893235e-05,7.226361049106345e-05,7.732416270300746e-05,3.7821755409240723,87.70112609863281,0.43088865280151367,119.17945861816406,111.47440338134766,64.53729248046875,0.7166314721107483
Model6Closed_Snow_aSrz_SIMHYD_Simple,3368000,39.07033,-85.48608,0.5801625847816467,0.5907923778055708,0.588117360854076,56.02622921469015,-43.576788699791344,-1198.47705078125,0.5297831296920776,0.4854598372673605,0.16089962909248898,0.5124202937407817,0.28085653062153343,0.006073852409239258,0.22548988431350608,0.22898239630261139,0.0,0.00018192475545220077,5.071547617410962e-05,7.228004687931389e-05,7.731757068540901e-05,5.296749114990234,73.64893341064453,0.40709543228149414,138.5657196044922,127.96458435058594,76.20547485351562,0.7314919233322144
Model6Closed_Snow_aSrz_SIMHYD_Simple,3384450,37.47227,-88.54727,0.6249775290489197,0.5884062647220776,0.657371433390677,63.63388496970808,-22.5210520612237,-1311.74951171875,0.5870330035686493,0.4987942297863512,0.12280033624418604,0.4972089731682618,0.2412013449767442,0.01213995596034537,0.24386765705462993,0.24844072562229652,0.0,0.00018979335436597466,5.171363505564607e-05,7.24805286154151e-05,7.730055949650705e-05,20.821027755737305,99.48300170898438,0.48555582761764526,183.4347686767578,166.84542846679688,86.7990951538086,0.7445021867752075
Model6Closed_Snow_aSrz_SIMHYD_Simple,3439000,35.14333,-82.82472,0.6591213643550873,0.777095222379683,0.7480186056516415,9.257519568583293,21.40561567019939,-4.076178550720215,0.5373081266880035,0.39712939035902184,0.13611584368748583,0.5988379437231908,0.13380912708828896,0.003941028916902118,0.46108780962597884,0.4655492279424352,0.0,0.00017973787907976657,3.288173327409857e-05,7.218193059088662e-05,7.732107769697905e-05,360.7954406738281,201.2843017578125,0.32444649934768677,603.3302612304688,313.9847412109375,183.6309356689453,0.4890390932559967
Model6Closed_Snow_aSrz_SIMHYD_Simple,3450000,35.65306,-82.40528,0.6614065170288086,0.611236417682245,0.8076016871003363,51.89807753509077,15.87714192279223,-16.805099487304688,0.6319460272789001,0.4256698389141855,0.13723294438526684,0.5681252299202006,0.18382751459679472,0.006694280402927156,0.377603430145255,0.3845156838212058,0.0,0.00017759778711479157,4.350252529674086e-05,7.229865877889097e-05,7.734904647804797e-05,124.7250747680664,176.11636352539062,0.36740201711654663,251.9954376220703,189.4029541015625,108.30998229980469,0.6617993712425232
Model6Closed_Snow_aSrz_SIMHYD_Simple,3455500,35.39611,-82.9375,0.5040836036205292,0.6600920495565872,0.5723152531592205,33.419341058951396,-14.257433949160445,-25.24790382385254,0.44802457094192505,0.31595397103068945,0.1001942356946725,0.6730842413134938,0.1604166204644509,0.004277661764145602,0.5083899748805266,0.5192750589603455,0.0,0.00017324784130323678,3.070690393648723e-05,7.249396003317088e-05,7.73069987189956e-05,232.164306640625,405.01190185546875,0.2663729786872864,358.0949401855469,184.37518310546875,115.50601959228516,0.5902453064918518
Model6Closed_Snow_aSrz_SIMHYD_Simple,3456500,35.46167,-82.86972,0.7488234043121338,0.7479923605138681,0.7583771123146745,31.748503355630035,-27.34651977203321,-10.137778282165527,0.7175136804580688,0.39504722853775426,0.13569261161181026,0.5987959589800165,0.17117403765277145,0.004955494484172352,0.4226664390384607,0.42921034384397944,0.0,0.0001758573780534789,3.756501817554821e-05,7.221269333967939e-05,7.733766688033938e-05,157.65870666503906,199.65884399414062,0.32629626989364624,287.1139831542969,188.273193359375,115.77971649169922,0.5778324007987976
Model6Closed_Snow_aSrz_SIMHYD_Simple,3460000,35.6675,-83.07361,0.7071913480758667,0.8032828376745551,0.7597024076813103,16.688151421089096,11.880334439157606,-8.619457244873047,0.6571485996246338,0.46378540084817677,0.17321874640898072,0.5269591720914064,0.08895018762125442,0.0036158597631351683,0.434393138148332,0.4421353356936833,0.0,0.0001740142033668235,3.9063328946225593e-05,7.233841461129487e-05,7.731727964710444e-05,182.69534301757812,215.32916259765625,0.3824428915977478,333.4921875,212.8885498046875,114.15509033203125,0.5933198928833008
Model6Closed_Snow_aSrz_SIMHYD_Simple,3463300,35.83151,-82.18429,0.7378233969211578,0.7930054508448742,0.7379476606738202,52.840423312119675,-24.714931724134473,-3.3899130821228027,0.7005233466625214,0.3665503519634474,0.11706915054890142,0.6235683438306822,0.21795575327909128,0.01573716106359733,0.38987538520174964,0.4002422241031957,0.0,0.00017232430400326848,3.805959129825941e-05,7.236778765218332e-05,7.73216670495458e-05,78.34471130371094,277.219970703125,0.3401218354701996,153.57371520996094,119.78895568847656,71.53416442871094,0.6690040826797485
Model6Closed_Snow_aSrz_SIMHYD_Simple,3471500,36.76039,-81.63123,0.5677103102207184,0.6651486228578207,0.6595918643483076,-63.04753524154828,-36.46538940938196,-33.971614837646484,0.4989514946937561,0.5253488243047418,0.19367707910216347,0.4682907705730342,0.09875620979419833,0.008245908895256202,0.36128867147736854,0.36774344028685724,0.0,0.00018114823615178466,5.310342212568457e-05,7.218271639430895e-05,7.735632243566215e-05,57.18608474731445,131.0830841064453,0.44743603467941284,140.167724609375,116.64886474609375,63.75590133666992,0.762952446937561
Model6Closed_Snow_aSrz_SIMHYD_Simple,3473000,36.65178,-81.84401,0.7126733064651489,0.7371558431745207,0.7648766300085093,-27.920995980802644,-32.69007700544995,-12.112588882446289,0.6410659849643707,0.5051511393355027,0.18554602912171614,0.48835592760435403,0.11693324633513645,0.008898708776269049,0.3625239716972023,0.3691810449317303,0.0,0.0001784909691195935,5.100022385615739e-05,7.235922385007143e-05,7.736739644315094e-05,53.52886962890625,138.86459350585938,0.4263204038143158,130.970703125,103.66570281982422,57.310333251953125,0.7401137351989746
Model6Closed_Snow_aSrz_SIMHYD_Simple,3479000,36.23917,-81.82222,0.7767711728811264,0.6853601855438269,0.7999765077211548,57.83526753501671,-35.468418515019295,-7.993324279785156,0.758540004491806,0.45446952461163426,0.15805560485570813,0.5402691207617218,0.16870326958006976,0.007364919642414803,0.36420088475324125,0.37027067870703423,0.0,0.00017551641212776303,4.4675652974140966e-05,7.228647154988721e-05,7.737785927020013e-05,64.62281799316406,146.40887451171875,0.3729030191898346,179.4911651611328,133.56405639648438,77.81036376953125,0.670428991317749
Model6Closed_Snow_aSrz_SIMHYD_Simple,3488000,36.89678,-81.74623,0.7511015832424164,0.6494466139775636,0.7984037889222267,27.142498841024256,-35.38316995849474,-30.954919815063477,0.7320245802402496,0.5166033162628177,0.18099135687569562,0.4766374753137769,0.17549246217410022,0.008951183460181903,0.29219379082430413,0.29924713641975004,0.0,0.00017760158516466618,5.3866564944819274e-05,7.218955579446629e-05,7.740335422568023e-05,39.0048828125,133.6464080810547,0.44940242171287537,91.85541534423828,80.84100341796875,43.581451416015625,0.7977017164230347
Model6Closed_Snow_aSrz_SIMHYD_Simple,3498500,35.78562,-83.8846,0.8023983687162399,0.6894502147091592,0.8440933664003689,6.8111151131953624,-20.89310363685585,-10.806183815002441,0.7821334302425385,0.46676533831488765,0.1828646720530221,0.5259246711433816,0.12339586641431335,0.007635595776346625,0.3948931985781721,0.4010981751084514,0.0,0.00017982086865231395,4.186687931493074e-05,7.218000246211886e-05,7.735937833786011e-05,73.76243591308594,157.866455078125,0.39871546626091003,140.39572143554688,117.81580352783203,68.5014419555664,0.611350417137146
Model6Closed_Snow_aSrz_SIMHYD_Simple,3500000,35.15,-83.37972,0.6277470886707306,0.6683798212136705,0.7983204624239589,20.7897773791083,20.41901254852637,-4.909961700439453,0.40714341402053833,0.43548360650453627,0.14897899243985138,0.5611669782977515,0.11878603774552685,0.0036122958976390687,0.43876862604185735,0.4424391786841535,0.0,0.00018259296484757215,3.5891896495960325e-05,7.219087274279445e-05,7.731239747954533e-05,331.42181396484375,162.7592010498047,0.35971078276634216,623.2250366210938,335.8712158203125,187.43450927734375,0.543330729007721
Model6Closed_Snow_aSrz_SIMHYD_Simple,3500240,35.15889,-83.39417,0.7711663544178009,0.7386405502353262,0.8304579650207394,31.821143194328094,7.853917493378246,-10.051935195922852,0.7514171153306961,0.44845720667631805,0.15051258476062399,0.5479299718412067,0.1093165844243473,0.0034159132155858985,0.4351974844636234,0.4395936014604683,0.0,0.00018622298375703394,3.812315523002049e-05,7.218485552584752e-05,7.73081264924258e-05,237.18887329101562,179.16844177246094,0.37982362508773804,502.80096435546875,300.821044921875,164.1072540283203,0.6083989143371582
Model6Closed_Snow_aSrz_SIMHYD_Simple,3504000,35.1275,-83.61861,0.7788921445608139,0.825889730715624,0.7806970031646339,-3.754064924376302,-2.7394524375429357,-2.888425350189209,0.6492313742637634,0.36124093892750875,0.12188680328282225,0.6353527149375313,0.13975622695747036,0.002624656000248176,0.4929718127984414,0.49674435101353953,0.0,0.00017840907094068825,3.3210551949250365e-05,7.21890464774333e-05,7.732019003015012e-05,315.41015625,181.26605224609375,0.2877971827983856,522.1490478515625,255.12353515625,150.07308959960938,0.4816758334636688
Model6Closed_Snow_aSrz_SIMHYD_Simple,3574500,34.62425,-86.30637,0.7394723296165466,0.6573385534697553,0.7554739249275776,25.99108356477854,-40.1127243714187,-147.78994750976562,0.6931697428226471,0.446599762596284,0.14303811031161473,0.548979482740507,0.22568102218842787,0.010665817623338887,0.31263264161128285,0.31785154358789897,0.0,0.0001860517222667113,4.4006973005932836e-05,7.218055543489754e-05,7.735058898106217e-05,29.226240158081055,134.1761932373047,0.43771639466285706,101.47589874267578,89.97737121582031,51.921234130859375,0.6659915447235107
Model6Closed_Snow_aSrz_SIMHYD_Simple,3592718,34.83556,-88.28806,0.5683133006095886,0.6034965386701099,0.608615164721433,-43.301132532981434,-30.020564399966656,-88.80009460449219,0.52150958776474,0.5447012849882923,0.09974470825243167,0.4457265263066353,0.10769108170671206,0.01468776277704147,0.32334766309894764,0.33289592796587975,0.0,0.0001864441583165899,4.476814289101331e-05,7.226781599456444e-05,7.73057690821588e-05,132.06771850585938,264.8818664550781,0.5315659642219543,498.75653076171875,296.2416687011719,169.29229736328125,0.8797202110290527
Model6Closed_Snow_aSrz_SIMHYD_Simple,3604000,35.49591,-87.8328,0.7296999394893646,0.787704289549762,0.7379735357470569,-146.1302637014121,-38.96890332056318,-5.254736423492432,0.6994232535362244,0.5621449148706031,0.15508397077967487,0.43298508611422143,0.11237001763580855,0.007253957944886236,0.3133611111800764,0.3193025621163632,0.0,0.00018915266264230013,4.391325575460323e-05,7.217856182251126e-05,7.730766083113849e-05,31.635147094726562,166.9185028076172,0.5333530902862549,245.887939453125,215.85374450683594,108.98755645751953,0.6814355850219727
Model6Closed_Snow_aSrz_SIMHYD_Simple,4015330,46.94688,-91.7924,0.7173199951648712,0.7432721720692439,0.7203224388013367,93.06590716290616,-33.19177099796096,-79.86857604980469,0.6411740779876709,0.5084885902512523,0.14880897589828315,0.48542800617572873,0.2761718353767915,0.013809746819258341,0.1954464017956119,0.20228830326633074,0.0,0.00016504566883668303,7.303886917848919e-05,7.250748603837565e-05,7.753555109957233e-05,51.69419860839844,88.96270751953125,0.4697311222553253,98.9465103149414,81.22360229492188,45.04719543457031,0.8743882775306702
Model6Closed_Snow_aSrz_SIMHYD_Simple,4024430,46.63327,-92.09408,0.7422594130039215,0.6821966454244084,0.766985533963024,33.17468118155026,-5.3477370372750075,-54.933841705322266,0.6895424127578735,0.5630530392732108,0.16343445891420164,0.4298106874324381,0.21102712655334352,0.004581953723619048,0.2142016155957115,0.2210977510469794,0.0,0.00016731765936128795,7.512315563306751e-05,7.239480328280479e-05,7.79928668634966e-05,55.971351623535156,97.35088348388672,0.4608239531517029,86.4493179321289,80.44680786132812,42.912811279296875,0.9007720351219177
Model6Closed_Snow_aSrz_SIMHYD_Simple,4027000,46.48661,-90.6963,0.6617242097854614,0.5429437208702214,0.7815141712468144,19.91523899351449,-21.537123420819857,-15.46546745300293,0.5841649770736694,0.5016828299509539,0.14038798808265504,0.4874931451062,0.24734731466780321,0.009159667299433571,0.23098617225208978,0.24015053281170282,0.0,0.00016321352450177073,6.675976159984591e-05,7.247466419357806e-05,7.801640458637848e-05,74.61609649658203,131.92242431640625,0.44227781891822815,100.86888885498047,87.06556701660156,47.4808349609375,0.8470198512077332
Model6Closed_Snow_aSrz_SIMHYD_Simple,4040500,46.58411,-88.57597,0.7360388040542603,0.8100040834617781,0.776374487536099,64.33683676334286,-24.56381162297385,-5.491010665893555,0.6070117950439453,0.5042843062173814,0.1562809344508736,0.4860451767075108,0.24185408157476743,0.005217658541276662,0.2389734371454504,0.2464474841161788,0.0,0.00015633919974789023,6.219795509236238e-05,7.266144530149177e-05,7.812419789843261e-05,84.85095977783203,109.99636840820312,0.4453639090061188,111.67655944824219,98.87992095947266,54.82509231567383,0.926734209060669
Model6Closed_Snow_aSrz_SIMHYD_Simple,4043050,47.22854,-88.38539,0.6447534263134003,0.5498490391013717,0.6957672537163604,-1.6330610236620704,-55.88981721873617,-3.155768394470215,0.5312543511390686,0.5258411733682292,0.16978971578403187,0.4706390244088989,0.20535914811347222,0.008110085878889322,0.2571697815892189,0.26094131177189017,0.0,0.00016700131527613848,8.143602273196911e-05,7.239449769258499e-05,7.783380715409294e-05,64.74227905273438,75.10259246826172,0.47583359479904175,103.14464569091797,91.20308685302734,47.72393798828125,1.0553712844848633
Model6Closed_Snow_aSrz_SIMHYD_Simple,4045500,46.57502,-85.26955,0.6125494539737701,0.626252439269734,0.8064783539668237,-35.742358667063826,22.00191059280788,-6.429633140563965,0.3191550374031067,0.4950543182655625,0.18564863936304976,0.49868861038320056,0.19321303925356312,0.008181007885326542,0.29729456430188317,0.3019198608620693,0.0,0.00015833361248951405,6.0126292685658e-05,7.261773134814575e-05,7.76021188357845e-05,91.53852081298828,90.40895080566406,0.41493532061576843,120.37152862548828,110.1900863647461,65.2745132446289,1.0893559455871582
Model6Closed_Snow_aSrz_SIMHYD_Simple,4056500,46.03053,-86.16125,0.30656689405441284,0.5465473115521797,0.6623166564252978,-290.22836859110697,-34.27402602823867,-4.188093662261963,-0.26231110095977783,0.48867247235092987,0.18597688489052056,0.5044699210762948,0.2043139028574047,0.0030778182256198487,0.2970781977560009,0.3025613691945544,0.0,0.00016117638733703643,6.473973791233546e-05,7.234492659335956e-05,7.78740577516146e-05,67.22467041015625,94.82093048095703,0.4057205021381378,81.979248046875,72.8827133178711,44.13031005859375,0.8493872284889221
Model6Closed_Snow_aSrz_SIMHYD_Simple,4057510,45.94302,-86.7057,0.499758243560791,0.6250612203359452,0.6949280471795026,-32.73008326206722,-33.22688393946679,-13.27664852142334,0.24291175603866577,0.5284855807576198,0.18897880070327322,0.46378505676983506,0.1711726450085826,0.005435775532222211,0.28717661574311676,0.2926039442503452,0.0,0.0001626364391995594,6.646330092171223e-05,7.261882274178788e-05,7.769147487124428e-05,93.68696594238281,94.97928619384766,0.43067270517349243,125.46514129638672,103.51776123046875,61.47890090942383,0.8640309572219849
Model6Closed_Snow_aSrz_SIMHYD_Simple,4057800,46.4991,-87.88652,0.6367570459842682,0.7071042784762315,0.7416189504602789,26.866508455825635,-23.48476328115131,-8.181678771972656,0.47160667181015015,0.5050570186232343,0.1578329568250373,0.4850424708487103,0.20906767944264704,0.007360395506349432,0.26861441009696907,0.27614603214587086,0.0,0.000157848815433681,6.189899182691538e-05,7.23649573046714e-05,7.779406587360427e-05,89.23596954345703,112.63211059570312,0.4657742381095886,136.38775634765625,114.88260650634766,62.394630432128906,0.8231841325759888
Model6Closed_Snow_aSrz_SIMHYD_Simple,4059500,45.75552,-87.20152,0.6117320358753204,0.6190436079435462,0.6949021696862259,65.11464609810032,-37.044715796736796,-26.0711727142334,0.4396345019340515,0.6006039726890207,0.20040724992604786,0.3884792420861145,0.1469532723068843,0.0073193668589757776,0.2342065991471859,0.24146499699160667,0.0,0.00016584839613642544,7.489726268436471e-05,7.269396883202717e-05,7.796318095643073e-05,95.5739974975586,95.59099578857422,0.5214616060256958,145.82191467285156,118.56925964355469,58.521732330322266,1.0695888996124268
Model6Closed_Snow_aSrz_SIMHYD_Simple,4063700,45.76357,-88.46318,0.3645704984664917,0.3535753174597491,0.7518136445940657,-37.16053689194369,-22.914214522156765,-26.12906837463379,0.17714965343475342,0.5782508402266118,0.19630126997199726,0.41195993511885964,0.1481020994353598,0.00852217139354598,0.25533569225973846,0.26227663591866124,0.0,0.00016689802578184754,7.132695835945592e-05,7.266827742569149e-05,7.779872976243496e-05,95.66754150390625,105.29289245605469,0.4817081689834595,123.07789611816406,99.25506591796875,53.239070892333984,0.8882045745849609
Model6Closed_Snow_aSrz_SIMHYD_Simple,4074950,45.18997,-88.73344,0.3774763345718384,0.48960764683436164,0.7707983794855915,-106.31831519388363,-4.3282174549514645,-6.446362018585205,-0.08016526699066162,0.6265523377068188,0.2232909536127111,0.3622931191911618,0.08707775329026984,0.008421433876480007,0.2667939701811616,0.2738915229240131,0.0,0.0001706077018752694,7.420628515896155e-05,7.245759479701519e-05,7.774294499540702e-05,117.21479034423828,107.08717346191406,0.5225696563720703,174.97669982910156,112.75410461425781,59.33793640136719,0.9756526947021484
Model6Closed_Snow_aSrz_SIMHYD_Simple,4105700,42.35337,-85.35389,0.1430385708808899,0.48788752860653495,0.6090899664692674,-269.8598726816877,72.86934230259729,-5.244100570678711,-0.7547069787979126,0.6262974359581813,0.21243380928034222,0.37106819689700765,0.0743894720077005,0.0101667360917891,0.2865119706915148,0.2900016493361905,0.0,0.00017647679487708956,6.374100570708465e-05,7.261680730152875e-05,7.751176599413157e-05,60.50775146484375,77.82230377197266,0.5265577435493469,271.0742492675781,189.0970916748047,99.7981185913086,0.8303616642951965
Model6Closed_Snow_aSrz_SIMHYD_Simple,4115265,43.24976,-84.98113,0.386019766330719,0.5728598555560338,0.4204921454372983,-93.41480190130238,-58.956296709717364,-4.470363616943359,0.0023131966590881348,0.713980328464952,0.2482928838692212,0.2821083552425267,0.03686451070865723,0.006251874762731797,0.23899197032946834,0.24143231309912008,0.0,0.00018058049317914993,7.240583083492268e-05,7.26792641216889e-05,7.740207365714014e-05,87.08686065673828,46.550445556640625,0.6311372518539429,395.3770446777344,241.3505859375,118.92711639404297,0.9057934284210205
Model6Closed_Snow_aSrz_SIMHYD_Simple,4122200,43.46418,-86.23257,0.5545616149902344,0.7743493072528037,0.6576007160038141,-463.1305698634617,-43.16169455431045,-8.10828971862793,0.2989334464073181,0.5936842604127174,0.22710170340681363,0.40254468396251963,0.06928068975789417,0.0036682560644938525,0.3295957793966311,0.33137558901586955,0.0,0.0001772217801772058,6.73172103682661e-05,7.21986943972297e-05,7.750708027742803e-05,74.80369567871094,57.78614044189453,0.49322938919067383,206.2567596435547,147.56640625,79.12313842773438,0.844161868095398
Model6Closed_Snow_aSrz_SIMHYD_Simple,4122500,43.94501,-86.27869,0.5530340075492859,0.7329258163579815,0.6945846149679296,-703.953641044347,-14.323693317767074,-5.971559524536133,0.2087191939353943,0.5927945209952328,0.23012200962145454,0.4037904204488561,0.07935666046278761,0.003768780530465672,0.320665039508914,0.3224266826661442,0.0,0.00017586709873285145,6.712037022983263e-05,7.220877887448296e-05,7.757067942293361e-05,69.98390197753906,56.90351104736328,0.4892878830432892,197.57058715820312,137.20449829101562,75.52310943603516,0.8461113572120667
Model6Closed_Snow_aSrz_SIMHYD_Simple,4124000,44.43639,-85.69868,-0.1112213134765625,0.5455391477028763,0.7390080241750848,-642.1041874135551,-14.253842713319754,-38.32963943481445,0.0005784034729003906,0.6299720659602644,0.2601328922366953,0.36748440615221845,0.06182901577789,0.0028838243847679164,0.302771565418086,0.3036226875489731,0.0,0.00017325094086118042,7.11023092380258e-05,7.221401756396517e-05,7.749330688966438e-05,90.79818725585938,61.21617889404297,0.5081420540809631,209.25906372070312,129.57005310058594,69.99949645996094,1.0526427030563354
Model6Closed_Snow_aSrz_SIMHYD_Simple,4127918,46.18585,-84.59783,0.0639045238494873,0.19631161364230876,0.7000835379983098,-170.44049467487258,3.0412703268036365,-29.002906799316406,-0.2632887363433838,0.47052873622342156,0.1814431715340129,0.5237327985071762,0.18867428882362977,0.009282954163374947,0.3257755744558345,0.33070049631971504,0.0,0.00016163790132850409,6.105657804053011e-05,7.22860568203032e-05,7.763205940136686e-05,72.30514526367188,95.78407287597656,0.3938106894493103,91.67443084716797,81.89751434326172,49.13620376586914,0.773171067237854
Model6Closed_Snow_aSrz_SIMHYD_Simple,4127997,45.27446,-84.60003,-0.3509206771850586,0.576071778088672,0.45123484219503307,-110.09639013332422,-33.7791266403105,-18.153406143188477,-0.7789748907089233,0.6738045415237661,0.229529932378179,0.32378768459060653,0.050041607691362136,0.005854441640147249,0.2678916577230273,0.2694375714802256,0.0,0.00017285150534007698,6.971241963079722e-05,7.227068272186443e-05,7.7500291808974e-05,161.4966583251953,87.46122741699219,0.5841686129570007,448.7265930175781,225.86380004882812,113.86933135986328,1.1421146392822266
Model6Closed_Snow_aSrz_SIMHYD_Simple,4161580,42.80086,-83.09021,0.4393361210823059,0.5744577405854883,0.6167690512874024,-190.48005191311856,-21.42146056133006,-43.351619720458984,0.26650017499923706,0.6454415518873658,0.21519319533275394,0.3477423895989225,0.06066448636292409,0.008314533993016189,0.27876337588434635,0.282507493583911,0.0,0.00018001446733251214,7.154753622638296e-05,7.229470793390647e-05,7.740240835119039e-05,76.48522186279297,54.051456451416016,0.5553365349769592,272.70513916015625,179.1299591064453,93.9178237915039,0.9208685159683228
Model6Closed_Snow_aSrz_SIMHYD_Simple,4185000,41.5045,-84.42967,0.7857890129089355,0.8693435995245056,0.7886209489346255,-112.11960751728336,-6.952220514200289,-21.677772521972656,0.5861846208572388,0.6326765047433849,0.24469620764550717,0.36334133523640116,0.16428610106593064,0.00391373223890074,0.19514148559997987,0.19891266255137013,0.0,0.00018169589748140424,6.874215207177661e-05,7.242594438139349e-05,7.761214510537684e-05,19.873249053955078,56.05150604248047,0.5210226774215698,128.9410400390625,116.41688537597656,59.32197952270508,0.918175995349884
Model6Closed_Snow_aSrz_SIMHYD_Simple,4196800,40.92283,-83.34881,0.64249387383461,0.6898273889873078,0.6446474387813452,-9.58447561801917,-40.33263656000621,-367.11444091796875,0.523489773273468,0.6284168506182096,0.2579495373568989,0.3668083620253363,0.1499665324956747,0.0031325160596897355,0.21370930935079302,0.21731215737082238,0.0,0.00018373395141679794,6.79393384708748e-05,7.252609793795273e-05,7.732272206339985e-05,32.190399169921875,56.718467712402344,0.5121468901634216,136.5454559326172,118.56430053710938,60.00294494628906,0.9175497889518738
Model6Closed_Snow_aSrz_SIMHYD_Simple,4197100,41.02228,-83.10964,0.724327802658081,0.6902080038126783,0.7373643104942277,-26.782829981305284,-33.689524919490616,-315.9167785644531,0.6489459574222565,0.6081897291083694,0.24002085578816126,0.385290604942665,0.15741492553744377,0.007326815672851185,0.22054885573183752,0.22571142335233832,0.0,0.00018050320795737207,6.481791584297851e-05,7.242119318107143e-05,7.738812564639375e-05,37.963096618652344,82.2166976928711,0.4895896315574646,119.33277130126953,103.453125,53.1068115234375,0.8863880038261414
Model6Closed_Snow_aSrz_SIMHYD_Simple,4197170,41.11367,-83.16825,0.6866828501224518,0.5724467796464686,0.7057887185631411,-141.23046853164104,-46.03938987346202,-651.6309814453125,0.6596181988716125,0.5875596546149664,0.22425417263523423,0.4065981787024769,0.2024955151552246,0.005409222284528989,0.1986934019259232,0.20316248745963247,0.0,0.0001808133820304647,6.633612532095967e-05,7.245622691698372e-05,7.734129030723125e-05,33.5047607421875,69.92622375488281,0.4736417233943939,99.29734802246094,88.81719207763672,47.52389144897461,0.889244794845581
Model6Closed_Snow_aSrz_SIMHYD_Simple,4213000,41.927,-80.60397,0.7157551050186157,0.7555522580731441,0.7175472811999382,-73.86066528813936,-50.03997644113411,-44.601356506347656,0.5998045206069946,0.458821500203111,0.14844807727226553,0.5342708621101345,0.3116033760591552,0.008712185399818597,0.21395527239944195,0.21977182528485129,0.0,0.00016745217726565897,5.147578525005812e-05,7.238735997816548e-05,7.764410111121833e-05,36.65959167480469,105.58309936523438,0.3634454905986786,88.1383285522461,80.32662963867188,50.661598205566406,0.7085900902748108
Model6Closed_Snow_aSrz_SIMHYD_Simple,4213075,41.992,-80.29117,0.3849250078201294,0.5772234550633599,0.4190107877589147,-90.67680961236277,-62.24534942514385,-40.6169548034668,0.25492310523986816,0.46207092860965654,0.1595707476983269,0.5309223919910172,0.21208351315154314,0.010681490314193243,0.3081573629052851,0.3140592807621406,0.0,0.00016875624714884907,5.174863504391622e-05,7.246947643579915e-05,7.741173612885177e-05,39.51321029663086,109.00931549072266,0.36970558762550354,110.22169494628906,101.206298828125,65.33528137207031,0.7085540890693665
Model6Closed_Snow_aSrz_SIMHYD_Simple,4216418,42.86395,-78.28363,0.6799063980579376,0.7669915691761855,0.7158232754457633,-77.60780510781818,-35.499678629596865,-19.575050354003906,0.5715175569057465,0.4364356109456909,0.14639316505305022,0.5556836683202828,0.2558809528205101,0.008438222454345336,0.2913644707241362,0.29777228843426895,0.0,0.00016316324763465673,5.0297863980864516e-05,7.225810259114951e-05,7.753485988359898e-05,49.89594268798828,118.21379852294922,0.3406904339790344,107.96593475341797,97.61205291748047,64.06114959716797,0.7076854109764099
Model6Closed_Snow_aSrz_SIMHYD_Simple,4221000,42.12229,-77.95722,0.7361837327480316,0.7472351633123236,0.7579340862202206,-81.49443491115905,-31.95406446267344,-25.624011993408203,0.6433034837245941,0.4902983309321529,0.16550339121677823,0.5023804686711228,0.2083456081706098,0.009308648119644337,0.28472620100014756,0.2909194703814386,0.0,0.0001638528483454138,5.150645597800847e-05,7.226725574582815e-05,7.767412171233445e-05,51.10911560058594,112.37110900878906,0.3868674039840698,119.0440902709961,100.31523132324219,62.07879638671875,0.7150161266326904
Model6Closed_Snow_aSrz_SIMHYD_Simple,4224775,42.53562,-77.70416,0.5719460546970367,0.5500657923792492,0.6233109282084809,-205.10012435558454,-54.50327819088121,-40.685733795166016,0.48622655868530273,0.4834437786689894,0.14964571225332715,0.5078308960025854,0.2449972181321285,0.0076063726109594125,0.25522733480982535,0.26259142428207183,0.0,0.00016410530952271074,5.4414692411412255e-05,7.233270298456773e-05,7.76254601078108e-05,45.584991455078125,125.16323852539062,0.384921669960022,102.93399810791016,94.2427978515625,60.055233001708984,0.7702146172523499
Model6Closed_Snow_aSrz_SIMHYD_Simple,4233000,42.39313,-76.54494,0.6089314222335815,0.7164415288601143,0.6200058414166467,-40.02934712757522,-60.48560671494696,-14.699575424194336,0.4729854464530945,0.5320256214767973,0.154310853095357,0.46024916530132703,0.20116617933915992,0.006566078109829887,0.25251689068158595,0.2592353287920601,0.0,0.00017035329074133188,6.001820700854806e-05,7.2439135692548e-05,7.764648762531579e-05,64.99358367919922,112.09542083740234,0.4398847818374634,168.28463745117188,140.22528076171875,81.99568939208984,0.7820449471473694
Model6Closed_Snow_aSrz_SIMHYD_Simple,4256000,43.74729,-75.33435,0.7653661817312241,0.8491450565805858,0.7671425629194977,-34.20611134442214,-12.919652355396435,-4.623267650604248,0.6326024234294891,0.373405343783757,0.14544466016262175,0.6209716951786085,0.2412576586831166,0.013277581705516574,0.3664364789712177,0.3712847213624447,0.0,0.00015669407730456442,4.251698542517776e-05,7.229032053146511e-05,7.758275023661554e-05,61.02586364746094,107.91952514648438,0.3017194867134094,86.89202880859375,71.84976196289062,48.33176803588867,0.6023457646369934
Model6Closed_Snow_aSrz_SIMHYD_Simple,4296000,44.86894,-72.2701,0.7907355576753616,0.8327897800680505,0.805148060330519,4.09884019156511,-8.423137673406034,-6.742304801940918,0.654489129781723,0.4097427911427745,0.17241557168940097,0.5868587330679035,0.18182002836614602,0.019861554224543436,0.3851771489641011,0.3887702231776165,0.0,0.00015506269119214267,4.2124028857281275e-05,7.219446706585586e-05,7.73524516262114e-05,69.33232116699219,89.034912109375,0.2984054982662201,125.2425308227539,106.20448303222656,73.74612426757812,0.6059733033180237
Model6Closed_Snow_aSrz_SIMHYD_Simple,5056000,47.80555,-98.71622,0.16293346881866455,0.27237496465091315,0.19876676452149078,-48.61964575353722,-87.18864229947626,-482.4891662597656,-0.02320408821105957,0.9135060605054296,0.4014344635207385,0.07150395178162255,0.0016921080336980707,0.00018236442862094445,0.06962801779962143,0.0715674044432637,0.0,0.00018868030747398734,0.0001406156926099193,7.26021098671481e-05,7.776357233524323e-05,203.78431701660156,15.531656265258789,0.8852429389953613,1256.098876953125,231.29685974121094,83.01602172851562,1.5684493780136108
Model6Closed_Snow_aSrz_SIMHYD_Simple,5057000,47.43277,-98.0276,0.21373164653778076,0.3194938832763684,0.2277176379691514,-4.950856081744318,-85.49939464375267,-112.22811126708984,-0.04417717456817627,0.9169157967945709,0.4263854548574141,0.0707997590676196,0.003238369167147614,0.00028927572107474215,0.06727138862736631,0.06903777630575776,0.0,0.00018657254986464977,0.0001352421005261142,7.258857658598572e-05,7.770889351377264e-05,194.76536560058594,13.833200454711914,0.8804898858070374,1169.277587890625,224.14425659179688,83.52251434326172,1.4968341588974
Model6Closed_Snow_aSrz_SIMHYD_Simple,5057200,47.22916,-98.12482,-0.0038764476776123047,-0.17743256932605767,0.10910574803708564,36.15540701906947,-90.32350925552313,-2764.05322265625,0.0070677995681762695,0.9005851582662486,0.3490394545502465,0.09055171288658685,0.003514361535417688,0.000294289549903844,0.08674149350112267,0.0899531292831881,0.0,0.00019013561541214585,0.00012956279304256004,7.249980262713507e-05,7.793090480845422e-05,193.73486328125,29.647907257080078,0.858152449131012,1029.0244140625,211.77169799804688,91.45988464355469,1.403967022895813
Model6Closed_Snow_aSrz_SIMHYD_Simple,5062500,47.26663,-96.24478,0.5013622939586639,0.6923075738569954,0.5604946534204505,36.242610093028055,-52.66349455315336,-29.334739685058594,0.3299112319946289,0.7558803915091059,0.28441185006450026,0.2352145933815107,0.05440470559358655,0.0035281234540101387,0.17728148375434807,0.182420095252953,0.0,0.0001772905670804903,9.032467778632834e-05,7.233711949083954e-05,7.754060789011419e-05,117.79413604736328,60.509830474853516,0.6510847806930542,205.40016174316406,131.28089904785156,61.12582778930664,1.0719659328460693
Model6Closed_Snow_aSrz_SIMHYD_Simple,5087500,48.34109,-96.81812,0.3159344792366028,0.20045596582791758,0.45811128674455676,71.59636912689363,-88.94109717446207,-1363.218994140625,0.12024563550949097,0.8027135695313437,0.27353953502315276,0.18214288537541293,0.037895455975281836,0.003927732408345831,0.14031924142099894,0.14658811360123394,0.0,0.0001809183886507526,0.00010420810156824596,7.252509385580197e-05,7.813907723175362e-05,148.1134796142578,61.08647155761719,0.7424614429473877,339.5317687988281,182.79843139648438,72.11363983154297,1.2002177238464355
Model6Closed_Snow_aSrz_SIMHYD_Simple,5120500,48.13834,-100.53986,-1.9987108707427979,-0.9075622541759536,0.11343452043517034,62.938030767503804,-67.07373766107617,-6300.50537109375,-2.3804166316986084,0.8958765031480045,0.34943099852516607,0.08718458289940094,0.009655465068612503,0.00031856948445719305,0.07720892308654255,0.08063658281022583,0.0,0.0001888851256808266,0.00013775853161793463,7.268416811712086e-05,7.795952842570841e-05,172.2281951904297,27.77025604248047,0.8795003890991211,950.3397216796875,320.3214416503906,65.24925994873047,1.5541843175888062
Model6Closed_Snow_aSrz_SIMHYD_Simple,5123400,48.58889,-100.44208,0.16383355855941772,0.019753893498741792,0.3413142505331723,,-60.08035485052935,,0.10179859399795532,0.8950320027813281,0.3772316281024189,0.08868994319787699,0.005782733423178318,0.0003701990478773927,0.08253500421451243,0.08600921783901813,0.0,0.0001863881916506216,0.0001307787249173199,7.266126340255141e-05,7.788762013660744e-05,202.01727294921875,28.3465633392334,0.8680784106254578,998.3095703125,224.67791748046875,76.40380096435547,1.4441667795181274
Model6Closed_Snow_aSrz_SIMHYD_Simple,5129115,48.26463,-92.56599,0.7297380566596985,0.8268112301073379,0.7326630826351288,60.11947621965488,-17.80891880667384,-8.87863826751709,0.4707435369491577,0.6774875305281534,0.2389616565859022,0.31889049840605177,0.07931335090175674,0.00438839486555304,0.23518875054830712,0.23975994627794225,0.0,0.00016890830011107028,8.45235219305738e-05,7.269809429999441e-05,7.783085311530158e-05,90.7820053100586,68.01091766357422,0.5499827265739441,197.18186950683594,132.4114532470703,66.57837677001953,0.9632567167282104
Model6Closed_Snow_aSrz_SIMHYD_Simple,5131500,48.39578,-93.54933,0.7672728300094604,0.7482313352963414,0.7776547153118595,-23.34752781685197,-44.44834189621716,-35.587093353271484,0.6525102257728577,0.6683213944683543,0.23475634727979008,0.32564294958162743,0.14972231944488726,0.0037387818417561236,0.17218183762990968,0.1781265253120554,0.0,0.0001655059604672715,8.178187596280162e-05,7.252227078424767e-05,7.824748900020495e-05,89.65299224853516,74.09455871582031,0.5465989112854004,169.97999572753906,119.08236694335938,65.30651092529297,0.9624159932136536
Model6Closed_Snow_aSrz_SIMHYD_Simple,5291000,45.29163,-96.48756,0.23615878820419312,0.16053962246919962,0.3017774600177883,37.36554476058293,-88.69047417017504,-234.5979766845703,0.1626678705215454,0.870140483874683,0.3181561011565798,0.12199423629648777,0.01155590002201059,0.0006746164062719946,0.10976307902569865,0.11516427322821143,0.0,0.00018700772488955408,0.00010741230235257383,7.238585385493934e-05,7.771298987790942e-05,177.9091339111328,61.032711029052734,0.8191404938697815,743.4099731445312,218.24868774414062,82.70194244384766,1.2892757654190063
Model6Closed_Snow_aSrz_SIMHYD_Simple,5362000,45.30803,-90.95652,0.7106986343860626,0.5866593019189033,0.7502671914732157,30.07660552946472,-31.68010250016575,-59.63984680175781,0.6534498333930969,0.5242789603501703,0.13862714314345928,0.4649830841593992,0.23949853594543913,0.00675307965658155,0.21873145119825538,0.22820925470312808,0.0,0.00016699709522072226,6.939475845488361e-05,7.245705637615174e-05,7.819695747457445e-05,68.52827453613281,138.7969970703125,0.4507705271244049,78.05028533935547,73.60739135742188,40.75608444213867,0.8826237320899963
Model6Closed_Snow_aSrz_SIMHYD_Simple,5393500,45.44913,-89.97931,0.7548258900642395,0.7215879068624325,0.7643333670221065,51.55530678591267,-29.848151467569938,-24.870203018188477,0.7008078694343567,0.5145416460293567,0.1335985386027124,0.47635668545251864,0.23507458570988446,0.00893488370860322,0.2323472189451772,0.24045712281195453,0.0,0.00016863040218595415,7.050844012130089e-05,7.229234324768186e-05,7.786272908560932e-05,68.30220031738281,114.95216369628906,0.4468587040901184,79.81377410888672,72.3739242553711,41.39263916015625,0.873556911945343
Model6Closed_Snow_aSrz_SIMHYD_Simple,5399500,44.82191,-90.07958,0.6521361172199249,0.5498346602775792,0.663401898944081,69.0364642214439,-41.545076226445836,-246.83827209472656,0.6130333244800568,0.599249796916172,0.20654157210553434,0.3905356773162646,0.16590837843755737,0.004867434575387771,0.21975966588343213,0.22779014255004829,0.0,0.0001731930096866563,7.628734337568257e-05,7.238498074002564e-05,7.747066410956904e-05,81.25802612304688,103.02250671386719,0.48615598678588867,95.66381072998047,86.21208190917969,47.001216888427734,0.9323247075080872
Model6Closed_Snow_aSrz_SIMHYD_Simple,5408000,43.57414,-90.64319,0.4099121689796448,0.6909920857114313,0.5431011856479928,-47.919485974531305,-10.534420105318944,-8.24448013305664,0.37243515253067017,0.6800915292821612,0.22553746665825614,0.30231527998053564,0.07717829617211999,0.003062594011256781,0.22207442389746962,0.2292651102305086,0.0,0.00017916032811626792,7.076520039448031e-05,7.22458862583153e-05,7.754217949695885e-05,227.84950256347656,112.61740112304688,0.6170809864997864,388.3791809082031,242.94778442382812,103.76056671142578,0.8946390748023987
Model6Closed_Snow_aSrz_SIMHYD_Simple,5412500,42.73999,-91.2618,0.679251492023468,0.6353586986288585,0.7241862355058308,-163.896449464996,-48.42683768478522,-24.767078399658203,0.6124339699745178,0.590313572755808,0.17305821356960643,0.4004829697555035,0.16539476757613614,0.005200297062322191,0.2298878789747735,0.23670681682186087,0.0,0.00017493603809271008,6.439670478766898e-05,7.226182788144797e-05,7.757207640679553e-05,88.85162353515625,111.25066375732422,0.5131916999816895,183.36085510253906,145.04530334472656,74.74019622802734,0.8454897999763489
Model6Closed_Snow_aSrz_SIMHYD_Simple,5413500,42.72027,-90.81929,0.43921875953674316,0.5718086465660236,0.6288518148836341,-135.06314312263845,-32.44549815242851,-29.42908477783203,0.38861459493637085,0.6140088371086019,0.20939133872085552,0.37037817050445354,0.0786219305272503,0.0022122301082621973,0.289544003428747,0.2972555186095189,0.0,0.00018123281188309193,6.70559004881428e-05,7.221633131848648e-05,7.732922676950693e-05,206.62928771972656,145.1658172607422,0.5336545705795288,368.15875244140625,246.6219482421875,122.50479125976562,0.861296534538269
Model6Closed_Snow_aSrz_SIMHYD_Simple,5414000,42.7311,-90.64041,0.334325909614563,0.5197980474960271,0.47449434989025363,-31.62079856563805,-43.544405369966334,-28.90947914123535,0.2661169171333313,0.6011183347736659,0.20593861866800425,0.38298527237297186,0.08198154950797049,0.00199660193573645,0.29900708933504255,0.3067490386783001,0.0,0.00018135485879611224,6.583670398695509e-05,7.26423822925426e-05,7.730306970188394e-05,224.05868530273438,155.25289916992188,0.5183583498001099,394.59381103515625,257.06005859375,129.46115112304688,0.8411859273910522
Model6Closed_Snow_aSrz_SIMHYD_Simple,5444000,41.90281,-89.69622,0.38331449031829834,0.6514661471955632,0.49005753419468867,-33.49087140060943,-35.55229918681664,-6.505673408508301,0.26849162578582764,0.646411840085949,0.20674570301822653,0.3428433464070782,0.07479495122061267,0.0063647271261437445,0.26168367782469815,0.26774691811284634,0.0,0.0001836818701121956,6.440091390305652e-05,7.220875704661012e-05,7.732509402558208e-05,175.15277099609375,103.4327163696289,0.5754323601722717,382.3141784667969,237.70420837402344,119.580078125,0.8490983843803406
Model6Closed_Snow_aSrz_SIMHYD_Simple,5454000,41.70002,-91.48767,0.588712215423584,0.6644737413801483,0.6127312132003323,79.91593334374852,-29.93947929116062,-114.02999877929688,0.5243092179298401,0.6303356771615299,0.21620174996510524,0.3550648308338737,0.09750873398768924,0.0026152454737586356,0.2549408257204413,0.261183718008213,0.0,0.0001829893735703081,6.609793376825793e-05,7.262919098138809e-05,7.728530908934772e-05,210.69732666015625,99.98727416992188,0.553385317325592,337.5068359375,224.72048950195312,109.53771209716797,0.8689493536949158
Model6Closed_Snow_aSrz_SIMHYD_Simple,5458000,43.03328,-92.50354,0.7008546590805054,0.6782821363805864,0.7096939525884585,-42.75585273954558,-33.6510467404071,-42.74528503417969,0.6570810377597809,0.660718032291986,0.19372031131242623,0.32930766187302934,0.10914026858552311,0.006186775985121687,0.21398062222962227,0.22140541322364435,0.0,0.00017979809490498155,7.068989462082772e-05,7.22654876881279e-05,7.753985119052231e-05,113.2496337890625,109.61505126953125,0.6014913320541382,258.025146484375,194.68807983398438,89.00025939941406,0.879679799079895
Model6Closed_Snow_aSrz_SIMHYD_Simple,5466500,41.18698,-90.96737,0.7438279688358307,0.8229385042600251,0.7470510995412678,-31.453890177122247,-36.560852631895905,-37.46849060058594,0.629180520772934,0.6603884499744526,0.23744632142059358,0.32786131701718485,0.11727246701294833,0.005080399720069017,0.2055084332337966,0.21282040254601756,0.0,0.00018615320732351393,6.704041284424097e-05,7.246210589073598e-05,7.756396371405572e-05,115.98224639892578,116.87913513183594,0.5795584917068481,246.41456604003906,178.28826904296875,87.81571960449219,0.8941592574119568
Model6Closed_Snow_aSrz_SIMHYD_Simple,5487980,41.24688,-93.26607,0.7242399454116821,0.6033224783667579,0.7360420713243507,-43.27639876001583,-36.630468641103924,-728.086669921875,0.6890005469322205,0.643817866377435,0.25693484050818594,0.3458894548520899,0.1851075515686055,0.0023576135079244774,0.15842423944594308,0.16585155146086877,0.0,0.0001831355330068618,6.652492559249218e-05,7.225623267004266e-05,7.75645166868344e-05,93.08179473876953,115.56031036376953,0.5509072542190552,138.59591674804688,109.62222290039062,54.131717681884766,0.9046710133552551
Model6Closed_Snow_aSrz_SIMHYD_Simple,5488200,41.30055,-93.04548,0.5806600153446198,0.6429551371087405,0.6120434601925979,74.17643244503707,-30.9490201713008,-1287.5152587890625,0.5306046009063721,0.621142270873645,0.24086861077779434,0.3683893826795531,0.1788261396283952,0.0016109954648139747,0.18795214027962878,0.19364068036576787,0.0,0.0001838019525166601,6.595611463204167e-05,7.239641854539514e-05,7.730723882559687e-05,128.70860290527344,91.87541198730469,0.5460770130157471,181.09727478027344,137.56298828125,65.45003509521484,0.9119201302528381
Model6Closed_Snow_aSrz_SIMHYD_Simple,5489000,41.219,-92.90853,0.6612116992473602,0.5871697072802751,0.6819338916160506,50.52176461040491,-47.78262553986777,-942.757568359375,0.6263799369335175,0.6192645715413019,0.23964672460929873,0.3712846680707381,0.1851307129901964,0.0021037918748297224,0.1840500932852043,0.19014014661533227,0.0,0.00018489347712602466,6.6078635532674e-05,7.226207526400685e-05,7.7336240792647e-05,92.53612518310547,97.47875213623047,0.534828245639801,127.11961364746094,104.42118835449219,51.124446868896484,0.9084197282791138
Model6Closed_Snow_aSrz_SIMHYD_Simple,5495000,40.39241,-91.59788,0.782784953713417,0.6959648475030362,0.7973110020021908,29.82706636695444,-28.560352413236128,-440.2976989746094,0.7470050752162933,0.642996492257154,0.24636545578306102,0.347823652740919,0.1880733921946656,0.0012912968329265135,0.15845890848752892,0.1644808764410451,0.0,0.00018719691433943808,6.584690670955113e-05,7.241036655614153e-05,7.736869156360626e-05,91.2293930053711,97.20836639404297,0.5456674695014954,129.5028076171875,114.45762634277344,56.0703125,0.9142795205116272
Model6Closed_Snow_aSrz_SIMHYD_Simple,5495500,40.14282,-91.33737,0.7334342002868652,0.5162821725896963,0.7555117335227503,40.58204042169064,-50.76763639227364,-2266.91015625,0.7111211121082306,0.6198968538693957,0.20367593671464218,0.37088253630388485,0.16139662941165805,0.003625144021976421,0.20586069179623787,0.21276296743956538,0.0,0.00018944921612273902,6.809677153946199e-05,7.248953625094146e-05,7.730258221272379e-05,94.15340423583984,114.29611206054688,0.5391351580619812,159.35549926757812,122.37078094482422,64.25679779052734,0.9206097722053528
Model6Closed_Snow_aSrz_SIMHYD_Simple,5501000,39.81799,-91.5177,0.7416686415672302,0.5686861557448392,0.7626136722697195,13.13490297581769,-26.558847165940534,-1824.38671875,0.7230704426765442,0.6171414384370986,0.23287192966273595,0.3759557637199746,0.19706606538337013,0.0007491260767331702,0.1781405213275687,0.18159989431134704,0.0,0.0001893126463983208,6.540195477104543e-05,7.257860852405429e-05,7.730021025054157e-05,110.98399353027344,61.427066802978516,0.527184009552002,160.47349548339844,131.6977081298828,68.12992095947266,0.9087156057357788
Model6Closed_Snow_aSrz_SIMHYD_Simple,5503800,39.58483,-91.99349,0.6416015923023224,0.36842969855293783,0.6688331189136711,59.04799717719519,-27.948690413482936,-51642.30078125,0.6177144050598145,0.5927040304512229,0.19568536038104428,0.3968009105208778,0.22108300276472714,0.004410716258044802,0.17130715388122267,0.17966278479026618,0.0,0.00018901386647485197,6.226928103304416e-05,7.237284444272518e-05,7.730387733317912e-05,70.7083511352539,151.1829071044922,0.524901807308197,104.85362243652344,92.2055892944336,45.63466262817383,0.8750871419906616
Model6Closed_Snow_aSrz_SIMHYD_Simple,5507600,39.43143,-91.67627,0.7091200649738312,0.551590786752467,0.7254315310430048,60.48867743194512,-42.46660799854359,-35721.359375,0.6909762322902679,0.6339540004777258,0.1992924430205101,0.35395567608293416,0.1843509465981055,0.0036242724189440834,0.1659804607795486,0.17330649493099715,0.0,0.0001888425467768684,6.295405432353308e-05,7.238036778289825e-05,7.730974175501615e-05,110.16564178466797,135.1109619140625,0.5658875703811646,156.3564453125,129.01426696777344,59.754390716552734,1.2224856615066528
Model6Closed_Snow_aSrz_SIMHYD_Simple,5508805,39.52046,-91.34275,0.7586974799633026,0.42203803809533313,0.7834600605961113,79.35977801431488,-24.49279035115273,-2393.459228515625,0.7532059103250504,0.6049833861533769,0.21050475855717002,0.3859602910601137,0.1775460355838454,0.0017301904631748847,0.20668404001851087,0.2111970732621702,0.0,0.0001893509179353714,6.473888472919789e-05,7.253330113599077e-05,7.729204662609845e-05,119.62657165527344,87.56230163574219,0.5265119075775146,171.37498474121094,138.128662109375,71.48841094970703,0.9382017850875854
Model6Closed_Snow_aSrz_SIMHYD_Simple,5514500,39.0088,-90.97754,0.7217524945735931,0.41009011143057184,0.7524228090385289,32.922480391837716,-32.04344768108432,-1324.3370361328125,0.707389622926712,0.602187795948475,0.21398856815364714,0.3873913159087418,0.16934469989147913,0.00207581419995653,0.2159707774733369,0.2220829110373394,0.0,0.00018973943952005357,6.318309855888822e-05,7.248377369251102e-05,7.730349170742556e-05,102.28013610839844,115.59293365478516,0.5207217931747437,157.4954833984375,128.71685791015625,67.25137329101562,0.8864594101905823
Model6Closed_Snow_aSrz_SIMHYD_Simple,5525500,40.63004,-87.72392,0.7594908028841019,0.7650731467473825,0.7638378822392083,-202.69512197417637,-32.119999276863105,-129.34898376464844,0.6870734691619873,0.6290151908964362,0.22215433014354963,0.3655970573379878,0.13008466690256426,0.0067601925272418595,0.22875215591939002,0.23348606993909368,0.0,0.00018539743905421346,6.500546961135611e-05,7.248816109495237e-05,7.741256558801979e-05,25.26102066040039,78.00486755371094,0.52826988697052,148.88331604003906,123.01372528076172,61.526065826416016,0.8664302825927734
Model6Closed_Snow_aSrz_SIMHYD_Simple,5556500,41.36587,-89.49843,0.7208914458751678,0.6723161695704014,0.7336270419478021,54.96091671650424,-40.638705105578815,-191.81576538085938,0.6895288825035095,0.6353995308139031,0.2045184997504683,0.35673190728931836,0.10241409605959907,0.008248482018178084,0.24606934819660592,0.25298443617987054,0.0,0.00018379234825260937,6.594276424368266e-05,7.22049517207779e-05,7.740907312836498e-05,55.861900329589844,111.62500762939453,0.5468839406967163,217.7366485595703,166.58547973632812,83.14193725585938,0.8593361973762512
Model6Closed_Snow_aSrz_SIMHYD_Simple,5584500,40.33032,-90.89624,0.7230383157730103,0.7058442437883501,0.7313852435316515,14.468574474625461,-38.1372396324319,-196.6737823486328,0.6575830280780792,0.660225900822,0.22659003598723543,0.32848549756016227,0.1182658878597011,0.004369684823018093,0.20584990021643604,0.21316289497147783,0.0,0.00018879749404732138,6.687260542608128e-05,7.248449401231483e-05,7.735732651781291e-05,121.26862335205078,120.58322143554688,0.5784057974815369,224.29037475585938,160.87179565429688,77.77617645263672,0.9042244553565979
Model6Closed_Snow_aSrz_SIMHYD_Simple,5585000,40.02477,-90.63179,0.7325462102890015,0.6814113125822051,0.7542312967123324,18.193006434241532,-42.74997074154431,-167.18284606933594,0.6247551739215851,0.6966256259807662,0.24283935169426743,0.29211008199066263,0.11478052283777056,0.0023239722154048737,0.1750055461104033,0.18162330971092863,0.0,0.00018981190805789083,6.786864776579538e-05,7.24547280697152e-05,7.74460204411298e-05,135.47012329101562,106.9894790649414,0.6215118765830994,274.5038757324219,180.302001953125,82.41913604736328,0.9081811308860779
Model6Closed_Snow_aSrz_SIMHYD_Simple,5591550,39.5067,-88.52756,0.7091959714889526,0.6631319773954905,0.7327904204777578,59.08492514258386,-47.48554114254734,-2023.3453369140625,0.6568712890148163,0.6510179880201059,0.22280741274886154,0.3403446113200001,0.10744959900379636,0.003857130994870521,0.22903785149657782,0.23564098796253935,0.0,0.00019009293464478105,6.462693112924288e-05,7.249129703268409e-05,7.730785000603646e-05,73.51795196533203,119.7652359008789,0.5746598839759827,257.1492919921875,186.6423797607422,89.0219497680664,0.8910328149795532
Model6Closed_Snow_aSrz_SIMHYD_Simple,5592050,39.40587,-88.89646,0.7483316957950592,0.6528930057050186,0.757357627738045,70.06646974950662,-37.35752648504248,-2296.339599609375,0.7342813014984131,0.6335434941773092,0.22285663064005887,0.35651544387608186,0.1485997120648372,0.003515238636802778,0.20440045117583355,0.21067190032108093,0.0,0.00018952762184198946,6.532969019357475e-05,7.24574492778629e-05,7.730476500000805e-05,76.3554916381836,112.34437561035156,0.5540992021560669,191.54806518554688,145.49783325195312,68.8466796875,0.9145570397377014
Model6Closed_Snow_aSrz_SIMHYD_Simple,5592575,38.93699,-88.95284,0.6836697161197662,0.4697111165429322,0.7082670153899998,16.40281652165797,-10.95391902677965,-8006.654296875,0.6633493900299072,0.5875091541677933,0.21498848855339175,0.40763664537357797,0.24579076826067411,0.0015511741722439771,0.16029466630053904,0.16426482857934116,0.0,0.00018877812544815242,6.209116460803659e-05,7.234463555505499e-05,7.730601646471769e-05,25.923368453979492,72.7706298828125,0.49821633100509644,132.2751922607422,112.9084243774414,58.71638870239258,0.8960670828819275
Model6Closed_Snow_aSrz_SIMHYD_Simple,5593575,38.44172,-89.41675,0.7890598475933075,0.5771961039511115,0.8004440369410744,65.69643203315795,-28.34775773233695,-2838.0517578125,0.767978698015213,0.5916101722097934,0.17519929565663922,0.402418167598107,0.2298904964307694,0.004855233922274619,0.16767239040574985,0.17319201000757523,0.0,0.0001900483330246061,6.392721670515484e-05,7.237985118990764e-05,7.731251389486715e-05,13.670979499816895,97.31117248535156,0.5203264355659485,103.25273895263672,92.63409423828125,46.73366928100586,0.902521550655365
Model6Closed_Snow_aSrz_SIMHYD_Simple,5593900,39.14894,-89.35231,0.6931136548519135,0.5800342996783558,0.7059990013510347,56.90636610286178,-43.37367734691251,-2681.4248046875,0.6709728240966797,0.5973988000646883,0.18015301803868675,0.39288528091842356,0.19606050163512606,0.004530517316491655,0.19229424822857552,0.1981990116175175,0.0,0.00018897590052802116,6.42910391087282e-05,7.248493784572929e-05,7.730290963081643e-05,84.04641723632812,100.97811889648438,0.5249232053756714,187.58932495117188,150.1244354248047,73.57920837402344,0.9161375164985657
Model6Closed_Snow_aSrz_SIMHYD_Simple,5595730,38.25394,-89.03979,0.753817692399025,0.38355691183135054,0.7723368924051677,42.36486432424782,-37.60735543564004,-83245.859375,0.7499634325504303,0.5536101357923522,0.171050956706856,0.44105061038555654,0.23546376550332526,0.003422180514587581,0.20216465720039825,0.20713901222284836,0.0,0.0001897761394502595,6.104992469518565e-05,7.24570854799822e-05,7.729429489700124e-05,14.00087833404541,97.2629165649414,0.4890303313732147,106.97007751464844,96.4197006225586,51.61445999145508,0.8614158630371094
Model6Closed_Snow_aSrz_SIMHYD_Simple,6037500,44.65687,-111.06827,0.5780400633811951,0.7064592206893937,0.8740056786177546,-73.74704678377468,-31.825399737183076,-97.34764099121094,0.7610197961330414,0.6497912085029732,0.16578377004350445,0.35694221417885935,0.04665919115409733,0.0062824591569443766,0.30400055341876897,0.30299133321538757,0.0,0.00015896551485639066,6.627021579475129e-05,7.227371679618955e-05,7.744474714854732e-05,114.90483856201172,114.2767333984375,0.6819597482681274,780.86767578125,431.0762634277344,157.99032592773438,1.0822819471359253
Model6Closed_Snow_aSrz_SIMHYD_Simple,6043500,45.49743,-111.27051,0.9058329239487648,0.8060557452557168,0.9280190546127347,-17.425268950337774,-27.00123435128195,-24.640518188476562,0.8663707375526428,0.4967549385112863,0.09286749124961019,0.5015816349139853,0.15537065213075926,0.010854324295450917,0.3353566816538422,0.3376607683869383,0.0,0.00014683284098282456,6.785537106899127e-05,7.241386629175395e-05,7.748914504190907e-05,32.246742248535156,130.6853790283203,0.5925964117050171,184.97508239746094,130.26458740234375,58.591712951660156,1.2236248254776
Model6Closed_Snow_aSrz_SIMHYD_Simple,6154410,47.9661,-108.66071,0.603407233953476,0.5088173074967575,0.6761409221871368,-39.1972072635349,-51.4858893399199,-48.13500213623047,0.5591259002685547,0.8134624568140804,0.2501264154511197,0.17088165300621896,0.03842687902937689,0.003801002241860389,0.12865375465493745,0.13605380101679931,0.0,0.0001873481087386608,0.00014141522808583867,7.270835340023041e-05,7.754942635074258e-05,80.34019470214844,60.66969299316406,0.8261923789978027,302.42138671875,173.37039184570312,42.863426208496094,1.6006433963775635
Model6Closed_Snow_aSrz_SIMHYD_Simple,6188000,44.92772,-110.39381,0.9070148766040802,0.800170297777425,0.9316069111292271,-8.900144437149274,-30.138212568622105,-64.80091857910156,0.8531480878591537,0.36454333772326564,0.0707693639505553,0.633670961753796,0.26517784495061053,0.015436860394647207,0.3530562564085383,0.3552980160054007,0.0,0.0001428283576387912,6.302076501098112e-05,7.255752279888839e-05,7.767853094264865e-05,16.181915283203125,64.2132797241211,0.5145092606544495,117.57441711425781,91.83617401123047,40.254817962646484,1.123817801475525
Model6Closed_Snow_aSrz_SIMHYD_Simple,6191500,45.11188,-110.79438,0.9371640682220459,0.8783491883901552,0.9453070244863272,-16.618154520986227,-14.40143381174768,-7.1387786865234375,0.883801557123661,0.4780325272492287,0.13659569417486447,0.5226355220640166,0.18723162581160296,0.008958206496320864,0.3264457141280916,0.3266295251772291,0.0,0.00015050862566567957,6.932344969671024e-05,7.232207281049341e-05,7.753337558824569e-05,10.315595626831055,76.9779281616211,0.6175824999809265,131.66029357910156,111.21240997314453,45.341590881347656,1.540149211883545
Model6Closed_Snow_aSrz_SIMHYD_Simple,6221400,43.34551,-109.41014,0.5246717631816864,0.46587935582154427,0.6011628830387261,36.305466635097304,-34.48000958980216,-55.876773834228516,-1.0962615013122559,0.3487021331732435,0.0752227651030165,0.6563506722650879,0.3009769197939375,0.006217756153304893,0.34915598663320835,0.3499937132869238,0.0,0.00014659525186289102,9.710133614005189e-05,7.262501458171755e-05,7.780659507261589e-05,0.2605110704898834,39.43266677856445,0.5687925219535828,23.822799682617188,22.35732650756836,7.827796936035156,1.9377528429031372
Model6Closed_Snow_aSrz_SIMHYD_Simple,6224000,43.1769,-109.20291,0.6552610695362091,0.49485385824101646,0.7502732822368291,-54.8728308496834,-55.87418267860202,-23.001358032226562,0.16902047395706177,0.39679962549416864,0.07992189889546832,0.6050533955904015,0.298584776920433,0.005789732766446165,0.3006788379013763,0.302103848810536,0.0,0.00015109499508980662,0.00010417223231549481,7.267355977091938e-05,7.793611439410597e-05,1.533015489578247,26.499677658081055,0.6016045808792114,46.510101318359375,35.42107009887695,14.594132423400879,1.7478702068328857
Model6Closed_Snow_aSrz_SIMHYD_Simple,6278300,44.50802,-107.40369,0.6745299994945526,0.6378548243132822,0.6988005894521209,-110.35808605703497,-55.33177499142188,-84.22111511230469,0.5705432891845703,0.3249974018049113,0.06341983853051807,0.6760461668279614,0.37171316402953836,0.011058254990203137,0.2932746554411926,0.29568408808119717,0.0,0.00014096670201979578,7.540897759272756e-05,7.259445555973798e-05,7.821415783837438e-05,6.932849407196045,30.789249420166016,0.49495816230773926,72.06480407714844,49.95957565307617,23.192337036132812,1.3194775581359863
Model6Closed_Snow_aSrz_SIMHYD_Simple,6280300,44.20828,-109.55489,0.8366586863994598,0.8930198502733839,0.83893288091782,16.077384345593785,-20.28954649338357,-15.843534469604492,0.6923416554927826,0.3615005939008145,0.0719604239739315,0.6411125471355221,0.272849826519633,0.012315209249700795,0.35594748600026516,0.35770159031937165,0.0,0.00014108936011325568,7.139267701158535e-05,7.245264714583755e-05,7.771908713039011e-05,8.185847282409668,78.91510772705078,0.5235055088996887,73.46788787841797,58.49110412597656,27.3493709564209,1.3031617403030396
Model6Closed_Snow_aSrz_SIMHYD_Simple,6289000,45.00691,-107.61509,0.7702986747026443,0.8494452198647681,0.774089440271841,38.54111174232795,-48.068709806134876,-8.519140243530273,0.6648906171321869,0.5504799432973377,0.08423967900548343,0.44807696462819807,0.14719398822140306,0.022848357660599995,0.27803464522494864,0.28228882770296176,0.0,0.00015053994138725102,8.945621958021484e-05,7.244158769026399e-05,7.772869867039844e-05,36.031105041503906,80.47799682617188,0.6255104541778564,300.4009094238281,152.64016723632812,66.92547607421875,1.4459497928619385
Model6Closed_Snow_aSrz_SIMHYD_Simple,6291500,45.12644,-107.60054,0.5109519064426422,0.7404616660222675,0.5564317838225968,42.899278701303984,0.3938404744714652,-20.927135467529297,0.2584410309791565,0.6699877251496683,0.15557491645544108,0.3262422825720931,0.11750388514844803,0.009907378622912483,0.19883102331481975,0.2047244999864794,0.0,0.00015786279982421547,0.00010235073421826729,7.245704182423651e-05,7.811792602296919e-05,18.895639419555664,58.226951599121094,0.7224134206771851,260.2669982910156,150.43421936035156,54.3758430480957,1.9870622158050537
Model6Closed_Snow_aSrz_SIMHYD_Simple,6311000,44.02774,-107.08089,0.5978304147720337,0.6145809592606676,0.6061772091108825,4.233227087799928,-67.30396848886342,-35.94378662109375,0.3956761360168457,0.6334884291273002,0.16730727233159642,0.37045926274321456,0.20797530606319306,0.006384076203034471,0.15609986851447774,0.1588140821255931,0.0,0.0001563898113090545,0.00011195943764357404,7.262679719133303e-05,7.823378109605983e-05,16.16925621032715,25.770160675048828,0.7083510756492615,192.41163635253906,125.14217376708984,44.589813232421875,1.6762200593948364
Model6Closed_Snow_aSrz_SIMHYD_Simple,6332515,47.78724,-102.76853,-0.0400468111038208,-0.37156584690038597,0.013033707189060072,64.5211710673203,-98.79117741999836,-12955.3984375,-0.046550750732421875,0.9268097635448284,0.4164195852492685,0.06237253957579833,0.0034079723537376637,0.00022014376826007343,0.05874365242362007,0.06112103106086767,0.0,0.0001847573003033176,0.0001507177373184784,7.255718082888052e-05,7.756463310215622e-05,164.8153076171875,16.452028274536133,0.8993618488311768,1112.1025390625,162.03933715820312,65.0345458984375,2.0428178310394287
Model6Closed_Snow_aSrz_SIMHYD_Simple,6339100,47.23613,-102.76991,0.03355205059051514,-0.16361462654046788,0.03372760476839729,51.52177984391471,-97.98873198515285,-1927.254150390625,0.004584610462188721,0.9368674209266822,0.4261705270957006,0.05492950192100286,0.002389573202850284,0.00012013266360033805,0.05241883352105186,0.054518128530925754,0.0,0.0001877741888165474,0.0001573708174354537,7.25739955669269e-05,7.767442730255425e-05,155.8385009765625,14.195165634155273,0.9079513549804688,1186.9169921875,165.5536346435547,67.551513671875,1.8333618640899658
Model6Closed_Snow_aSrz_SIMHYD_Simple,6339500,47.15445,-102.05989,-0.0021871328353881836,-0.11013293983067163,0.02262544262905809,-39.35343363696756,-98.94944035597393,-645.2781982421875,-0.048238277435302734,0.9440597621188249,0.4498055958120251,0.0491515576495261,0.002340296586236587,4.760981238980465e-05,0.04676140295941805,0.04832894010433412,0.0,0.0001906635006889701,0.00016280060691621577,7.257505785673857e-05,7.761143933748826e-05,144.69879150390625,10.23655891418457,0.9140158295631409,1198.552978515625,165.3066864013672,62.943973541259766,1.900624394416809
Model6Closed_Snow_aSrz_SIMHYD_Simple,6344600,47.02779,-103.05324,0.04034823179244995,-0.11899630699621033,0.04061304939270258,51.92948671601607,-98.56521679481918,-4251.1962890625,0.009462475776672363,0.9342925146618878,0.4230555440253672,0.055494790209727106,0.0022817045251941133,8.228756444184665e-05,0.05312927494265486,0.05497210609317314,0.0,0.00018994412675965577,0.00016027174139323765,7.256295066326857e-05,7.74062136770226e-05,171.71319580078125,12.235499382019043,0.9088244438171387,1259.0821533203125,171.46522521972656,65.67899322509766,1.8733030557632446
Model6Closed_Snow_aSrz_SIMHYD_Simple,6350000,46.42667,-102.55183,0.014923095703125,-0.20503307886046684,0.01655173896158469,29.702477513993326,-99.04587912762524,-503.8802185058594,-0.009564995765686035,0.9480041201147382,0.4420446228835382,0.04608486954032977,0.0009349342553249374,3.862140679975016e-05,0.04511005441931734,0.046187359188222595,0.0,0.0001912372827064246,0.00017107660880694457,7.257249671965837e-05,7.752235978841782e-05,130.3582763671875,6.936264991760254,0.9197332859039307,1298.201171875,160.46730041503906,64.31478118896484,2.0174014568328857
Model6Closed_Snow_aSrz_SIMHYD_Simple,6352000,46.15417,-102.47405,0.01954054832458496,-0.21342309963509742,0.020079977133481728,59.426381579844964,-99.15542251875637,-2338.63623046875,-0.007234811782836914,0.9464387558666872,0.4363570051172734,0.04655392921699844,0.0006358646647263368,3.137115764962998e-05,0.04588552032853056,0.04698875767420447,0.0,0.00019096166943199933,0.00016803082305982632,7.257530523929745e-05,7.75631342548877e-05,149.1171875,7.462475299835205,0.9189280271530151,1336.3787841796875,159.56723022460938,71.04104614257812,2.130794048309326
Model6Closed_Snow_aSrz_SIMHYD_Simple,6353000,46.09167,-101.33374,0.021528899669647217,-0.13272771038400966,0.02682831497456418,66.66253555030957,-98.08199989884008,-24026.771484375,-0.016293764114379883,0.9446579975382018,0.4557164273553663,0.04478345557788705,0.0011214159996183065,1.2229197454121875e-05,0.04364754584019808,0.04496149930575117,0.0,0.0001928615674842149,0.00016334231407606108,7.259993435582146e-05,7.76196175138466e-05,177.38934326171875,8.743410110473633,0.9187981486320496,1404.3671875,160.27157592773438,77.16268157958984,2.6806068420410156
Model6Closed_Snow_aSrz_SIMHYD_Simple,6354000,46.37611,-100.93444,0.0163918137550354,-0.1525358113060611,0.02273410867985068,55.186446968677146,-98.86739022999625,-1133.1884765625,-0.033136963844299316,0.9476864854944989,0.4715760501982195,0.043696418371347696,0.0012053331116773315,1.4371406250254123e-05,0.04247516232352779,0.04323912757831595,0.0,0.00019279173284303397,0.00016364653863180063,7.258772529894486e-05,7.752447709208354e-05,175.72824096679688,5.0023088455200195,0.9195066094398499,1437.6689453125,167.239013671875,76.383056640625,2.320103883743286
Model6Closed_Snow_aSrz_SIMHYD_Simple,6360500,45.25582,-100.84292,0.12091261148452759,0.017112907450550163,0.13024003232340692,23.96775368687876,-92.45190349802313,-4576.96826171875,0.028223752975463867,0.946686843635155,0.46235650756830393,0.04776243847859926,0.0018551672785592564,2.1080547378760826e-05,0.04588550205315725,0.046312172446520444,0.0,0.00019341960432939231,0.00015600371408996415,7.257435208884999e-05,7.74861327954568e-05,141.2252655029297,2.9464313983917236,0.9173040986061096,1446.1739501953125,213.14125061035156,84.60958099365234,1.919934868812561
Model6Closed_Snow_aSrz_SIMHYD_Simple,6404000,43.87249,-103.33658,0.6194454431533813,0.3985247758857009,0.6744948623111982,90.59831315329056,-42.6735674294599,-283.4731140136719,0.601977527141571,0.8538659260643808,0.2909940629528186,0.1449250492897553,0.02278343741236587,0.0016943641179950274,0.12044723121695719,0.12359866612228361,0.0,0.00018700349028222263,0.00012172998867804778,7.249287591548637e-05,7.742449815850705e-05,78.4376220703125,33.996482849121094,0.8311975598335266,628.375,175.18890380859375,65.80349731445312,1.5631996393203735
Model6Closed_Snow_aSrz_SIMHYD_Simple,6406000,43.82805,-103.19602,0.4674109220504761,0.5474233153487496,0.4726312441344929,52.378672979101054,-64.5159543330033,-161.6215362548828,0.4129491448402405,0.9045717034353781,0.36099887983697854,0.09418134845829212,0.0055349880915025,0.00044944741262389383,0.0881968653849719,0.09050677391930023,0.0,0.00019258438260294497,0.00013443622212353383,7.239662954816595e-05,7.739537250017747e-05,70.37822723388672,22.518566131591797,0.8745241165161133,716.6466674804688,178.8336181640625,64.76016235351562,1.6603947877883911
Model6Closed_Snow_aSrz_SIMHYD_Simple,6408700,44.13665,-103.85854,-1.5819511413574219,0.19545677279723583,0.08747026324944773,-271.59875723764947,-47.14050031547345,-33.212886810302734,-28.346471786499023,0.7475260373984666,0.20339108708283182,0.24861481481055495,0.04292383280991122,0.00920221023036707,0.19648873957157406,0.20120011363655968,0.0,0.00017179128190036863,9.23809149574487e-05,7.28593731764704e-05,7.746674964437261e-05,139.3019561767578,99.30506134033203,0.7412389516830444,865.6231689453125,217.20567321777344,100.56956481933594,1.2802454233169556
Model6Closed_Snow_aSrz_SIMHYD_Simple,6409000,44.01359,-103.83048,-3.686248302459717,-0.3790045869799237,0.3409259586350939,18.336053920278026,-20.02602195933217,-228.9172821044922,-5.604361534118652,0.7745915185183683,0.23438163218101618,0.22111300932106756,0.030963808074065357,0.006315004567708608,0.18383419192390568,0.18942198830504278,0.0,0.00017254159320145845,9.820638893975393e-05,7.27839142200537e-05,7.750137592665851e-05,120.96288299560547,88.6875228881836,0.7636383771896362,802.772705078125,192.27313232421875,85.41436004638672,1.501588225364685
Model6Closed_Snow_aSrz_SIMHYD_Simple,6431500,44.48248,-103.86159,-1.0366339683532715,-0.028446322726608964,0.6146575019849475,35.9559599333675,85.34040513813981,-11.93319320678711,-2.904263496398926,0.7418561350597249,0.20747153200053078,0.2545803800091342,0.04082400687303476,0.013165353388137367,0.20059101419673994,0.20616293130109456,0.0,0.00016704689187463373,8.324310235181856e-05,7.237870886456221e-05,7.75652370066382e-05,93.86686706542969,105.39275360107422,0.7445495128631592,627.1470336914062,217.43946838378906,89.99762725830078,1.4789272546768188
Model6Closed_Snow_aSrz_SIMHYD_Simple,6440200,43.96888,-101.76709,0.23271232843399048,0.16373667039678397,0.2694089164099554,,-94.50666273614813,,0.19521433115005493,0.9376541900506089,0.40651256794184376,0.059590428573244994,0.007512568690277897,4.107647541695267e-05,0.052035544971407124,0.05364213457592913,0.0,0.0001946539559867233,0.00014694271536882465,7.256980461534113e-05,7.742135494481772e-05,61.399070739746094,11.845246315002441,0.9092493653297424,981.7167358398438,194.0924530029297,69.91853332519531,1.7963721752166748
Model6Closed_Snow_aSrz_SIMHYD_Simple,6441500,44.32665,-100.3843,0.19208216667175293,0.1625342924549571,0.19644390962510336,-330.65827591177685,-87.64874112825416,-5835245.5,0.10499048233032227,0.9407602076548044,0.43196914075788934,0.05609124544629663,0.008377726240949877,0.00010664739435435131,0.04760585355419345,0.04864309394525258,0.0,0.00019262181012891233,0.00014566241826272612,7.258562254719436e-05,7.790056406520307e-05,78.075439453125,7.586284637451172,0.9098475575447083,1038.289794921875,202.87261962890625,78.08770751953125,1.7831850051879883
Model6Closed_Snow_aSrz_SIMHYD_Simple,6447000,43.7525,-101.52487,0.2521105408668518,0.36926532030410786,0.2791529100857827,80.14394850971091,-82.43669803290088,-116.66539001464844,0.11120492219924927,0.955347916529588,0.4752127776045942,0.047079977601789696,0.003202271516547062,3.012825049642855e-05,0.043847324754094294,0.04409592877606428,0.0,0.00019371316011529416,0.00014653851169432443,7.257864490384236e-05,7.760811422485858e-05,84.89197540283203,2.443330764770508,0.919293224811554,1386.5087890625,207.96566772460938,80.74027252197266,2.07549786567688
Model6Closed_Snow_aSrz_SIMHYD_Simple,6447500,43.16667,-101.63015,-0.24829912185668945,0.3323967546231179,0.23399863509324295,-38.83030378397076,-66.29559749939651,-41.823875427246094,-0.39161014556884766,0.9272424553238037,0.3907174530772115,0.07150927610152737,0.0043606547344218205,0.0001355495174087651,0.06701254373107828,0.0693289816585118,0.0,0.00019145029364153743,0.0001331384555860352,7.258793630171567e-05,7.787799404468387e-05,39.44182586669922,19.870866775512695,0.8909716606140137,650.8173828125,164.6161651611328,61.44057846069336,1.680942177772522
Model6Closed_Snow_aSrz_SIMHYD_Simple,6450500,43.60139,-100.74986,-0.14071440696716309,0.3957467908435931,0.15906406547545549,-26.835209364189577,-81.50010000735672,-23.922569274902344,-0.29426658153533936,0.9284014282827053,0.402077984021235,0.07134895492408463,0.005270562356611626,0.00025421713092579787,0.06582395750905869,0.06753547842614471,0.0,0.0001928879792103544,0.00013187751806481012,7.258140249177814e-05,7.784346234984696e-05,44.50321960449219,14.568925857543945,0.890351414680481,690.8803100585938,166.26307678222656,64.02759552001953,1.6088125705718994
Model6Closed_Snow_aSrz_SIMHYD_Simple,6452000,43.74833,-99.55649,0.19938236474990845,0.20425295054206705,0.1997639214611765,78.58729395180306,-90.63260096307889,-62.47856521606445,0.03099006414413452,0.9527766981890828,0.47632448579907566,0.04926690312395164,0.0023741480353924975,1.1930015463919403e-05,0.04688074878297611,0.04684953736772106,0.0,0.00019555048493202776,0.0001412634533994941,7.257190009113401e-05,7.741583249298856e-05,98.76181030273438,1.5121418237686157,0.9138548374176025,1422.3624267578125,216.1143341064453,85.4277572631836,1.7431482076644897
Model6Closed_Snow_aSrz_SIMHYD_Simple,6453600,42.81099,-98.17586,0.34114521741867065,0.3585868249013041,0.34886667129030796,90.2312381105562,-76.7844869686969,-181.61785888671875,0.2639921307563782,0.9035044995952307,0.34392212512537923,0.09381414316055736,0.00830219320382509,0.00019886707962301316,0.08531257416290494,0.08900947869111103,0.0,0.00019167976279277354,0.00011115841931422854,7.257932156790048e-05,7.766221824567765e-05,145.51638793945312,41.04013442993164,0.8629456162452698,873.5294799804688,228.55307006835938,91.43959045410156,1.3890049457550049
Model6Closed_Snow_aSrz_SIMHYD_Simple,6464500,43.02889,-99.78067,-0.12911450862884521,0.41529700191322627,0.29488246433813414,9.785343322055517,-93.55265733720805,-54.96885299682617,-0.49150216579437256,0.9219757392400103,0.36896005647781605,0.07955218034363994,0.004077472157345552,0.00029357755823114024,0.07518055727734582,0.07732256835236512,0.0,0.00019450213585514575,0.00012666805701835182,7.257932156790048e-05,7.780492887832224e-05,62.877986907958984,20.815576553344727,0.8826879262924194,795.3876342773438,192.33786010742188,72.9293441772461,1.5530391931533813
Model6Closed_Snow_aSrz_SIMHYD_Simple,6468170,47.55805,-98.86289,0.07851535081863403,0.04313582092869295,0.08535862498302954,67.98749278706815,-92.98770253006305,-9134.814453125,-0.03184378147125244,0.909393539679458,0.36940765303853335,0.07690597259140128,0.0016973553986145099,0.00016146964105434543,0.07504503884602551,0.07735321520668834,0.0,0.00019153275934513658,0.00014309017316594907,7.260702113853768e-05,7.786531205056235e-05,194.0531005859375,19.251436233520508,0.8808914422988892,1169.36328125,221.55592346191406,89.45710754394531,1.5794907808303833
Model6Closed_Snow_aSrz_SIMHYD_Simple,6468250,47.39972,-98.79761,0.05583012104034424,0.03575595091603023,0.06963915654134768,81.60999352847372,-93.80796056437174,-2617.726318359375,-0.07217133045196533,0.9160045056098547,0.39349834942023015,0.07173174622807302,0.0008589479562004388,5.9761280151976696e-05,0.07081093040314361,0.07255582901700054,0.0,0.0001895739696919918,0.00014069831713041202,7.258607365656644e-05,7.779078441672027e-05,212.72500610351562,16.517534255981445,0.8832953572273254,1334.2894287109375,210.125244140625,95.25418853759766,2.159748077392578
Model6Closed_Snow_aSrz_SIMHYD_Simple,6470800,46.22524,-98.07177,-0.08300018310546875,-0.5587658576872165,0.1413344771884545,78.531582500731,-85.69155341808877,-56304.16015625,-0.032883524894714355,0.8816760692455704,0.32173237986367265,0.10294662213001331,0.005320352473503888,0.00044307931579599594,0.09718206294122705,0.10189390920831695,0.0,0.00018928744248114526,0.00011721681971617073,7.269329216796905e-05,7.800981984473765e-05,207.43850708007812,46.557525634765625,0.8459733128547668,925.9937744140625,227.3518829345703,91.1011962890625,1.3515616655349731
Model6Closed_Snow_aSrz_SIMHYD_Simple,6477500,43.7764,-98.24567,0.3282298445701599,-0.31643999567847203,0.43012910978910823,85.28351235305772,-61.52917068569369,-244124.109375,0.36037737131118774,0.8891978174597865,0.3270135460844144,0.10456739453343952,0.015432719260606556,0.0002867310489959081,0.08884722630196856,0.09343968125625128,0.0,0.00019235564104747027,0.00011107539851089845,7.270449714269489e-05,7.752725650789216e-05,121.984375,48.1103401184082,0.8483378291130066,641.1536865234375,206.05450439453125,77.16014862060547,1.3900588750839233
Model6Closed_Snow_aSrz_SIMHYD_Simple,6479215,45.1808,-97.18619,0.20345258712768555,0.13521339250304387,0.22315495354410186,90.65253940296614,-90.97054229460656,-8979.4384765625,0.11364376544952393,0.8520803387758966,0.29445413994223846,0.1379279665973664,0.011882800133390662,0.0009175672249005878,0.12512711382826308,0.1319336149162802,0.0,0.00018322282994631678,0.0001005438664616112,7.268153422046453e-05,7.778096187394112e-05,196.20849609375,80.05845642089844,0.8012792468070984,759.7606811523438,225.89398193359375,91.46007537841797,1.2060749530792236
Model6Closed_Snow_aSrz_SIMHYD_Simple,6479438,45.00608,-97.16508,0.15074491500854492,0.008149735978416173,0.16862655822908762,74.55330996737646,-92.63809066954329,-2529.85205078125,0.10705775022506714,0.8712497965914473,0.3169479804429356,0.1207762856781626,0.00921396082502509,0.0004382842780494849,0.11112341560616959,0.11619979488755414,0.0,0.00018398546671960503,0.0001040735706664375,7.246841414598748e-05,7.776793790981174e-05,203.28482055664062,58.77456283569336,0.82044517993927,857.3251342773438,229.8351593017578,97.24052429199219,1.2700084447860718
Model6Closed_Snow_aSrz_SIMHYD_Simple,6601000,42.32158,-96.48768,0.2150847315788269,0.23913349144774831,0.21555595108906186,-49.380002620766554,-86.96089256885422,-9.486261367797852,0.14912670850753784,0.830621032025989,0.24010062780407987,0.1631628261387136,0.019526286875449772,0.0015178129039428272,0.1421187150137209,0.14755945710084029,0.0,0.00019168977451045066,9.05416810862119e-05,7.233939686557278e-05,7.748779898975044e-05,156.41476440429688,73.60648345947266,0.7845889329910278,695.1132202148438,206.86941528320312,92.57095336914062,1.1354936361312866
Model6Closed_Snow_aSrz_SIMHYD_Simple,6614800,40.49609,-105.86501,0.800377607345581,0.7053860950528912,0.8188590951527369,-16.4396843257749,-54.625972263307176,-62.52415466308594,0.7026067674160004,0.22845111742337534,0.04500838090172469,0.7900599263984632,0.4089291064466644,0.01081087371173733,0.37031987207140776,0.370602899653965,0.0,0.00013219885295256972,4.632503357732062e-05,7.267540786415339e-05,7.805061613908038e-05,6.021792888641357,102.60047912597656,0.4692339599132538,47.724647521972656,34.23789978027344,15.917007446289062,1.2940359115600586
Model6Closed_Snow_aSrz_SIMHYD_Simple,6622700,41.37024,-106.52058,0.8837825134396553,0.8234555418727445,0.8918741264009297,-12.25779960461518,-38.248370670525745,-36.15520095825195,0.8394523710012436,0.3960549551949531,0.0771789808154866,0.6039744644049867,0.314162004702503,0.03134315965345101,0.25846925420155903,0.26064680650628735,0.0,0.00014582142466679215,6.31734215302994e-05,7.248189649544656e-05,7.801233732607216e-05,23.33468246459961,76.32405090332031,0.575043797492981,190.58407592773438,132.6700439453125,49.839630126953125,1.475885033607483
Model6Closed_Snow_aSrz_SIMHYD_Simple,6623800,41.02358,-106.82477,0.9022386968135834,0.7288925436960718,0.9229635066704337,-46.83281804617809,-35.24420994865719,-32.066593170166016,0.8595895767211914,0.3426437174635774,0.05401092959844029,0.6591248094557888,0.30351798507224237,0.033025524060380035,0.3225812550220106,0.3234463258920447,0.0,0.000139841518830508,4.7389860493920614e-05,7.251689385157079e-05,7.775607809890062e-05,40.29973602294922,122.9320297241211,0.5015853047370911,227.3984375,159.7244415283203,74.00518798828125,1.061952829360962
Model6Closed_Snow_aSrz_SIMHYD_Simple,6632400,41.58525,-106.22279,0.8319650143384933,0.7192676528446822,0.8481354150212413,-61.034047746895645,-48.8933452426997,-79.0083236694336,0.7595351934432983,0.36389205901378247,0.06903769638565838,0.6372234186964812,0.34122479704743547,0.022121222290453345,0.2738773968961257,0.2754128729248202,0.0,0.00014740595361217856,6.516833444446397e-05,7.243231812026352e-05,7.801034371368587e-05,10.320433616638184,69.98848724365234,0.5986090898513794,138.39735412597656,105.56500244140625,40.47102355957031,1.458059549331665
Model6Closed_Snow_aSrz_SIMHYD_Simple,6746095,40.53998,-105.88279,0.7046725749969482,0.4992693576451128,0.8020660521805256,-67.1480959282815,-62.39952263494409,-22.074005126953125,0.486328125,0.2497075578558552,0.045108564383647305,0.7509283658632522,0.4251355336648729,0.011495798377563565,0.3142969393945843,0.3168939727752917,0.0,0.00013828868395648897,5.0965078980881416e-05,7.267313776537776e-05,7.823821215424687e-05,11.440717697143555,59.66939163208008,0.43058910965919495,88.13043212890625,53.87317657470703,23.967586517333984,1.0840002298355103
Model6Closed_Snow_aSrz_SIMHYD_Simple,6784000,41.03244,-98.74053,-4.829342842102051,-0.8366788351434329,0.2541197998943413,54.91237794910354,-78.88700293230156,-20.955507278442383,-6.502155303955078,0.9153934056881339,0.38280694995546444,0.0810397406478275,0.005544649832821265,7.52966350016592e-05,0.07541913886247739,0.07759489405418878,0.0,0.0001942078088177368,0.00010914545895809993,7.257860852405429e-05,7.761314191156998e-05,173.02198791503906,24.120410919189453,0.8766529560089111,1198.9842529296875,283.4207458496094,103.8436279296875,1.4190748929977417
Model6Closed_Snow_aSrz_SIMHYD_Simple,6803510,40.89311,-96.68155,0.5194393992424011,0.27788180214418745,0.662869868351256,38.64453071314403,-19.842162266645516,-78.7213363647461,0.5141689479351044,0.7955690252463677,0.27947530407813126,0.19459175993145564,0.06406529271099697,0.0007120972105014993,0.12981400635876408,0.1364633425539439,0.0,0.00019486513338051736,9.107786499997293e-05,7.234433724079281e-05,7.730619836365804e-05,88.76475524902344,85.23502349853516,0.7452815175056458,315.3342590332031,128.12782287597656,50.96632766723633,1.185526967048645
Model6Closed_Snow_aSrz_SIMHYD_Simple,6803530,41.0157,-96.54428,0.5695528090000153,0.4072398954296679,0.6182049579079176,-86.73824576316208,-24.6775584066902,-140.76605224609375,0.5654744505882263,0.7907706147795733,0.2718265804634144,0.1980720671947917,0.06089304105118601,0.001453601014268698,0.1357251996280352,0.1437314853458973,0.0,0.00019353392417542636,8.941890619075846e-05,7.223867578431964e-05,7.733367965556681e-05,83.79803466796875,102.34791564941406,0.733699381351471,271.5268249511719,124.74746704101562,46.571773529052734,1.1604516506195068
Model6Closed_Snow_aSrz_SIMHYD_Simple,6814000,39.94778,-96.10862,0.6390601396560669,0.39182372439653335,0.6639935606488793,67.78782167234536,-33.00173094483097,-692.4521484375,0.6191966831684113,0.7483911536825978,0.2563218356138769,0.24509431181067215,0.10188638700979875,0.002080075209211094,0.14112762310260485,0.1473974245490435,0.0,0.00019240558322053403,8.139163341528487e-05,7.240689592435956e-05,7.735670078545809e-05,44.16341781616211,84.3798599243164,0.6724550127983093,126.63697814941406,96.70542907714844,39.753578186035156,1.0735630989074707
Model6Closed_Snow_aSrz_SIMHYD_Simple,6847900,39.76985,-100.10078,-2.261286735534668,-5.954084996489167,0.09578312536954167,37.38996635509523,-49.13716917496453,-21674.40625,-1.3967804908752441,0.9394891014823807,0.38810009650292343,0.05793608683275769,0.002747326049608114,3.567205918005887e-06,0.05518355428859342,0.05684805071108802,0.0,0.00020244131155777723,0.00013277728429645803,7.256992830662057e-05,7.735818508081138e-05,118.56977081298828,15.098020553588867,0.9062548279762268,1414.53955078125,209.95062255859375,94.9564437866211,2.097996473312378
Model6Closed_Snow_aSrz_SIMHYD_Simple,6853800,39.89925,-98.25043,0.41347962617874146,-0.22434756106450027,0.47910121701615316,88.06318007545744,-50.5668446553028,-4482.2841796875,0.4978950023651123,0.9007505428097127,0.31910151857446173,0.09410827772577089,0.013130159277738513,0.00014906280463648463,0.08082864609582371,0.0851875138160931,0.0,0.00019320276624057442,0.00010009115425678329,7.257191464304924e-05,7.744107278995216e-05,141.41375732421875,49.659400939941406,0.8579984903335571,1015.6500244140625,250.13043212890625,109.09500122070312,1.4654734134674072
Model6Closed_Snow_aSrz_SIMHYD_Simple,6876700,39.13907,-97.83696,0.3329744338989258,0.08571326138557411,0.4035813165292599,78.51524572923078,-77.61378940776834,-701.6641845703125,0.32901692390441895,0.8913816659154559,0.3064509511554416,0.10283770350698374,0.013844648852160623,8.878865568208257e-05,0.08890387932851478,0.09214925771540386,0.0,0.00019554812752176076,9.882133289685529e-05,7.267592445714399e-05,7.738370914012194e-05,89.30360412597656,36.59113311767578,0.8471567630767822,510.2529296875,161.4296875,71.19766998291016,1.3034342527389526
Model6Closed_Snow_aSrz_SIMHYD_Simple,6878000,39.03111,-97.04029,0.6092769503593445,0.4946111450048417,0.6195048945569231,52.321699721304796,-51.202923643031625,-148.96922302246094,0.5937254428863525,0.8306765575758833,0.2791654598026346,0.164143098442339,0.04813953028500685,0.00037444896138240407,0.11562884599269543,0.12061347134184856,0.0,0.00019724365847650915,8.968490399291944e-05,7.265379099408165e-05,7.732641824986786e-05,33.37743377685547,62.281856536865234,0.7736185193061829,155.71192932128906,117.3126220703125,35.25143814086914,1.297702431678772
Model6Closed_Snow_aSrz_SIMHYD_Simple,6879650,39.10195,-96.59521,0.20767849683761597,0.10557431786318006,0.3551023939799736,,-65.9434063086661,,0.20644813776016235,0.7168017516927064,0.2179677865750941,0.2796706556723477,0.07128053668754597,0.0016306136535928705,0.20675948980332454,0.210820539156244,0.0,0.00019574235193431377,7.526798908933315e-05,7.233165524667129e-05,7.732371159363538e-05,74.23002624511719,72.24930572509766,0.6509112119674683,234.38433837890625,160.111083984375,72.30548095703125,1.0078293085098267
Model6Closed_Snow_aSrz_SIMHYD_Simple,6885500,39.68192,-96.44289,0.6509290337562561,0.5163938009316682,0.7190119677570262,43.356462515890726,-53.1984132493825,-322.35986328125,0.6262502074241638,0.794655562392735,0.2545879982561186,0.20072273127160323,0.06188737678053775,0.0011332778551785602,0.13770187102188325,0.14394335855811896,0.0,0.0001951566810021177,8.224589488172013e-05,7.224468572530895e-05,7.735063991276547e-05,58.891658782958984,88.29338836669922,0.7270351648330688,210.363525390625,125.58905792236328,49.2763671875,1.1722356081008911
Model6Closed_Snow_aSrz_SIMHYD_Simple,6888500,39.06265,-96.15025,0.6406740546226501,0.5146224085961346,0.6965674560698523,27.90660137470698,-18.5609211221495,-249.3850860595703,0.6279923915863037,0.6883412621438313,0.22540715522465996,0.3053436628021037,0.10818815470585709,0.0013502001259675714,0.1958052977138069,0.2005836397609548,0.0,0.00019321400031913072,7.298157120030759e-05,7.233292126329616e-05,7.734617247479036e-05,71.20735931396484,78.52835083007812,0.6132940053939819,153.21115112304688,124.29426574707031,55.56452941894531,1.0341734886169434
Model6Closed_Snow_aSrz_SIMHYD_Simple,6889200,39.23833,-95.8886,0.5045721530914307,0.45323627382576415,0.5154219098165607,93.84052036335754,-51.417396576628406,-266.8993225097656,0.4833769202232361,0.7119083642397184,0.2309116035863934,0.2825217301832819,0.11946515133536838,0.001249312398471311,0.16180713641556874,0.16877257981856336,0.0,0.00019366615742910653,7.646986604032412e-05,7.225581794045866e-05,7.735474355285987e-05,72.5833511352539,106.2992935180664,0.6317896842956543,159.8255615234375,124.21755981445312,52.605220794677734,1.0122371912002563
Model6Closed_Snow_aSrz_SIMHYD_Simple,6889500,39.09938,-95.72495,0.6936651766300201,0.5097223931618144,0.7040474947680603,22.333679859659195,-38.982980448930135,-251.49327087402344,0.6829204261302948,0.7018998466687612,0.24352270350522634,0.29109290673562277,0.133394558845,0.0012851266193629903,0.15641311654742632,0.16384996837815266,0.0,0.00019339546270202845,7.497237941281619e-05,7.224733417388052e-05,7.73312640376389e-05,57.40936279296875,113.14324951171875,0.6302387714385986,123.50575256347656,101.3788833618164,42.83316421508789,1.003288984298706
Model6Closed_Snow_aSrz_SIMHYD_Simple,6892000,39.11633,-95.01088,0.7447650730609894,0.5999200150488109,0.7841771865678119,45.87403753843992,-43.35956674681362,-383.10552978515625,0.7194565236568451,0.6981804138206893,0.24332873559913096,0.29179550231622436,0.12236872170295049,0.0008939326062571089,0.1685327029793758,0.1756462378047351,0.0,0.00019366478954907507,7.037179290340066e-05,7.22431213944219e-05,7.738067506579682e-05,85.8038101196289,112.41131591796875,0.6151277422904968,150.7415771484375,126.66117095947266,56.32930374145508,0.9441742897033691
Model6Closed_Snow_aSrz_SIMHYD_Simple,6903400,40.95189,-93.25985,0.5570185780525208,0.4882077945782407,0.6527281318796332,59.468106172242585,16.763881361723985,-12298.74609375,0.4986491799354553,0.6057569337806785,0.2432461010994075,0.38796088142008317,0.20063241918006985,0.0014793054883169285,0.18584908318147195,0.19032127243986663,0.0,0.00018354544590692967,6.475750331885968e-05,7.227531750686467e-05,7.733668462606147e-05,65.99790954589844,71.50524139404297,0.5004263520240784,83.13695526123047,81.656005859375,40.53929138183594,0.8772861361503601
Model6Closed_Snow_aSrz_SIMHYD_Simple,6906800,38.70225,-92.97883,0.7169798612594604,0.3917083419009002,0.7562863121921448,39.96142844074622,-2.5962774371364308,-1859.3214111328125,0.7175807058811188,0.5617568248776171,0.19642119604790018,0.4308204975971502,0.22911156168434732,0.002513191344419675,0.19919568943306187,0.2046496964231704,0.0,0.00019197826622985303,6.032851615447412e-05,7.220717088785022e-05,7.73363426560536e-05,50.239341735839844,104.1902084350586,0.5153422355651855,73.10564422607422,67.59903717041016,34.51471710205078,0.8326355218887329
Model6Closed_Snow_aSrz_SIMHYD_Simple,6910800,38.56701,-95.96163,0.6916978061199188,0.46512504944811384,0.7530421733525385,73.0352841582658,-0.35674935064533964,-3703.317138671875,0.6877572238445282,0.6629565897185349,0.20841141400585544,0.33134640695666306,0.14424963138007316,0.001635751440642001,0.18546095662955864,0.18977204862973118,0.0,0.0001941226946655661,7.183914159800927e-05,7.257703691720963e-05,7.730762445135042e-05,65.30567169189453,73.03900146484375,0.596757173538208,131.8759765625,119.02140045166016,51.66326141357422,1.0181626081466675
Model6Closed_Snow_aSrz_SIMHYD_Simple,6911900,38.71069,-95.83603,0.6498763859272003,0.3467405954715713,0.7076650307697244,65.82456602141335,-22.22941476869215,-3254.4169921875,0.6480866372585297,0.6404061787957193,0.2134394551326898,0.3541316697668156,0.16387122959046677,0.001335926236144851,0.18892443146589216,0.19304480999763107,0.0,0.0001933957391884178,7.147905301371974e-05,7.234321674332023e-05,7.73214633227326e-05,54.30400085449219,67.16627502441406,0.576289713382721,102.48509979248047,95.89444732666016,42.89047622680664,1.002447485923767
Model6Closed_Snow_aSrz_SIMHYD_Simple,6917000,38.01897,-94.71367,0.7715436816215515,0.6102573684123478,0.7811914246422162,70.96646997435914,-23.81703548298099,-14850.8876953125,0.7629300206899643,0.6237498548891116,0.19957587641053706,0.3674534342120538,0.1666198758087711,0.0010295410462806006,0.19980393742107744,0.2048125433851942,0.0,0.00019475305452942848,6.471716139901186e-05,7.257040124386549e-05,7.73018691688776e-05,77.42214965820312,93.12459564208984,0.5715225338935852,125.82906341552734,118.43617248535156,52.6821403503418,0.9118374586105347
Model6Closed_Snow_aSrz_SIMHYD_Simple,6918460,37.40237,-93.80203,0.26215845346450806,0.4747552584417758,0.6479262540988762,-10.250838088852353,13.602306434380118,-43.93439865112305,0.08194148540496826,0.6447308038264997,0.1887886860949842,0.3467580950354707,0.11445363493521239,0.0030341639303086633,0.2292703012214226,0.23343250408447166,0.0,0.0001949986326508224,6.151244494579733e-05,7.210391049738973e-05,7.733015809208155e-05,108.71755981445312,84.15145874023438,0.5945307016372681,203.71461486816406,163.8658447265625,70.76482391357422,0.8525838255882263
Model6Closed_Snow_aSrz_SIMHYD_Simple,6919500,37.8342,-93.87549,0.7853436917066574,0.5085201668226006,0.8082296892042184,72.12158018981967,-20.802125726946898,-2183.298583984375,0.7791197597980499,0.6607830198756367,0.21805971498580065,0.3293879563603966,0.1466443409804979,0.0016702836328371376,0.181073305615675,0.18607238585857755,0.0,0.00019363504543434829,5.8846507158776074e-05,7.229119364637882e-05,7.746917981421575e-05,118.86250305175781,105.30902099609375,0.5887424349784851,222.22805786132812,178.71461486816406,82.19844055175781,0.8598437309265137
Model6Closed_Snow_aSrz_SIMHYD_Simple,6921070,37.68265,-93.37033,0.6071003973484039,0.4071015649651224,0.7539377533480154,-2.381719311239037,12.011063785150567,-544.3947143554688,0.5842679142951965,0.5827051707850218,0.17101100766139032,0.4086166535136725,0.17423458030161026,0.00537478404224055,0.2290073106193973,0.23394871628167893,0.0,0.00019087315013166517,5.880371667847892e-05,7.221315172500908e-05,7.732147059869021e-05,85.33653259277344,94.95509338378906,0.5379856824874878,137.46046447753906,117.6079330444336,56.333763122558594,0.8490154147148132
Model6Closed_Snow_aSrz_SIMHYD_Simple,6921200,37.75047,-93.26618,0.5601807236671448,0.22367410376327523,0.6782016256823635,71.26808304831344,-24.704233009017404,-1508.277587890625,0.5392780005931854,0.5891370355965054,0.15950272423902706,0.40177691091667567,0.15259862224648127,0.006611175481086122,0.242567119998344,0.2472989668482826,0.0,0.00019150903972331434,5.8530049067863295e-05,7.228727918118238e-05,7.731283403700218e-05,102.22808074951172,91.2562484741211,0.5419260859489441,173.4163818359375,142.93060302734375,68.37301635742188,0.8470278978347778
Model6Closed_Snow_aSrz_SIMHYD_Simple,6934000,38.38881,-91.81989,0.6599589884281158,0.5596516116851198,0.7443357686584186,-536.1349041426115,-24.48281993860627,-96.19827270507812,0.6424617171287537,0.618598401326107,0.20445785584100234,0.3732085283654122,0.15441405004648756,0.003292069731457668,0.21550241575214463,0.22088115204209535,0.0,0.00019046994566451758,5.939506926084343e-05,7.249083137139678e-05,7.734386599622667e-05,76.9181900024414,101.50053405761719,0.5685015320777893,193.0731201171875,147.83319091796875,68.86491394042969,0.829831600189209
Model6Closed_Snow_aSrz_SIMHYD_Simple,7014500,38.15853,-91.10846,0.6493407785892487,0.43162874441659005,0.7618799883748324,-221.74407164186363,-17.92707830073005,-59.30113983154297,0.648608922958374,0.6084279843709746,0.17639338485513817,0.3815383098438361,0.10331294195584739,0.012073503852599811,0.2661518331365881,0.2736917447742575,0.0,0.0001887125981738791,5.8159576251614294e-05,7.218860264401883e-05,7.733043457847089e-05,89.48870849609375,143.88868713378906,0.56622713804245,245.78353881835938,175.72940063476562,82.94927215576172,0.8440671563148499
Model6Closed_Snow_aSrz_SIMHYD_Simple,7056000,35.98318,-92.74755,0.7968812882900238,0.6545450246527317,0.8083570391141806,-8.642934205375044,-29.880169520833398,-455.06256103515625,0.7956580072641373,0.5430998391180716,0.1359159020627247,0.45009800230244196,0.1503130132928292,0.007168042789856411,0.29261695249166286,0.29820401699054455,0.0,0.00019310537027195096,5.436071460984865e-05,7.224087312351912e-05,7.733781239949167e-05,85.39737701416016,126.45222473144531,0.5193285942077637,214.88601684570312,178.1640625,89.36997985839844,0.7753399610519409
Model6Closed_Snow_aSrz_SIMHYD_Simple,7057500,36.62303,-92.24813,0.7942595481872559,0.8448303770845134,0.8395068621724998,-246.18523831492584,-6.532247934971799,-19.693445205688477,0.7799279987812042,0.622681376646941,0.17537456753200223,0.3706507572069037,0.08486294509110032,0.00275178454316076,0.2830360345745855,0.28619701965943894,0.0,0.00019470645929686725,6.11913665861819e-05,7.273708615684882e-05,7.728210039203987e-05,105.41542053222656,64.07875061035156,0.573859453201294,283.71868896484375,234.16917419433594,108.44629669189453,0.8504294753074646
Model6Closed_Snow_aSrz_SIMHYD_Simple,7060710,35.99535,-92.21265,0.5733989775180817,0.14019623923759905,0.6041910917963466,10.19542257463383,-47.35285617919633,-565.64794921875,0.571173220872879,0.6048372023349312,0.12097832022189578,0.3843229086129581,0.0742860508156796,0.013551084472127726,0.2964857642647286,0.306535777794959,0.0,0.00019299790437798947,5.232400866146155e-05,7.227525929920375e-05,7.731020014034584e-05,83.89942932128906,228.83526611328125,0.5872673392295837,309.08868408203125,244.66221618652344,110.29718017578125,0.8244354128837585
Model6Closed_Snow_aSrz_SIMHYD_Simple,7066000,37.15408,-91.35816,0.7095654308795929,0.8381932338704883,0.7189853727722878,-286.465590068583,-26.429836277260016,-15.795351028442383,0.653623640537262,0.6409560053344234,0.15802496263015642,0.35260935198665183,0.06184542608113974,0.009683237895741438,0.28108066177476365,0.28517256729985896,0.0,0.00019698163669090718,6.185387293355245e-05,7.233151700347662e-05,7.729903882136568e-05,96.06333923339844,81.78462219238281,0.6108976602554321,321.1000671386719,247.34197998046875,108.11979675292969,0.8375886082649231
Model6Closed_Snow_aSrz_SIMHYD_Simple,7067000,36.99138,-91.01351,0.6986746191978455,0.8340108835168136,0.744973723121425,-180.89920462389262,-0.7943866081961882,-11.785591125488281,0.637385904788971,0.6398788905180699,0.16024752014249638,0.35502181927406534,0.06770979840411698,0.007788612648760106,0.27952342329048774,0.2837261370610253,0.0,0.00019629414600785822,5.900775990521464e-05,7.218807877507061e-05,7.731096411589533e-05,102.91734313964844,90.5689468383789,0.599720299243927,373.5407409667969,275.2704772949219,120.87073516845703,0.8009346723556519
Model6Closed_Snow_aSrz_SIMHYD_Simple,7068000,36.622,-90.84762,0.7784751355648041,0.885321010363614,0.7966587010617737,-188.2080528163116,-10.524085520007011,-6.192957878112793,0.7582016289234161,0.6220568401527217,0.17692583709411377,0.3715985168860243,0.09951481414390495,0.00860699388988366,0.2634767155752784,0.26851934719578124,0.0,0.00019229439203627408,5.80261481913173e-05,7.2214133979287e-05,7.733589154668152e-05,86.34442138671875,103.31581115722656,0.5813422799110413,299.2766418457031,226.86802673339844,102.1639633178711,0.8069846630096436
Model6Closed_Snow_aSrz_SIMHYD_Simple,7071500,36.64868,-91.20082,0.7021360397338867,0.7904856334796456,0.7310288376553059,-100.05340283645234,-23.687483345465782,-7.021258354187012,0.6732473373413086,0.6807045020305733,0.1860061751727692,0.3155463488844819,0.04029990989306701,0.004937010200542184,0.27030945159922454,0.27312828157959357,0.0,0.00019576433987822384,6.0501042746634956e-05,7.229887705761939e-05,7.730375364189968e-05,107.42647552490234,63.083946228027344,0.6317267417907715,447.55584716796875,317.7850646972656,137.98165893554688,0.8297004103660583
Model6Closed_Snow_aSrz_SIMHYD_Simple,7083000,39.17221,-106.38919,0.8350899666547775,0.7306421963492744,0.8769163009314347,-61.70830542246164,-37.048566563699026,-16.246702194213867,0.6940487027168274,0.3128684997046953,0.06396328037700261,0.7108350618776129,0.34179666243150664,0.009127127403013151,0.35991103402032343,0.3597479971887582,0.0,0.00013834140554536134,6.698957102796071e-05,7.273291703313589e-05,7.782618195051327e-05,4.875624179840088,74.80001831054688,0.5966981053352356,33.68402099609375,26.365224838256836,9.366634368896484,1.3644027709960938
Model6Closed_Snow_aSrz_SIMHYD_Simple,7142300,37.87159,-98.87614,-26.833911895751953,-7.299904029286694,0.3266003715461528,50.49385636950285,52.89948901449683,-7090.1650390625,-25.397876739501953,0.9065696634356372,0.2959125475743646,0.09100121639890939,0.007824159216102768,0.0001091940041597575,0.0830670230011291,0.08598235305182525,0.0,0.00020330176630523056,0.00011002803498491318,7.257950346684083e-05,7.763667963445187e-05,61.376243591308594,32.22053909301758,0.8722591400146484,608.6063842773438,175.58851623535156,60.78137969970703,1.5678461790084839
Model6Closed_Snow_aSrz_SIMHYD_Simple,7145700,37.24955,-97.4039,0.6958401203155518,0.7043181636119284,0.6996152013492892,-12.193255177400196,-20.04777214028778,-138.41595458984375,0.6665326356887817,0.7247491864550782,0.23824523079373125,0.27130352241743527,0.16039875321790312,0.0002863292762209675,0.1106181775973987,0.11462299924806124,0.0,0.0001982340618269518,7.492383310718583e-05,7.251869101310149e-05,7.730018842266873e-05,14.653899192810059,59.51316452026367,0.6863402128219604,98.8910140991211,94.02607727050781,31.845266342163086,1.1154712438583374
Model6Closed_Snow_aSrz_SIMHYD_Simple,7148400,36.81503,-98.64814,0.31019145250320435,0.3971226072666999,0.4938605073103955,2.4122295680801584,-43.27736606217788,-70.21595764160156,0.201177179813385,0.8999975654723203,0.30257081089174737,0.09965366098048864,0.009520960974429771,7.23505094716798e-05,0.09005957408212815,0.09188268409239343,0.0,0.00020262620819266886,0.00010404709072969841,7.256949902512133e-05,7.735507097095251e-05,39.69715881347656,21.52768325805664,0.86725252866745,484.7195739746094,167.0776824951172,55.96996307373047,1.6760272979736328
Model6Closed_Snow_aSrz_SIMHYD_Simple,7149000,37.0392,-98.47021,0.19502288103103638,0.5701333609523209,0.3858609113445806,67.33252226500134,-53.50169754802249,-11.333840370178223,0.038559675216674805,0.8819724226702933,0.29299724265876037,0.11641584900977076,0.016114587266409235,0.00015206758754195083,0.10014852837784095,0.1027615746055736,0.0,0.00020140878041274846,0.00010060393116574833,7.257127435877919e-05,7.741417357465252e-05,27.699323654174805,30.381032943725586,0.8472712635993958,286.9933776855469,132.82992553710938,42.15488815307617,1.5233885049819946
Model6Closed_Snow_aSrz_SIMHYD_Simple,7151500,37.12891,-97.60144,0.3480498194694519,0.326584745467259,0.36761161582759316,9.960286052833727,-71.1711993957472,-8.942485809326172,0.2563546895980835,0.8543160501259062,0.27067389106296513,0.14235959554678962,0.028357096493090202,0.00021914710265829554,0.11378289930023039,0.1173560391042443,0.0,0.00019901039195246994,8.212896058390038e-05,7.269674097187817e-05,7.737496343906969e-05,58.29255294799805,53.25078582763672,0.8126435875892639,409.07720947265625,186.1219482421875,66.4959716796875,1.2869104146957397
Model6Closed_Snow_aSrz_SIMHYD_Simple,7167500,37.70821,-96.2236,0.6882921755313873,0.6464694845602763,0.691363512999216,35.835009508712375,-34.24316490578568,-3309.45458984375,0.6838102042675018,0.6005600581562358,0.19717320174651093,0.3946209055598283,0.2146659306766134,0.0008330031636940855,0.17912187189336676,0.18249116140314858,0.0,0.00019543911912478507,6.75632692436154e-05,7.234117947518826e-05,7.732029189355671e-05,38.12644577026367,57.99472427368164,0.5626216530799866,103.24861145019531,101.7378158569336,44.7696418762207,0.9662218689918518
Model6Closed_Snow_aSrz_SIMHYD_Simple,7180500,38.19645,-96.82458,0.6874048411846161,0.7505404832751543,0.6934375450635114,79.84381291920428,-26.906202489820704,-56.529903411865234,0.6744875907897949,0.7003057908181657,0.2051832313975029,0.2958467976729993,0.11770133752054206,0.0005057877806965936,0.17763938238404528,0.18073478830566703,0.0,0.00019918072212021798,7.452881300641539e-05,7.26677171769552e-05,7.728633499937132e-05,74.29949951171875,53.852420806884766,0.6528786420822144,189.05003356933594,155.1728973388672,63.05952453613281,1.1241737604141235
Model6Closed_Snow_aSrz_SIMHYD_Simple,7184000,37.28125,-95.03267,0.5957931280136108,0.506078567213449,0.6067943492220127,47.32744171959042,-48.54224528029617,-9262.126953125,0.5574758350849152,0.611827547843178,0.20228852259552899,0.380927353467645,0.20075326786552936,0.0022798865265276085,0.17789412856640663,0.18340936022092738,0.0,0.00019492230785544962,6.092610776191532e-05,7.216387894004583e-05,7.731029472779483e-05,39.3913459777832,105.44792175292969,0.566053032875061,85.37610626220703,84.70027160644531,37.19346618652344,0.8422682881355286
Model6Closed_Snow_aSrz_SIMHYD_Simple,7195800,36.25548,-94.43394,0.36696404218673706,0.6083732728405995,0.4941040262591748,91.31804888200668,-19.108244655237296,-11.386526107788086,0.29498380422592163,0.6446310522939415,0.16099496353580445,0.3499796108828156,0.07441369244218525,0.004826708109170462,0.27073919252465345,0.2747057978858309,0.0,0.00019689614418894053,5.722447436864964e-05,7.211315096355975e-05,7.730998913757503e-05,98.06278991699219,84.40274047851562,0.5963456630706787,314.3935852050781,244.98165893554688,106.2332992553711,0.8169668912887573
Model6Closed_Snow_aSrz_SIMHYD_Simple,7196900,35.88008,-94.48661,0.4908081293106079,0.53200726620854,0.5184424969648949,88.97992292926936,-54.805632847125345,-232.34426879882812,0.45107829570770264,0.5895746430705694,0.12836882658525184,0.40440279528156947,0.1581624125056949,0.003631069131594985,0.24260930748097265,0.24699992406805868,0.0,0.00019622797844931483,5.428326555159502e-05,7.25311110727489e-05,7.735207327641547e-05,197.45675659179688,107.96240234375,0.5389578938484192,453.9154968261719,259.4391784667969,130.7911834716797,0.7730310559272766
Model6Closed_Snow_aSrz_SIMHYD_Simple,7197000,35.9212,-94.83856,0.7294087707996368,0.624236451941214,0.756317032167062,23.48184186979659,-13.276701828455824,-74.65202331542969,0.7200102806091309,0.609862817422245,0.15719434126038395,0.3841256288171093,0.09893016268163425,0.004081727303321562,0.2811137234255465,0.28498189105833016,0.0,0.00019618119404185563,5.565587398713963e-05,7.234157965285704e-05,7.731018558843061e-05,117.23614501953125,92.59886932373047,0.5550588369369507,240.75843811035156,190.2381134033203,92.99322509765625,0.7923972606658936
Model6Closed_Snow_aSrz_SIMHYD_Simple,7208500,36.37226,-104.97,-0.8981355428695679,-0.5097638748571085,0.5647617032862985,-21.47446027975585,-24.532822123376842,-206.05850219726562,-1.2267999649047852,0.7269631413354817,0.22805175914495304,0.26976752510609975,0.07802634452889315,0.004228773119663663,0.1875123876056109,0.19341939731660984,0.0,0.00017530363402329385,0.00010866184960383761,7.239177648443729e-05,7.756492414046079e-05,26.627410888671875,62.67955017089844,0.7445997595787048,160.1076202392578,96.35205078125,33.70353317260742,1.7581381797790527
Model6Closed_Snow_aSrz_SIMHYD_Simple,7226500,35.43838,-103.52579,-1.4291822910308838,-4.086017616855862,0.05178792064566388,,-75.15565674353273,,-1.4291822910308838,0.9644243282506035,0.4906307247234878,0.03097876556355602,0.0012166802837820533,1.3469220419911326e-05,0.02974569962305697,0.03057068866734466,0.0,0.0002107423060806468,0.00019664050819277314,7.258550613187253e-05,7.782730972394347e-05,70.18392944335938,4.985629081726074,0.9447738528251648,747.6748657226562,137.42958068847656,36.67927551269531,2.522446393966675
Model6Closed_Snow_aSrz_SIMHYD_Simple,7261000,35.2988,-92.40393,0.747364342212677,0.6483151540282077,0.7770532113340859,61.17974395152992,-18.138721708066015,-814.4349365234375,0.7285816371440887,0.541495096994758,0.13476650288512954,0.4541492167881288,0.19879694695668418,0.006219426197064896,0.2491328643035272,0.25286909026554494,0.0,0.00019404759223107249,5.143444105807858e-05,7.218056998681277e-05,7.737272972008213e-05,31.93594741821289,83.80150604248047,0.5174070000648499,199.12669372558594,175.3553466796875,89.01467895507812,0.774526059627533
Model6Closed_Snow_aSrz_SIMHYD_Simple,7263295,34.8762,-92.77461,0.7295425832271576,0.645671611247034,0.7377917685564954,53.70638604395347,-28.02118692900689,-11816.0107421875,0.7123789489269257,0.5428570624212352,0.11698136545220425,0.4519983736897364,0.16914056976619474,0.010928389721261427,0.2719293290634667,0.2772610621200936,0.0,0.00019354956748429686,4.930827132505633e-05,7.218014798127115e-05,7.732526864856482e-05,20.052562713623047,125.01744079589844,0.5286426544189453,198.99050903320312,175.55577087402344,89.89290618896484,0.8590078949928284
Model6Closed_Snow_aSrz_SIMHYD_Simple,7290650,32.01778,-90.87694,0.7819587290287018,0.40927461574669854,0.8284089936761446,-40.76428954231674,-18.25652059596762,-190.83265686035156,0.7643376588821411,0.5656838979538295,0.15726356148010634,0.43141209858276236,0.1931281535683196,0.004469643884311697,0.23381430661965757,0.23786988100550913,0.0,0.00019544140377547592,4.8155145498336804e-05,7.21790493116714e-05,7.732382800895721e-05,27.382766723632812,104.56364440917969,0.5492629408836365,250.52755737304688,199.65457153320312,100.38935089111328,0.8238686323165894
Model6Closed_Snow_aSrz_SIMHYD_Simple,7291000,31.50306,-90.7775,0.5940176248550415,0.453576254825349,0.6092473790518769,-23.485105998476822,-54.26905764503052,-154.84962463378906,0.5725592374801636,0.5750361935803311,0.141003454285527,0.4211410814551094,0.17247920420162155,0.009349098581317763,0.23931281744794997,0.24319274872165078,0.0,0.0001979642256628722,4.7522632657211026e-05,7.217926031444222e-05,7.731773075647652e-05,122.46856689453125,96.06036376953125,0.5511243343353271,508.671875,322.53570556640625,171.91380310058594,0.7468437552452087
Model6Closed_Snow_aSrz_SIMHYD_Simple,7292500,31.32472,-91.10944,0.7411643862724304,0.624064287528904,0.7848076476452588,-107.78841615549769,-32.913767834962115,-25.691497802734375,0.7155853807926178,0.6127576435634965,0.1469261921603782,0.3829890085260353,0.14204229294429202,0.009226153975692515,0.2317205845393098,0.2362951923341745,0.0,0.00019762049487326294,4.78630184216988e-05,7.21794567652978e-05,7.733322854619473e-05,71.76868438720703,113.39530181884766,0.5974780321121216,439.68023681640625,290.4658203125,139.74224853515625,0.8165513277053833
Model6Closed_Snow_aSrz_SIMHYD_Simple,7295000,31.22694,-91.29556,0.5878260433673859,0.6786518269863331,0.6210568125972448,-42.07657451320638,-45.40125689737655,-66.29460144042969,0.5486241281032562,0.5881408827009617,0.11154429088427797,0.4095254745542729,0.17541492658063515,0.00988088525386038,0.2242296706684406,0.22822138337093864,0.0,0.0002001561806537211,4.760615360781929e-05,7.22515324014239e-05,7.73142310208641e-05,110.79951477050781,106.97137451171875,0.5736415982246399,513.9301147460938,317.8296203613281,149.83187866210938,0.8112491965293884
Model6Closed_Snow_aSrz_SIMHYD_Simple,7299670,34.35452,-99.74037,0.15606385469436646,0.24830896477979092,0.27729184950525615,16.412959798554745,-71.80510215469788,-177.08094787597656,0.18303179740905762,0.9295636253819656,0.2833853131774143,0.08189759162995064,0.014012516972722381,2.6000278354151593e-05,0.06785705518187585,0.06961144105396797,0.0,0.00021705811377614737,0.00012886187219048007,7.270702917594463e-05,7.72816565586254e-05,46.35685348510742,16.95147132873535,0.8920507431030273,625.2140502929688,189.2768096923828,65.64490509033203,2.336527109146118
Model6Closed_Snow_aSrz_SIMHYD_Simple,7301410,35.4731,-100.12095,-7.182592391967773,-2.0738361886567516,0.3520495631672372,77.75494852300523,15.27116998531712,-251.0961151123047,-7.505182266235352,0.9258222236206665,0.2734157902750357,0.08513858905047725,0.008883493575597609,0.00041304227800409665,0.07584080169429497,0.07782837576637854,0.0,0.00020971453341189772,0.00012423420632109585,7.257546531036496e-05,7.753992395009845e-05,48.78410339355469,22.53019905090332,0.8850604295730591,931.6866455078125,238.0878143310547,80.59587860107422,1.7208592891693115
Model6Closed_Snow_aSrz_SIMHYD_Simple,7301500,35.16811,-99.50731,-2.325378179550171,-1.0339688252434995,0.3274020492360923,62.986393856733315,-36.98067820743349,-231.79103088378906,-2.714705228805542,0.9309040097839394,0.34307849565152543,0.07638712979723554,0.009744709705193701,6.91233314718741e-05,0.06657196975533372,0.06801141391113305,0.0,0.00020768064132425934,0.0001196892541482206,7.258104596985504e-05,7.765783811919391e-05,33.20227813720703,14.71875286102295,0.8907713294029236,648.2472534179688,204.37887573242188,63.45158767700195,1.7940685749053955
Model6Closed_Snow_aSrz_SIMHYD_Simple,7315200,33.81288,-98.08504,0.21523988246917725,-1.5527464455907025,0.3740568168597512,,-64.8602014720948,,0.24856561422348022,0.8470675984790218,0.24373738539920695,0.148319070701567,0.03254912997669362,0.0002205678603358121,0.11554850776021171,0.11843986770346572,0.0,0.00021171239495743066,9.865855595421617e-05,7.234270742628723e-05,7.730226207058877e-05,75.77713012695312,37.77415084838867,0.8282959461212158,381.3972473144531,214.25613403320312,62.466976165771484,1.7076609134674072
Model6Closed_Snow_aSrz_SIMHYD_Simple,7315700,34.00426,-97.56697,0.30358439683914185,-0.1981404905356916,0.5240703293865372,55.46615897422508,-50.677971874603585,-148300.171875,0.2744362950325012,0.775903063262755,0.2324595008018471,0.22279078833364152,0.0749668044886655,0.0009084218913008654,0.1469150689414689,0.15030566768494708,0.0,0.0002079368568956852,8.740964469152039e-05,7.235009979922324e-05,7.7305972808972e-05,35.10089874267578,51.43680191040039,0.7624122500419617,165.14500427246094,140.72731018066406,39.48555374145508,1.226706862449646
Model6Closed_Snow_aSrz_SIMHYD_Simple,7335700,34.63844,-94.61272,0.45630908012390137,0.6049585749118405,0.4947268043200563,64.39561823021823,-62.611541788567436,-1825.5963134765625,0.4118005633354187,0.4381240867648628,0.10726768640599903,0.5589040511384314,0.2688539446285356,0.007374039713586203,0.2826760320583157,0.28591581494093726,0.0,0.00019264673755969852,4.621088437759092e-05,7.222961721708998e-05,7.731674122624099e-05,56.12738037109375,81.4146499633789,0.42160764336586,146.89576721191406,138.86627197265625,82.37163543701172,0.6699548363685608
Model6Closed_Snow_aSrz_SIMHYD_Simple,7340300,34.37955,-94.23576,0.7001149356365204,0.6499763262716598,0.7412469176221125,-101.41712385038169,-38.26152620126858,-50.11933135986328,0.6528006196022034,0.4516888366352489,0.11232212452405559,0.5455116090338271,0.2727280636848803,0.009274862163791624,0.263508671363778,0.26702524213963524,0.0,0.00019019207684323192,4.485070049863147e-05,7.218890095828101e-05,7.733235543128103e-05,41.472137451171875,87.52865600585938,0.4228494167327881,176.6781768798828,156.44775390625,92.77091979980469,0.6570043563842773
Model6Closed_Snow_aSrz_SIMHYD_Simple,7346045,32.77792,-94.35742,0.7302740514278412,0.6139638722987999,0.7666506817794709,61.6730538645705,-37.901539500858966,-214.3207550048828,0.6613161265850067,0.6827995975983681,0.15217305648385904,0.3156453436058681,0.07290867945815853,0.00986552067513223,0.2328711505580889,0.23579987905378177,0.0,0.00020057220535818487,5.6699690414790504e-05,7.21976684872061e-05,7.74092914070934e-05,43.735443115234375,63.09812927246094,0.6679089665412903,474.5449523925781,355.8937683105469,136.95916748046875,0.8772466778755188
Model6Closed_Snow_aSrz_SIMHYD_Simple,7359610,34.38278,-93.60611,0.7364165782928467,0.7683386375553575,0.7508800517985711,-97.01479345929873,-38.52619365823078,-12.596728324890137,0.7011285126209259,0.48149011753522775,0.11789851954618982,0.5163380358650667,0.2081678537835786,0.009590972452283639,0.2985791841231733,0.30229290520373725,0.0,0.00019379248260520399,4.670651403870207e-05,7.24810452084057e-05,7.732005906291306e-05,11.963927268981934,94.04991149902344,0.4588422179222107,157.5794677734375,142.73043823242188,79.75393676757812,0.6817042231559753
Model6Closed_Snow_aSrz_SIMHYD_Simple,7362100,33.37596,-92.77711,0.6538755297660828,0.5644232750579306,0.6674842335930522,65.37906515630526,-48.632171253953,-470.4485168457031,0.5998815596103668,0.6306414788865137,0.1606184548608029,0.3671067363631247,0.10260012696007123,0.010097536633231204,0.25440908604991747,0.25695629094518957,0.0,0.00019806942145805806,5.247196755791078e-05,7.219110557343811e-05,7.731946971034631e-05,26.998950958251953,55.679954528808594,0.625241756439209,388.16607666015625,305.4881591796875,126.74836730957031,0.8021483421325684
Model6Closed_Snow_aSrz_SIMHYD_Simple,7362587,34.79759,-92.93351,0.6331864595413208,0.5519213349127556,0.6534935573322278,59.6256029396346,-42.23639736420747,-4311.76220703125,0.6141588389873505,0.459244358410788,0.1059438578817211,0.5370241514085384,0.26037069923644174,0.011401372328985903,0.26525203955064985,0.2693515127186645,0.0,0.00019224263087380677,4.635573657566677e-05,7.218416430987418e-05,7.733324309810996e-05,11.75538158416748,100.9913101196289,0.4530963599681854,97.81945037841797,96.14066314697266,53.135459899902344,0.7499767541885376
Model6Closed_Snow_aSrz_SIMHYD_Simple,7373000,31.53629,-92.40847,0.5626175701618195,0.4280874782789573,0.7019865341747942,15.9513314826572,-7.209531210099795,-54.03569412231445,0.5363065004348755,0.6049138563945052,0.11515826764617494,0.39217089817319467,0.11245037571918672,0.012902771710668457,0.2668177695205004,0.27308777470771795,0.0,0.00019836499996017665,4.7765922383956284e-05,7.22731783753261e-05,7.732177618891001e-05,64.06455993652344,186.50584411621094,0.6134704351425171,524.7197265625,276.8527526855469,136.5941619873047,0.8045604228973389
Model6Closed_Snow_aSrz_SIMHYD_Simple,7375000,30.61602,-90.24869,0.5110207200050354,0.5064590410375934,0.5987221395394978,-627.4942339102926,-41.82014807009545,-50.68737030029297,0.49225836992263794,0.5620582298391424,0.13146832087746313,0.4286402923397468,0.15609213010837186,0.016024727833832672,0.2565234393515666,0.26433976014279004,0.0,0.00019543948292266577,4.3457194423174616e-05,7.218003156594932e-05,7.735140388831496e-05,75.73236083984375,206.48394775390625,0.5491706728935242,273.1770935058594,197.91896057128906,99.12530517578125,0.8055567741394043
Model6Closed_Snow_aSrz_SIMHYD_Simple,7376000,30.5038,-90.67732,0.7044512331485748,0.585854890581296,0.7585394606356559,-554.5451024174022,-34.0803442992681,-39.535858154296875,0.6624249517917633,0.6032037887834201,0.15036576332247162,0.3897476977878524,0.127120909146107,0.012859033779270983,0.24976775486247446,0.25653828249913985,0.0,0.00019509679987095296,4.430730610819891e-05,7.21813048585318e-05,7.739299326203763e-05,52.707733154296875,182.3329620361328,0.5745556950569153,263.42584228515625,190.02642822265625,89.94094848632812,0.8577943444252014
Model6Closed_Snow_aSrz_SIMHYD_Simple,8013000,30.99602,-92.67375,0.579714298248291,0.4722929965627263,0.6883685333934969,18.370251612380844,-25.861841006930927,-590.5834350585938,0.46556907892227173,0.5453317239057828,0.14682656088050833,0.453111650083488,0.20417560735293688,0.014150053321649588,0.23478597900670692,0.2380143417137574,0.0,0.00019436018192209303,4.537258502649855e-05,7.218161772470921e-05,7.741020090179518e-05,12.386951446533203,82.89216613769531,0.5465941429138184,163.92359924316406,135.37322998046875,64.66729736328125,0.7452825307846069
Model6Closed_Snow_aSrz_SIMHYD_Simple,8014500,30.69875,-92.89319,0.6015673279762268,0.4693072624143214,0.7461059236943284,-17.90485542013597,-24.453521590477685,-56.21914291381836,0.5249468982219696,0.573665950516759,0.13289797345255475,0.4238577905529904,0.15994055310780372,0.016662938096684204,0.24725432464866973,0.25136817232482306,0.0,0.00019365928892511874,4.398280892913439e-05,7.218056998681277e-05,7.73674255469814e-05,15.153730392456055,113.22417449951172,0.5644110441207886,226.80349731445312,180.44175720214844,86.20364379882812,0.7312223315238953
Model6Closed_Snow_aSrz_SIMHYD_Simple,8023080,31.97933,-93.93408,0.71528360247612,0.3633032088114315,0.7407927759199742,5.922545007281118,-50.22707999262783,-72402.4453125,0.696002334356308,0.5936129041869417,0.14152587059433497,0.4038738622421176,0.17642606314115986,0.008356663847388663,0.21909112160318728,0.22250844151102817,0.0,0.00019852735567837954,5.121448114628814e-05,7.217911479528993e-05,7.733656093478203e-05,12.51802921295166,82.3929672241211,0.5889010429382324,256.5951232910156,214.1388702392578,98.23868560791016,0.8007395267486572
Model6Closed_Snow_aSrz_SIMHYD_Simple,8025500,31.30713,-93.51573,0.6575345396995544,0.3816220210792256,0.6887521173210518,16.832186040200334,-47.490764757735136,-323.3104248046875,0.6275557279586792,0.5878628404883028,0.13238774235753217,0.4091553243968179,0.17409531765529343,0.014586920784181681,0.2204730944705152,0.22462193795945024,0.0,0.0001987841969821602,5.0637618637371294e-05,7.219728286145255e-05,7.732471567578614e-05,16.278392791748047,95.93426513671875,0.5953835248947144,201.172607421875,176.42059326171875,77.58291625976562,0.8051947951316833
Model6Closed_Snow_aSrz_SIMHYD_Simple,8029500,30.81889,-93.78556,0.6171157658100128,0.48856798816256986,0.6370462150241634,-79.83554356784296,-32.43933238606871,-35.755409240722656,0.592563271522522,0.6220190847040488,0.1320084452208077,0.37599002906472095,0.08964896014420237,0.018457148966038533,0.26788389812362967,0.2719527101865542,0.0,0.00020022073294967413,4.904683217264705e-05,7.218198152258992e-05,7.733142410870641e-05,64.69027709960938,108.83817291259766,0.5930259823799133,487.3079528808594,319.8833923339844,159.99700927734375,0.8499360680580139
Model6Closed_Snow_aSrz_SIMHYD_Simple,8050800,33.55455,-96.94723,0.38398265838623047,-0.9340272802422591,0.5381092622475984,,-28.17824908569123,,0.40565967559814453,0.6543140679031947,0.16500820153278503,0.34046246058052826,0.17834642510971072,0.002638430936449288,0.15947720943363541,0.1627553627765529,0.0,0.0002059150137938559,7.57796703913696e-05,7.255315722431988e-05,7.728834316367283e-05,110.3468017578125,54.50754928588867,0.6650651693344116,238.59425354003906,182.39288330078125,73.92628479003906,1.1143683195114136
Model6Closed_Snow_aSrz_SIMHYD_Simple,8066200,30.71631,-94.95882,0.5177677869796753,0.24586739246622724,0.6740793908166037,83.7147660804244,-7.209701987201224,-1214.1004638671875,0.4866291880607605,0.6141488404149125,0.13047878739883204,0.3819587610624717,0.1853866579592936,0.008069440702397311,0.18850264745650305,0.1939426873321399,0.0,0.00020081971888430417,5.3880612493851325e-05,7.223706052172929e-05,7.732328958809376e-05,28.47193717956543,140.44142150878906,0.6360483765602112,256.0676574707031,164.2188720703125,75.0477066040039,1.0187830924987793
Model6Closed_Snow_aSrz_SIMHYD_Simple,8066300,30.48139,-94.77972,0.39872896671295166,0.31042023091821624,0.6078096549110482,-160.5324845051664,-13.952801283275047,-163.26512145996094,0.30263757705688477,0.6581835498068485,0.1507525419895102,0.3384366614507441,0.08001895196320756,0.013747978970152874,0.2446697177328883,0.24913810909654233,0.0,0.000199558911845088,5.08936333494346e-05,7.218111568363383e-05,7.737374835414812e-05,58.027523040771484,114.46368408203125,0.6338009238243103,403.357177734375,258.02166748046875,118.11852264404297,1.053987979888916
Model6Closed_Snow_aSrz_SIMHYD_Simple,8070000,30.3366,-95.1041,0.5855015814304352,0.2739842166048345,0.6482027193385518,-162.72486783417293,-35.25666293112371,-361.66314697265625,0.5595802068710327,0.6629971542027129,0.15780281357883197,0.3334103883071945,0.11072576558729855,0.010139169792505169,0.21254544747244725,0.2170394232198306,0.0,0.00020022899843752384,5.602739632007015e-05,7.220020779641345e-05,7.738190470263362e-05,29.15914535522461,99.93201446533203,0.6542671322822571,262.8747863769531,200.03280639648438,80.01463317871094,1.0094950199127197
Model6Closed_Snow_aSrz_SIMHYD_Simple,8070200,30.14549,-95.12438,0.5732073187828064,0.37725828333971956,0.6489933012777421,-101.89747742090435,-37.42271807842068,-275.1175842285156,0.5259051024913788,0.6812497627703493,0.1709262677922238,0.31501726538911823,0.09587789759073263,0.009031065530839854,0.21010827530963092,0.21455379875531455,0.0,0.00020046289137098938,5.5441310693819705e-05,7.248888141475618e-05,7.73895881138742e-05,30.541425704956055,102.92098999023438,0.666709303855896,284.1314392089844,213.70909118652344,83.93570709228516,1.0949372053146362
Model6Closed_Snow_aSrz_SIMHYD_Simple,8079600,33.03843,-101.19763,-0.11189615726470947,-1.1880493594265227,0.1423515306180306,,-76.54863077268683,,-0.10292863845825195,0.9455394451668027,0.349783981574837,0.061846870783872694,0.010889449456257309,1.8639794665502153e-05,0.050936905195106866,0.05276719019119049,0.0,0.0002153520763386041,0.00015000451709912564,7.248695328598842e-05,7.745380571577698e-05,59.36077117919922,14.777786254882812,0.9185591340065002,711.873046875,241.732177734375,53.82947540283203,2.609081506729126
Model6Closed_Snow_aSrz_SIMHYD_Simple,8082700,33.32927,-99.46508,0.25651246309280396,-1.1584599782249505,0.30835757000950414,,-83.27819442498439,,0.25651246309280396,0.8997929852248376,0.2434168503945643,0.09952670854483019,0.015092365638538146,6.210288213040161e-05,0.08437079571335357,0.08721412096980416,0.0,0.0002168273349525407,0.00012127874727726097,7.256917888298631e-05,7.728844502707943e-05,85.22700500488281,28.78648567199707,0.8772083520889282,527.3798217773438,188.3585205078125,60.21429443359375,1.99858820438385
Model6Closed_Snow_aSrz_SIMHYD_Simple,8086212,32.7329,-99.14063,0.4350922107696533,-1.0864365596006778,0.5037827244664321,,-34.67887907142766,,0.5325107574462891,0.8864495481539928,0.26665228904090904,0.11278655424717343,0.027714877001994546,0.00011027577861563438,0.08496020532443171,0.08708690114870524,0.0,0.000214711093576625,0.00011595493333246381,7.269639172591269e-05,7.72882194723934e-05,46.00959014892578,22.299894332885742,0.8705497980117798,321.600341796875,170.97145080566406,41.020538330078125,1.7090365886688232
Model6Closed_Snow_aSrz_SIMHYD_Simple,8086290,32.64846,-99.00451,0.637557327747345,-0.45017736914981854,0.6712515358729754,,-39.84045190721839,,0.6484400033950806,0.8875093216361079,0.2506356643590241,0.11186782513907703,0.022440740995092447,8.509013779916501e-05,0.08934081093978931,0.09146685620773862,0.0,0.0002155303955078125,0.00011006492963842929,7.270308560691774e-05,7.7284115832299e-05,92.33668518066406,26.056306838989258,0.8695217967033386,597.5980834960938,262.8003234863281,71.35782623291016,1.7712270021438599
Model6Closed_Snow_aSrz_SIMHYD_Simple,8101000,31.28489,-97.88502,0.599173367023468,0.4407677983710704,0.6444203309249198,63.3644040149365,-56.0467939714859,-9487.3896484375,0.5846147537231445,0.8376871698719601,0.24135293369797675,0.16019572498880205,0.04105885887885604,9.63161969119182e-05,0.1190398193693862,0.1216705735424102,0.0,0.0002114023664034903,8.964956284926528e-05,7.26153957657516e-05,7.728654600214213e-05,67.25531768798828,39.944091796875,0.822489857673645,485.0904235839844,229.6039581298828,75.49555206298828,1.3778069019317627
Model6Closed_Snow_aSrz_SIMHYD_Simple,8103900,30.91157,-98.03697,0.3909890055656433,0.45420851007083984,0.4029352863532296,,-72.52026385849298,,0.35675346851348877,0.8064469294004399,0.20934170733874152,0.18876091420803504,0.048126284212804904,0.00010956383214895903,0.14052445791016543,0.14280406141652835,0.0,0.00021080279839225113,8.655027176413682e-05,7.28063823771663e-05,7.727553020231426e-05,97.3833236694336,36.179439544677734,0.8006448745727539,516.0392456054688,256.4330139160156,88.41727447509766,1.360047459602356
Model6Closed_Snow_aSrz_SIMHYD_Simple,8104900,30.62575,-97.69112,0.31950002908706665,0.3416884835525742,0.32099912056126767,76.775429732337,-71.76083227376263,-2832.063720703125,0.29391056299209595,0.7946884069950294,0.2206716480174242,0.20032714819692618,0.059335884819157574,0.00010948761212499402,0.14088146134806204,0.1439317245870572,0.0,0.000209438381716609,8.294313398586389e-05,7.243617437779903e-05,7.729330536676571e-05,68.07536315917969,48.41502380371094,0.7912328839302063,313.2646179199219,193.54251098632812,61.772666931152344,1.330030083656311
Model6Closed_Snow_aSrz_SIMHYD_Simple,8109700,30.33938,-96.9047,0.6068972647190094,0.2595315250535627,0.6460518977655836,81.73350812982959,-50.94210276186623,-150.50645446777344,0.5925345420837402,0.8294016774897877,0.22402821612496768,0.16938396680157805,0.024291988805736915,0.0005514792986493686,0.1445400699100252,0.14640536858542663,0.0,0.00021050110808573663,8.220641214060577e-05,7.281504076672718e-05,7.729646313237026e-05,72.49002075195312,35.291534423828125,0.8098037838935852,615.08740234375,313.2056579589844,109.86659240722656,1.2855031490325928
Model6Closed_Snow_aSrz_SIMHYD_Simple,8150800,30.64352,-99.09588,0.16223359107971191,-0.794223578723362,0.2505817885651103,77.53442157690003,-64.33636327366666,-1050.1492919921875,0.16468489170074463,0.8623753684411695,0.22300200918457871,0.13547491875929668,0.025381399705778393,0.00023235308993462456,0.10986113618995755,0.11258705686381155,0.0,0.00021171834669075906,0.00010018048931931756,7.234999065985903e-05,7.734417158644646e-05,97.73851013183594,39.02875518798828,0.849765419960022,682.6236572265625,260.48583984375,84.91824340820312,1.5912840366363525
Model6Closed_Snow_aSrz_SIMHYD_Simple,8155200,30.29632,-97.92557,0.4055013656616211,0.5844769276824495,0.4946779272917376,69.69341341478875,-41.93773127690902,-8144.7041015625,0.3475825786590576,0.758984547436446,0.20691646730485028,0.232140664673613,0.0629077041464059,0.0003159383816309443,0.16891678441150537,0.17253623864371495,0.0,0.00020881847012788057,8.266895669176189e-05,7.221682608360425e-05,7.73059218772687e-05,125.10291290283203,58.40980529785156,0.7600488662719727,344.0520324707031,223.84518432617188,76.83210754394531,1.3482152223587036
Model6Closed_Snow_aSrz_SIMHYD_Simple,8158700,30.08299,-98.00779,0.19958186149597168,0.3656006260101029,0.5706775717999917,55.04269744818823,-11.129086410076576,-95476.9765625,0.08987939357757568,0.75265004370448,0.1910043896435815,0.23784624295106016,0.06510568412339392,0.0003999208519817059,0.17234046380261636,0.1759480081369946,0.0,0.00020835107716266066,8.071487125869075e-05,7.235608791233972e-05,7.730518700554967e-05,143.83453369140625,61.243621826171875,0.7593261003494263,377.53057861328125,252.22964477539062,83.8996353149414,1.3165522813796997
Model6Closed_Snow_aSrz_SIMHYD_Simple,8158810,30.15549,-97.94001,0.38838356733322144,0.6399411080315758,0.45075506855334946,23.824793834074516,-43.9438079711114,-42953.48046875,0.3256163001060486,0.7564580047196996,0.18325923628282245,0.232596698325194,0.0798326515793722,0.0005940467986937112,0.15216975761752105,0.15709976401502268,0.0,0.00020853370369877666,8.247860284644763e-05,7.224793080240488e-05,7.731933146715164e-05,147.33377075195312,79.94424438476562,0.7645015716552734,441.12054443359375,259.1471252441406,86.72859191894531,1.3460084199905396
Model6Closed_Snow_aSrz_SIMHYD_Simple,8164000,28.95998,-96.68637,0.6853638887405396,0.5847525754089522,0.7266684723897109,3.377040625943332,-32.4865214921207,-271.4074401855469,0.6569296717643738,0.7148503631520213,0.23720380673624336,0.2777652620128434,0.14738307787437274,0.0008044258632812361,0.12957740374322366,0.13418066699515788,0.0,0.00020819477504119277,7.026663478411318e-05,7.244906009873375e-05,7.733399252174422e-05,53.94305419921875,79.71086120605469,0.7538291811943054,130.89002990722656,126.64117431640625,31.987224578857422,1.6174240112304688
Model6Closed_Snow_aSrz_SIMHYD_Simple,8164300,29.46691,-96.81276,0.7069345712661743,0.311739334077905,0.7232505264935399,72.50220205459644,-27.050283881308168,-755.6629638671875,0.6994927227497101,0.7461327060628724,0.22364047704880727,0.24616847111370785,0.10803093930101164,0.0007691527138789603,0.1373679897730945,0.14267004778274092,0.0,0.0002087438479065895,7.413534787466185e-05,7.266017200890929e-05,7.729115895926952e-05,50.456546783447266,94.0728759765625,0.766038715839386,245.39601135253906,186.45660400390625,52.8164176940918,1.6557399034500122
Model6Closed_Snow_aSrz_SIMHYD_Simple,8164600,28.89138,-96.81915,0.6841201484203339,0.24277592568462347,0.7237557700481322,50.79545973796061,-26.079825671313262,-7954.10107421875,0.6700996160507202,0.6552402908094704,0.20466538397875836,0.3359375249367206,0.20101333712713476,0.002420837017911918,0.13250310298301315,0.13823746574977053,0.0,0.00020745504298247397,6.634168899741089e-05,7.238847319968045e-05,7.732065569143742e-05,69.79540252685547,104.49209594726562,0.7207614183425903,117.2887191772461,110.51549530029297,32.83077621459961,1.2175147533416748
Model6Closed_Snow_aSrz_SIMHYD_Simple,8165300,30.0641,-99.38699,-0.04472911357879639,-0.044783613803252464,0.16271511728452728,-4.201097576706472,-63.060527424396525,-118.4281234741211,-0.024876952171325684,0.8360106431408152,0.18770147461027045,0.16457207189693054,0.037342956525387785,0.0002594525574223903,0.12696964770516997,0.12959714069274378,0.0,0.000210803555091843,9.580321436056609e-05,7.268488116096705e-05,7.731931691523641e-05,107.52677917480469,42.751190185546875,0.8198623657226562,586.9447631835938,266.66217041015625,84.68407440185547,1.5009686946868896
Model6Closed_Snow_aSrz_SIMHYD_Simple,8171300,29.97938,-97.91,0.6283273100852966,0.7137530009032673,0.6387236878618175,64.41198200360435,-36.19805268565616,-307.88067626953125,0.6006464660167694,0.794118975688666,0.21090112786653722,0.19706053403844506,0.05809696043889714,0.00018046682665483313,0.13878305315192652,0.14247710567003952,0.0,0.00020892771135549992,8.121432445871319e-05,7.233410724438727e-05,7.730157085461542e-05,152.73812866210938,72.15901947021484,0.8111538887023926,580.4630126953125,280.0429992675781,92.45915985107422,1.8259141445159912
Model6Closed_Snow_aSrz_SIMHYD_Simple,8175000,29.21525,-97.44943,0.6445344686508179,0.2525826074809293,0.7126294836173289,60.95376433411271,-58.77622305518289,-3193.801025390625,0.6327046453952789,0.8287644721445188,0.22590153678484048,0.16376545792868183,0.04047909371807828,0.0004323059950198662,0.12285301513610135,0.12586078680592708,0.0,0.0002147153572877869,8.999881944735498e-05,7.243112486321479e-05,7.731930236332119e-05,91.46322631835938,42.56601333618164,0.8317805528640747,486.19775390625,276.4003601074219,78.80322265625,1.4254364967346191
Model6Closed_Snow_aSrz_SIMHYD_Simple,8176900,28.86165,-97.22638,0.3611981272697449,0.016289326615317123,0.38095656015744483,36.21198042128564,-61.76157378751039,-1899.7703857421875,0.34750449657440186,0.8036846618208358,0.23330975261980463,0.1865068420860205,0.07341692472084276,0.000670878633834231,0.1124184878772598,0.11779008761540005,0.0,0.0002117845870088786,8.196682829867567e-05,7.250496128108352e-05,7.736880797892809e-05,92.0496826171875,78.3064956665039,0.8147172927856445,311.9659118652344,228.26113891601562,57.280948638916016,1.5571224689483643
Model6Closed_Snow_aSrz_SIMHYD_Simple,8178880,29.72384,-99.07004,0.47924691438674927,0.38215505811045936,0.5828903156751385,84.77828439296762,-55.072616478256116,-22.820480346679688,0.4730161428451538,0.7707353353012628,0.18721310317172102,0.22613677954370295,0.08155499041459713,0.000394799216889413,0.14418699248308608,0.14813635527293922,0.0,0.00020892840984743088,8.340211338506756e-05,7.258543337229639e-05,7.731467485427856e-05,116.30097961425781,65.1043930053711,0.7712926864624023,454.70916748046875,292.4257507324219,87.35964965820312,1.3662153482437134
Model6Closed_Snow_aSrz_SIMHYD_Simple,8189500,28.29195,-97.27916,0.7190225720405579,0.09809154564222111,0.7547746765403381,70.93144629973848,-18.419821437403744,-1429.350830078125,0.7150425314903259,0.8156371122165581,0.2513278747916286,0.17181002030727124,0.058114621308627254,0.0005784789829666254,0.1131162402433059,0.1185787330286876,0.0,0.0002120661665685475,8.725719732659431e-05,7.246958557516336e-05,7.735384861007333e-05,132.10940551757812,78.21952056884766,0.834330141544342,364.39410400390625,201.5010986328125,55.06901931762695,1.994992733001709
Model6Closed_Snow_aSrz_SIMHYD_Simple,8190000,29.42857,-99.99729,0.41501593589782715,0.3619778751096153,0.4662021060373047,-38.66183738389268,-74.19765199782884,-5.9454345703125,0.38803887367248535,0.8770603010013545,0.22319866998311944,0.12467184124504722,0.026214803488928316,0.00012893719615784157,0.0983280617726031,0.1002947302977077,0.0,0.0002139559801435098,0.00011248070729854259,7.267665932886302e-05,7.735847611911595e-05,68.33426666259766,26.342256546020508,0.8682191371917725,672.0265502929688,267.63775634765625,77.15704345703125,1.7726749181747437
Model6Closed_Snow_aSrz_SIMHYD_Simple,8190500,29.47273,-100.23646,0.19738620519638062,-1.709703624534622,0.22129064443379937,46.96112544384354,-76.70905724808667,-414498.84375,0.20525223016738892,0.8956532048042912,0.23483927391456447,0.10367823687176896,0.01763509943347456,4.554026430920094e-05,0.08599731070470712,0.08783681783729157,0.0,0.000215108972042799,0.0001172764063039013,7.245372398756444e-05,7.74209838709794e-05,90.64299011230469,21.593994140625,0.8841808438301086,891.4102783203125,282.5964050292969,91.6943359375,2.302516222000122
Model6Closed_Snow_aSrz_SIMHYD_Simple,8194200,27.96501,-98.96697,0.16005080938339233,0.08346681506473663,0.1770804798230191,,-93.66468558332275,,0.14391618967056274,0.9302055159265505,0.28124797419629755,0.06399174664956216,0.010946990899928778,9.48615307433421e-06,0.05303212945370932,0.05523578223882028,0.0,0.0002240706089651212,0.00015420145990914158,7.246300810948014e-05,7.73207430029288e-05,156.9410400390625,17.867895126342773,0.9223412871360779,1048.1097412109375,268.2694396972656,77.99028778076172,2.590341329574585
Model6Closed_Snow_aSrz_SIMHYD_Simple,8195000,29.48857,-99.70478,0.5132740139961243,0.5205251673020909,0.5272909351050683,46.75477497385799,-56.30293246546737,-10.19387149810791,0.49799662828445435,0.8433760967475747,0.19516123645433758,0.15917757067204732,0.03908484148428609,0.00021260134029431853,0.11988007969977363,0.12185206666302816,0.0,0.00021231785649433732,9.703500355518908e-05,7.280467980308458e-05,7.732253288850188e-05,93.39527130126953,34.219696044921875,0.8314849734306335,673.0790405273438,288.4573059082031,100.2259292602539,1.5315053462982178
Model6Closed_Snow_aSrz_SIMHYD_Simple,8196000,29.50468,-99.78145,0.3833649754524231,0.3349945293259361,0.38844783336355354,52.544237814478464,-62.914950317545745,-74.71883392333984,0.3706379532814026,0.8272118323732174,0.16097669737611262,0.17433093683939552,0.044281809260040154,0.000346206987568256,0.1297028547948628,0.13204720274652734,0.0,0.00021325504349078983,0.00010321791405251976,7.242170249810442e-05,7.73415740695782e-05,87.83650207519531,33.312049865722656,0.8210415840148926,597.58056640625,267.92120361328125,95.92089080810547,1.6401580572128296
Model6Closed_Snow_aSrz_SIMHYD_Simple,8198500,29.31431,-99.48047,0.5554675459861755,-0.35617202149296356,0.5929436873339834,81.56200053268518,-53.364990472741724,-19377.970703125,0.559479683637619,0.8527218352151424,0.22467375579580398,0.14839804703172552,0.04200747446625023,8.59283925100117e-05,0.10630440592729994,0.10842277667249889,0.0,0.00021356312208808959,9.553588888444488e-05,7.277377881109715e-05,7.730013749096543e-05,103.86450958251953,35.064048767089844,0.845905065536499,687.8101196289062,313.92596435546875,94.70894622802734,1.5156214237213135
Model6Closed_Snow_aSrz_SIMHYD_Simple,8200000,29.56967,-99.24671,0.4697868227958679,0.4091983192248705,0.5307721283233129,76.50500010553199,-58.61653525272626,-2010.552001953125,0.4610658884048462,0.7668939042518423,0.183755060461978,0.22996931582436916,0.08822525051922449,0.000374164739731223,0.14136978366817896,0.1455862038569623,0.0,0.00020993934595026076,8.623459836108698e-05,7.271174399647862e-05,7.73044303059578e-05,106.0279312133789,63.219417572021484,0.7761974930763245,423.3144226074219,271.4450988769531,83.95173645019531,1.4183858633041382
Model6Closed_Snow_aSrz_SIMHYD_Simple,8202700,29.37079,-99.28782,0.44861751794815063,-2.642885062647353,0.47059444605686995,,-46.46645650029304,,0.44861751794815063,0.8566625317230699,0.2312058784901768,0.14233153300317694,0.037095995200078224,0.00012480443815003435,0.10511044996750203,0.10763599299040782,0.0,0.00021326725254766643,9.55874203591719e-05,7.252887735376135e-05,7.734293467365205e-05,119.65602111816406,40.08842468261719,0.8498809933662415,727.6049194335938,328.80548095703125,96.23613739013672,1.5400289297103882
Model6Closed_Snow_aSrz_SIMHYD_Simple,8267500,36.54169,-105.5564,0.6418811976909637,0.7632157101317154,0.6462601471305464,38.544990350767854,-29.282842227648892,-19.027694702148438,0.468000590801239,0.5131265189894525,0.0878942623402686,0.48361794050609047,0.17878195336740665,0.004727140406860609,0.3001088148292164,0.30507785143514654,0.0,0.00016086685354821384,0.00010237678069628417,7.245555752888322e-05,7.762465975247324e-05,13.010063171386719,86.85220336914062,0.6413137316703796,56.13277816772461,36.494415283203125,15.308364868164062,2.119124174118042
Model6Closed_Snow_aSrz_SIMHYD_Simple,8269000,36.43947,-105.50362,0.5730753839015961,0.5737742158559456,0.6609714973089301,-33.76834550077551,-50.03595026271924,-69.2070083618164,0.4522397518157959,0.6819694489640853,0.14677296625928046,0.31476270624049,0.12066810583723823,0.0032919835599386576,0.19080257630922548,0.1965919961501124,0.0,0.00016629608580842614,0.00011390026476999589,7.25948775652796e-05,7.75629305280745e-05,22.642492294311523,54.282135009765625,0.7457399368286133,170.1013641357422,81.69912719726562,29.636707305908203,2.454509973526001
Model6Closed_Snow_aSrz_SIMHYD_Simple,8271000,36.50836,-105.53084,0.739263653755188,0.8012691226739435,0.7492887720927134,-242.30481227890843,-20.764415970523817,-7.7345380783081055,0.557170033454895,0.46206471675303334,0.080838415676246,0.533538178681392,0.21634210394941952,0.005625783475551234,0.3115703140952009,0.31788877140464483,0.0,0.0001559270458528772,9.836310336709037e-05,7.253029616549611e-05,7.774152618367225e-05,11.78089714050293,71.45706939697266,0.6119731664657593,56.61688995361328,35.445526123046875,14.892766952514648,2.3773505687713623
Model6Closed_Snow_aSrz_SIMHYD_Simple,8324000,35.66169,-106.74337,-0.2925034761428833,-0.3176914133044164,0.5774630331305887,-10.391426130619758,-23.912234530865714,-412.0406799316406,-0.03213691711425781,0.8048397024800406,0.25095288622964507,0.1905305152272284,0.022451804364151656,0.003749759298983251,0.16432893132965223,0.1695447346264677,0.0,0.00018093241669703275,0.00012825224275388273,7.227239257190377e-05,7.749316864646971e-05,43.16960144042969,52.33744430541992,0.8159816861152649,301.8371276855469,118.5738754272461,42.98159408569336,1.9999802112579346
Model6Closed_Snow_aSrz_SIMHYD_Simple,8377900,35.77725,-105.65807,0.7629170119762421,0.6154678270513481,0.8142174692459886,18.251524548618836,-32.67789460765902,-86.7555160522461,0.7249062955379486,0.5820724811418689,0.1152234169109959,0.41360802030168525,0.1365455955529713,0.01240418014588006,0.2646582591999952,0.2709447077279287,0.0,0.00016086858522612602,8.431811322927242e-05,7.238496618811041e-05,7.782338798278943e-05,82.86835479736328,107.98179626464844,0.6323282718658447,323.7391662597656,140.48175048828125,63.08111572265625,1.4979047775268555
Model6Closed_Snow_aSrz_SIMHYD_Simple,8378500,35.70837,-105.68252,0.643537312746048,0.5851114031059443,0.7668767995450027,-71.78540429451164,1.7217546116272495,-55.20780563354492,0.5182364881038666,0.5989213744120228,0.13875054003642814,0.39498357252701455,0.13856422869107687,0.011655873588008873,0.24476343128536396,0.25206274846809584,0.0,0.00016300669813062996,8.943222901358912e-05,7.250642374856398e-05,7.78545654611662e-05,63.475589752197266,87.60743713378906,0.6546911597251892,264.2019348144531,127.02333068847656,52.61216735839844,1.6027706861495972
Model6Closed_Snow_aSrz_SIMHYD_Simple,8380500,35.65199,-105.3189,0.1761038899421692,0.08685469475537821,0.4419215297147003,-40.46631452806675,-73.6993433434116,-193.7559356689453,0.12190854549407959,0.7073012775247215,0.15676749634210796,0.28450726448305386,0.053252391694494236,0.006652674946715916,0.22460216921404252,0.23296493596856757,0.0,0.00017114840738940984,0.00010348875796646032,7.236364763230085e-05,7.786821515765041e-05,56.49355697631836,87.95741271972656,0.7259077429771423,262.25634765625,106.19493865966797,45.349544525146484,1.747545599937439
Model6Closed_Snow_aSrz_SIMHYD_Simple,9034900,39.76026,-105.9064,0.8871851935982704,0.8708857673405361,0.8901872021150499,-311.76649399907586,-38.465541408098595,-73.18692016601562,0.8067587018013,0.3103643296279334,0.052746957269939075,0.6899893140152934,0.3394691702402265,0.017476401060965624,0.33304363212456806,0.3366181633984207,0.0,0.00013673889043275267,5.323375755532512e-05,7.261535211000592e-05,7.792600081302226e-05,26.212661743164062,71.45997619628906,0.4765212833881378,132.52880859375,75.14579010009766,29.730751037597656,1.1594419479370117
Model6Closed_Snow_aSrz_SIMHYD_Simple,9035800,39.80054,-106.02641,0.7052623927593231,0.40857690244542255,0.8892707755596142,-67.36499667286158,-16.490798120149165,-92.86101531982422,0.5985664129257202,0.42648042776557965,0.05872265404159673,0.5742196151884,0.1952263434893802,0.01972443759616064,0.35926879121028366,0.3614677445664227,0.0,0.0001445798552595079,5.859863925979027e-05,7.276194810401648e-05,7.76859451434575e-05,53.83687210083008,141.56201171875,0.5472022891044617,250.87513732910156,155.01007080078125,64.90502166748047,1.5542550086975098
Model6Closed_Snow_aSrz_SIMHYD_Simple,9035900,39.79582,-106.03057,0.8883305713534355,0.8064875598144765,0.911062719767698,-81.82331201517152,-21.72479023442489,-13.106526374816895,0.8247162699699402,0.43127444584167757,0.06162484318683117,0.5701992712121592,0.20499157854508926,0.020086530411652315,0.3451212045054033,0.3468963423455119,0.0,0.00014589693455491215,6.148249447661244e-05,7.247783651109785e-05,7.776418351568282e-05,47.76127624511719,102.63140869140625,0.5481959581375122,248.192626953125,147.43592834472656,58.98790740966797,1.4387099742889404
Model6Closed_Snow_aSrz_SIMHYD_Simple,9047700,39.59443,-105.97252,0.7567684054374695,0.6761860767274472,0.7920904896934757,30.99439213852205,-59.091171920471616,-19.333189010620117,0.6882357895374298,0.5995906516854408,0.11697608739668863,0.40523809779636755,0.10810085201414184,0.02746643280409012,0.26967082949157367,0.2713061442584009,0.0,0.00015009315393399447,7.416489305575469e-05,7.238150283228606e-05,7.765045302221552e-05,68.50862121582031,102.084228515625,0.6557601690292358,430.22906494140625,189.48056030273438,76.20013427734375,1.9249531030654907
Model6Closed_Snow_aSrz_SIMHYD_Simple,9065500,39.62582,-106.27808,0.9092236533761024,0.856788240844576,0.916673958991688,-142.62811476547972,-43.536978500288505,-7.546107292175293,0.8428144454956055,0.2987621301631489,0.05321530133563243,0.7031926983224949,0.3665979533655755,0.011580091947797652,0.32501454934985613,0.3268212377173916,0.0,0.0001384145871270448,5.480792408412672e-05,7.267118780873716e-05,7.793481927365065e-05,17.255123138427734,46.18552017211914,0.45852747559547424,114.34525299072266,63.22496032714844,24.07628059387207,1.4470129013061523
Model6Closed_Snow_aSrz_SIMHYD_Simple,9066000,39.59638,-106.26503,0.9073210209608078,0.8350669552486853,0.9150708257021221,15.824662210753283,-14.292148877822989,-59.707759857177734,0.8699774742126465,0.37904403924204816,0.0653234006848863,0.6217754515667892,0.3218069875705525,0.018555626626199438,0.28141271436888793,0.28373123882105916,0.0,0.000145492929732427,6.490782879988867e-05,7.259175617946312e-05,7.820653263479471e-05,25.824813842773438,75.66143798828125,0.5304824113845825,166.90061950683594,103.08454132080078,38.26645278930664,1.5300369262695312
Model6Closed_Snow_aSrz_SIMHYD_Simple,9066200,39.64832,-106.32308,0.8692077547311783,0.8740261960168453,0.8711338108964222,1.1704406901708582,-53.95837026787274,-47.76725769042969,0.7764399498701096,0.28417052997170317,0.05059904909870537,0.7180076761269791,0.3784858444970331,0.012787096744004984,0.32673465132830753,0.32792680879223074,0.0,0.00013957658666186035,5.368900161262376e-05,7.267942419275641e-05,7.797837315592915e-05,13.484237670898438,45.19365692138672,0.4480249285697937,96.56151580810547,56.17565155029297,25.28987693786621,1.3982231616973877
Model6Closed_Snow_aSrz_SIMHYD_Simple,9066300,39.64582,-106.38225,0.81038399040699,0.38914048601203677,0.8942821684302256,94.26931462602641,-40.44528921596944,-407.45452880859375,0.7833629697561264,0.4504049068442856,0.07933514689630296,0.5529477051688843,0.22195596126496017,0.04636643871958855,0.28462526479704253,0.28634687637137296,0.0,0.00014340513735078275,5.7768110852185436e-05,7.242524588946253e-05,7.791757525410503e-05,58.039794921875,122.51683044433594,0.5816426277160645,296.6910095214844,171.58450317382812,74.37474060058594,1.4863920211791992
Model6Closed_Snow_aSrz_SIMHYD_Simple,9081600,39.23221,-107.22727,0.9167747423052788,0.8665915852591018,0.9301178468463266,4.5854281037262945,-31.1404045149134,-19.309823989868164,0.8376243263483047,0.31852316185557217,0.06259741287234463,0.6815132184648384,0.3639078820533783,0.018575073969373586,0.2990302751211015,0.30257214951229744,0.0,0.00013632611080538481,5.1720719282159393e-05,7.248049951158464e-05,7.798353908583522e-05,13.232514381408691,74.67912292480469,0.5288185477256775,55.73267364501953,39.30595779418945,18.92648696899414,1.5027620792388916
Model6Closed_Snow_aSrz_SIMHYD_Simple,9107000,38.86027,-106.5667,0.8730185627937317,0.8151163617910343,0.9118337853376092,-70.37053154041747,-4.2618168566802055,-8.042521476745605,0.7896711826324463,0.526190592648185,0.08146013155863431,0.48191823478791196,0.14972967390822536,0.013005902522495809,0.3191825867084051,0.31657409325118113,0.0,0.000148873426951468,7.979322582509667e-05,7.274462404893711e-05,7.762225868646055e-05,38.88167953491211,79.0906982421875,0.6405179500579834,216.1730194091797,135.68814086914062,40.2502326965332,1.685279130935669
Model6Closed_Snow_aSrz_SIMHYD_Simple,9210500,42.09605,-110.41656,0.7035107910633087,0.7366406338001872,0.8177507180910405,-22.074537800384785,-40.79458270467749,-1.9484062194824219,0.4298311471939087,0.6886726642092722,0.1803291550964364,0.3099818069429135,0.1455366394380599,0.006798803978540228,0.15764633499253483,0.16009553837909749,0.0,0.00016355179832316935,0.00011759287144445892,7.234072108985856e-05,7.787840149831027e-05,9.759307861328125,33.287757873535156,0.8087672591209412,306.4552001953125,145.72372436523438,46.9131965637207,1.90175461769104
Model6Closed_Snow_aSrz_SIMHYD_Simple,9223000,42.11049,-110.70962,0.9192046150565147,0.8200032676645197,0.9334218988628635,65.84724184206809,-6.454348427263423,-21.114700317382812,0.8736927807331085,0.5955034742915147,0.13822848469766966,0.40436005070449005,0.19506146401316724,0.010999751975528252,0.19829882189401662,0.20010594891516476,0.0,0.00016286573372781277,9.372797278658417e-05,7.233003270812333e-05,7.78444082243368e-05,17.599468231201172,33.625816345214844,0.7266541123390198,322.21380615234375,184.96896362304688,65.17808532714844,1.5773869752883911
Model6Closed_Snow_aSrz_SIMHYD_Simple,9306242,39.92025,-108.47287,-1.670046091079712,-1.051993482251369,0.11054921017681654,-78.08837197611156,-85.23211213146124,-3895.384765625,-0.5523208379745483,0.9283628087278374,0.40986019567420146,0.07729017964130601,0.004113622044285268,0.00017543989320789998,0.07300083703206439,0.07407780193768193,0.0,0.00017412488523405045,0.00013691406031019238,7.253976946230978e-05,7.76020679040812e-05,30.920289993286133,11.002161026000977,0.8926416039466858,599.9232788085938,148.71380615234375,57.535064697265625,2.904191493988037
Model6Closed_Snow_aSrz_SIMHYD_Simple,9312600,39.87579,-111.03739,0.6606791913509369,0.38617164480678745,0.7250183136050271,93.48464509579401,-33.59170014794069,-253.79281616210938,0.637864887714386,0.7274439403036147,0.20237503927364306,0.2707996908719208,0.08592038776270232,0.006479069891520767,0.17840022971862043,0.18117963075721374,0.0,0.0001668864715611562,0.00010483973531622028,7.228981121443212e-05,7.763635949231684e-05,20.58342742919922,33.799217224121094,0.7791613936424255,374.22564697265625,181.55836486816406,69.39622497558594,2.3704588413238525
Model6Closed_Snow_aSrz_SIMHYD_Simple,9352900,37.4775,-107.54367,0.8595332205295563,0.8273096847221717,0.867622234096252,-1.1226109044175212,-38.71802915520466,-12.040305137634277,0.7209819555282593,0.2722011169574387,0.06049377782301561,0.727528725595029,0.28928578341464734,0.007280051970947891,0.43096282178690376,0.4338634770755683,0.0,0.00014341945643536747,5.922041844027064e-05,7.2325965447817e-05,7.764415931887925e-05,11.7044677734375,71.84806060791016,0.5183354020118713,26.438417434692383,24.375829696655273,9.637677192687988,1.2416467666625977
Model6Closed_Snow_aSrz_SIMHYD_Simple,9378170,37.84666,-109.36956,0.41906893253326416,-0.544158341164682,0.5782040925116311,75.04143108721847,-32.05102535066636,-4444.2744140625,0.44437068700790405,0.7584679366821995,0.19762602480345465,0.24042670389794008,0.07163160305558924,0.0035312306186267004,0.1652638450718562,0.16813452093122527,0.0,0.00016998889623209834,0.00010679826232017053,7.242439460242167e-05,7.778327562846243e-05,75.65724182128906,31.95991325378418,0.7625525593757629,524.6424560546875,251.67501831054688,93.50662994384766,1.7919554710388184
Model6Closed_Snow_aSrz_SIMHYD_Simple,9378630,37.75555,-109.47651,0.057264864444732666,-0.3707444249084473,0.3407910543477184,,-61.00672880585838,,0.03143244981765747,0.7563488771333271,0.19236842193003473,0.24320693600628013,0.10415300199496064,0.0039918411742249525,0.1350620366993657,0.13719892788111543,0.0,0.0001699825079413131,0.00010964536300724938,7.24010169506073e-05,7.755681144772097e-05,56.3484001159668,20.7689208984375,0.7956417798995972,469.9502258300781,240.84678649902344,78.01637268066406,1.8784043788909912
Model6Closed_Snow_aSrz_SIMHYD_Simple,9386900,35.28253,-108.55341,0.15063351392745972,-0.13690222575375843,0.20946215229889073,-15.78677424098449,-90.79324137062538,-610427.875,0.14494848251342773,0.9398811041510899,0.4156321055149727,0.06045357348880207,0.0025078684065287407,9.905281514856613e-05,0.05784617908315046,0.059057079504350934,0.0,0.0001892336003948003,0.00016638246606513006,7.240154081955552e-05,7.739417924312875e-05,44.305782318115234,8.596193313598633,0.9167767763137817,609.4227905273438,135.2688751220703,44.76557159423828,2.475125789642334
Model6Closed_Snow_aSrz_SIMHYD_Simple,9404450,37.33943,-112.60438,-0.4254955053329468,0.2524389239585042,0.4812702411418402,-94.22550614563633,-33.33403379537009,-9.92695140838623,-0.7615281343460083,0.8290628805712646,0.24216970911000812,0.16936637103124963,0.024595305667237683,0.0009800311932685372,0.14379101481552775,0.1467741233735425,0.0,0.00017494612256996334,0.0001332449252793438,7.235471275635064e-05,7.76161759858951e-05,5.854925155639648,26.86917495727539,0.8612858653068542,325.54296875,204.56619262695312,41.84547805786133,2.8599390983581543
Model6Closed_Snow_aSrz_SIMHYD_Simple,9430500,33.06118,-108.53727,0.2264602780342102,0.19716212280864176,0.23731987677319774,-79.53814100387712,-90.04086549547596,-7.407060623168945,0.14123189449310303,0.9433838946157562,0.4661249511010282,0.055225755522730915,0.0002654858705798673,2.206640135453786e-05,0.05493739514250589,0.05652677980991074,0.0,0.00019968737615272403,0.0001628650436123951,7.242339052027091e-05,7.74370928411372e-05,46.36323547363281,11.758949279785156,0.9168823957443237,541.6390991210938,159.58726501464844,43.72878646850586,2.672614336013794
Model6Closed_Snow_aSrz_SIMHYD_Simple,9430600,33.16673,-108.64978,0.26288753747940063,0.22144847099663945,0.27088632540490754,53.42508508567912,-69.95724911573136,-396.6889343261719,0.23148632049560547,0.7184926554170893,0.25079092876438264,0.27320276952484457,0.05117848267914377,0.002250229995660746,0.2197727235993016,0.22818914240268917,0.0,0.00019572816381696612,0.0001295561230944386,7.268874469446018e-05,7.732662925263867e-05,27.500661849975586,71.35517883300781,0.7623865008354187,114.05445861816406,90.75816345214844,24.705129623413086,2.681975841522217
Model6Closed_Snow_aSrz_SIMHYD_Simple,9447800,32.95562,-109.53119,-9.655960083007812,-3.215332995250532,0.09118160626818139,44.30593909455113,-16.43896063162233,-29425.51171875,-3.815992832183838,0.9177067964194574,0.4322735063177594,0.08100367288382876,0.014812806799077984,3.891655610581635e-05,0.06614788182143601,0.06860271641410816,0.0,0.00022053091379348189,0.0002215058737402099,7.266466855071485e-05,7.730702054686844e-05,14.00650405883789,13.8362455368042,0.9280436038970947,316.4409484863281,108.81697845458984,19.876510620117188,3.039334535598755
Model6Closed_Snow_aSrz_SIMHYD_Simple,9480000,31.35538,-110.58953,-0.12470853328704834,-1.3297004247191202,0.050784803041504234,58.84912844704636,-83.74807396811008,-12254.7421875,-0.06566619873046875,0.924749665994242,0.38464365306795567,0.06569834453455523,0.0021306983646989398,2.929140970679109e-05,0.06353520817228604,0.06774444311336299,0.0,0.00021914862736593932,0.00015804153351679014,7.246104360092431e-05,7.739187276456505e-05,86.71453857421875,33.30644989013672,0.9210888147354126,677.0565795898438,253.61329650878906,50.879493713378906,2.455815315246582
Model6Closed_Snow_aSrz_SIMHYD_Simple,9484000,32.31674,-110.81037,0.13784247636795044,0.3232632098264253,0.1844858094584291,,-84.97333396528171,,0.06896817684173584,0.7422344456429812,0.18909112845329618,0.25696489611015283,0.05804504560327616,0.0004966660388550301,0.19841966585709736,0.20185780528493003,0.0,0.0002149425126845017,0.0001535163475562356,7.274976815097034e-05,7.729711069259793e-05,1.8713130950927734,27.466552734375,0.8120759725570679,85.58411407470703,73.41370391845703,15.740686416625977,2.9385416507720947
Model6Closed_Snow_aSrz_SIMHYD_Simple,9484600,32.03591,-110.67758,-1.2496585845947266,-3.1846786042952813,0.10912924337830446,54.02578177729427,-82.5023819925132,-62706.79296875,-0.8745654821395874,0.9451335694984243,0.424487598012688,0.05134464775796589,0.0008316943278481591,7.435223961673607e-06,0.0505019250161248,0.05299735978062422,0.0,0.00022017436276655644,0.00018641800519609856,7.268693298101425e-05,7.736169209238142e-05,45.801963806152344,16.8687744140625,0.9363378882408142,650.1785278320312,207.92984008789062,39.54631423950195,2.9316256046295166
Model6Closed_Snow_aSrz_SIMHYD_Simple,9492400,33.82227,-109.81454,-0.14805519580841064,0.478221135558882,0.24478364678560943,-96.39120133716307,-52.477712600299476,-31.24782943725586,-1.1017823219299316,0.6760991619035971,0.12252681447194727,0.3174977673028304,0.08046348428173736,0.012647083054257284,0.22438718415311823,0.23253702154415606,0.0,0.00017828590353019536,0.00010656353189917141,7.24092242307961e-05,7.752454257570207e-05,32.288875579833984,79.62422180175781,0.745400607585907,222.43666076660156,149.36582946777344,44.15412902832031,1.8765145540237427
Model6Closed_Snow_aSrz_SIMHYD_Simple,9494000,33.73644,-110.16677,0.2584078907966614,0.45956133043117353,0.30756664427736735,40.32582670858788,-67.1059059641578,-45.67337417602539,-0.1528257131576538,0.8488905993325598,0.3098070562997626,0.14667184205604533,0.012424299982784194,0.0010312401582904186,0.13321627943401743,0.13886962865186026,0.0,0.00018570359679870307,0.00011475984800596931,7.232207281049341e-05,7.76298256823793e-05,37.81068420410156,55.2907600402832,0.8490593433380127,365.66131591796875,205.90509033203125,47.78798294067383,1.814947485923767
Model6Closed_Snow_aSrz_SIMHYD_Simple,9497800,33.84311,-110.55761,0.2730786204338074,0.20132443061080163,0.6321334075608074,-64.13444485066955,19.558499139629866,-61.304141998291016,0.26001399755477905,0.8774022171093914,0.293847537048079,0.11846597383298942,0.014551717853943002,0.00022843282996750196,0.1036853121965991,0.1061773203632538,0.0,0.00020024264813400805,0.0001402892133712191,7.242555147968233e-05,7.734537939541042e-05,63.04264831542969,34.50258255004883,0.8912932276725769,586.8580932617188,232.81539916992188,53.073970794677734,2.702397346496582
Model6Closed_Snow_aSrz_SIMHYD_Simple,9497980,33.82783,-110.85623,0.36323994398117065,-0.7437356259254062,0.6323341560239216,-128.74515755540193,-6.552622677674354,-824.2199096679688,0.36525630950927734,0.7992823713681205,0.20854243131922967,0.19263514830443798,0.03912557282897379,0.0017009826289943923,0.15180804373401716,0.1560336811108215,0.0,0.00020342426432762295,0.00013400482275984684,7.229592301882803e-05,7.735764665994793e-05,73.3212890625,45.04490280151367,0.8559357523918152,428.6994934082031,241.7228546142578,53.164615631103516,2.153348684310913
Model6Closed_Snow_aSrz_SIMHYD_Simple,9505200,34.67474,-111.67209,0.1934758424758911,0.31679056339506084,0.5221361095894791,-679.2327437876053,-2.345731584582926,-1454.4466552734375,0.15670716762542725,0.785438576243482,0.2992799825002969,0.21545556039421748,0.07778505767140774,0.0006083813984023301,0.13706034624093003,0.13868400063253017,0.0,0.0001982387329917401,0.00012438317140596689,7.280856516445056e-05,7.729395292699337e-05,21.168621063232422,25.192760467529297,0.8235254883766174,341.220703125,236.10723876953125,52.07056427001953,2.113104820251465
Model6Closed_Snow_aSrz_SIMHYD_Simple,9505350,34.72863,-111.77571,0.16745519638061523,0.26737894192104517,0.48860639497111696,,-11.95141142259815,,0.16745519638061523,0.7974232126904042,0.3092503054074707,0.203678371600383,0.08029100199968323,0.0005270876783442656,0.12285808039023251,0.12470894775701959,0.0,0.00020436935301404446,0.00013716580471343287,7.233926589833573e-05,7.732008816674352e-05,18.028087615966797,26.231037139892578,0.8404468297958374,347.997802734375,228.18942260742188,47.23821258544922,2.0688974857330322
Model6Closed_Snow_aSrz_SIMHYD_Simple,9505800,34.53864,-111.69404,-0.06115567684173584,-0.33631460789696277,0.5149486934009433,-698.2949401369565,-10.549478830543524,-925.716796875,-0.08303201198577881,0.7595765773822973,0.28081302005166586,0.23847644672712642,0.075531274495211,0.0015887619252273298,0.16135608121709985,0.1649081600437884,0.0,0.00019154678739141673,0.00011320770562668,7.22623590263538e-05,7.740019646007568e-05,28.455978393554688,45.16297912597656,0.8009505867958069,303.56396484375,225.15902709960938,52.533912658691406,1.840428113937378
Model6Closed_Snow_aSrz_SIMHYD_Simple,9508300,34.16087,-111.69292,0.7378247976303101,0.47652679332136794,0.7451732846902496,-684.8203981963387,-32.42977512641921,-4488100.5,0.7325310409069061,0.6628415779348178,0.17754838187394045,0.33611211642126515,0.1436415931732033,0.0010442545135780363,0.1914246938036915,0.1957699829203096,0.0,0.00021504978940356523,0.00015321384035787188,7.226801244542003e-05,7.73071515141055e-05,5.2635393142700195,37.815147399902344,0.8294007182121277,89.62440490722656,83.51583099365234,14.70788288116455,2.513542890548706
Model6Closed_Snow_aSrz_SIMHYD_Simple,9510200,33.69421,-111.5418,0.712160587310791,0.2737439118781472,0.721465630888292,37.20121486453367,-37.55598027450531,-1845451.5,0.7066251635551453,0.8246167045539374,0.21910887877879937,0.1737778053027181,0.04835087046984647,0.0004799374362314028,0.12494460925322025,0.12707425564210148,0.0,0.00022038562747184187,0.00021073582708440493,7.240561535581946e-05,7.730255310889333e-05,29.182003021240234,17.483736038208008,0.894319474697113,306.2876892089844,196.51480102539062,28.202173233032227,2.7708609104156494
Model6Closed_Snow_aSrz_SIMHYD_Simple,9512280,33.88726,-111.95404,0.3294907808303833,-0.6904610295516738,0.4298432571625037,,-28.65143359952381,,0.32891255617141724,0.8318445524923226,0.20451132875493203,0.17468883020316414,0.07500758199861132,0.000317446221443759,0.09935863944113457,0.10127610665954558,0.0,0.00022573744354303926,0.00022279800085697694,7.25653808331117e-05,7.73028441471979e-05,3.1732523441314697,14.602703094482422,0.9002103209495544,409.4045104980469,222.85618591308594,35.32847213745117,2.9261977672576904
Model6Closed_Snow_aSrz_SIMHYD_Simple,9513780,33.9742,-112.09905,0.3934689164161682,0.14970416305124956,0.44435746278651694,,-18.671616743878005,,0.38725316524505615,0.8009610896818428,0.22400023478407668,0.20533809261699837,0.11579740403998848,0.00018298753779664542,0.08935355622511182,0.09114858378564143,0.0,0.00022662135597784072,0.000225466881959845,7.276586256921291e-05,7.729072240181267e-05,1.2120929956436157,12.59148120880127,0.8961551785469055,267.3277893066406,160.08607482910156,23.98686408996582,2.9846324920654297
Model6Closed_Snow_aSrz_SIMHYD_Simple,10023000,41.60994,-111.25409,-0.4869190454483032,0.17803586682838257,0.5074834295038763,33.31008567269319,40.14126625043852,-74.88320922851562,-1.0655341148376465,0.767932355597326,0.19824361725654377,0.23355448066114376,0.07122920061055057,0.005817656420206777,0.15650761738982782,0.1577297541160014,0.0,0.00016385629714932293,0.0001049058651010691,7.245227607199922e-05,7.768881187075749e-05,53.56407165527344,35.64599609375,0.7987591624259949,721.0092163085938,254.14041137695312,93.18898010253906,1.7044814825057983
Model6Closed_Snow_aSrz_SIMHYD_Simple,10166430,40.40523,-112.1005,0.1563093662261963,0.22108673785257582,0.2837713773726654,85.83910016862508,-64.32529098069357,-1531.649658203125,0.16351830959320068,0.8698922517534742,0.29607899226014994,0.13065457626915342,0.01257068648144256,0.0007910337737279326,0.11729281813516602,0.11978724734403871,0.0,0.00018710257427301258,0.00013686437781717557,7.27060396457091e-05,7.745358743704855e-05,18.31414031982422,23.390769958496094,0.8611270785331726,615.9541015625,202.22080993652344,70.67321014404297,1.9741113185882568
Model6Closed_Snow_aSrz_SIMHYD_Simple,10172700,39.97939,-112.38023,-5.169175148010254,-1.0318976879732946,0.5113009002059289,33.20571905269777,28.117673285517217,-57.562808990478516,-5.72537899017334,0.8092469165635522,0.2382255517612362,0.18890900206135347,0.050402175417334306,0.0012514093554759406,0.13725539557451139,0.13888849842456163,0.0,0.0001716707192827016,0.00012308033476314225,7.246194581966847e-05,7.776083657518029e-05,11.880916595458984,20.754959106445312,0.8396939635276794,388.6154479980469,210.16131591796875,56.491294860839844,2.0901362895965576
Model6Closed_Snow_aSrz_SIMHYD_Simple,10172800,40.49633,-112.5744,0.6342834830284119,0.7079431081086012,0.6914672626841654,-81.14684835943456,-50.922403820649734,-4.489765644073486,0.37737321853637695,0.43428595718868046,0.07600335583577658,0.5660065439372076,0.2866968052351498,0.00631413971811439,0.27299559754786173,0.2744932584579469,0.0,0.00014979775005485862,7.724416581028326e-05,7.246117456816137e-05,7.819695747457445e-05,3.2193851470947266,46.645240783691406,0.5949981808662415,61.31853485107422,55.219173431396484,21.176679611206055,1.773321509361267
Model6Closed_Snow_aSrz_SIMHYD_Simple,10173450,37.62276,-112.51688,0.6473259031772614,0.49550553104802375,0.7800411273604518,72.3108300228855,-52.174822917571014,-61.709381103515625,0.5844602286815643,0.7161557981383397,0.18179925262195562,0.2883884519566917,0.06533425421813661,0.006658766030582741,0.2163954155681143,0.21598133816507903,0.0,0.00016638461966067553,0.00010150104557908153,7.228663889691234e-05,7.75235312175937e-05,29.713468551635742,57.98847961425781,0.7666972875595093,404.6264953613281,259.94488525390625,74.75135040283203,1.8267130851745605
Model6Closed_Snow_aSrz_SIMHYD_Simple,10205030,38.91191,-111.53047,-0.07678914070129395,0.03935115077413853,0.7653700136180461,55.56010733837611,-4.383011494377017,-71.60853576660156,-0.29502248764038086,0.7185945088211745,0.19663892821175316,0.2822056131817069,0.09437127887732512,0.006094751457268534,0.1817395698831027,0.18316185733435267,0.0,0.00016182275430765003,9.71982571219356e-05,7.236925011966377e-05,7.762068707961589e-05,15.121142387390137,54.51634979248047,0.757212221622467,335.5888977050781,142.61196899414062,63.16616439819336,2.464735269546509
Model6Closed_Snow_aSrz_SIMHYD_Simple,10234500,38.28053,-112.56827,0.6407263576984406,0.6315641255830147,0.7746111294489517,-130.13764940259017,-33.58996467736117,-38.35122299194336,0.48424607515335083,0.6429287896169533,0.13614890864772766,0.35643402403555213,0.13773267578882706,0.006865931894295378,0.211835405250517,0.2137708175453562,0.0,0.00016105185204651207,9.171634509574847e-05,7.229317998280749e-05,7.758097490295768e-05,18.89916229248047,44.832950592041016,0.7195073366165161,303.5184631347656,156.54315185546875,59.461448669433594,2.0641250610351562
Model6Closed_Snow_aSrz_SIMHYD_Simple,10242000,37.6722,-113.03467,-0.023968100547790527,-0.2658435281344782,0.274020262783621,-266.17106434449346,-94.47557879667372,-19.47132682800293,-0.3083230257034302,0.9173197315041868,0.39406534195422865,0.08110469170034793,0.010580341188709841,0.00021216967833550198,0.070312092913501,0.07213813580829369,0.0,0.0001806607615435496,0.00015908296836128144,7.245248707477003e-05,7.765335612930357e-05,9.086591720581055,12.620504379272461,0.9076011180877686,485.3164367675781,170.50836181640625,41.60913848876953,3.3381545543670654
Model6Closed_Snow_aSrz_SIMHYD_Simple,10244950,39.20154,-114.68916,0.020452022552490234,0.3557009470847804,0.6624811889194783,-116.45252235062067,7.999092056247405,-11.664464950561523,-0.37469494342803955,0.5823159406248167,0.07808431900040623,0.418085743938548,0.1855252828424142,0.003978475692873626,0.22858195437699722,0.22973122231587545,0.0,0.00015785331197548658,0.00012024541466943098,7.242850551847368e-05,7.787189679220319e-05,7.820433616638184,62.032386779785156,0.7246590852737427,178.1358642578125,103.20672607421875,34.20881271362305,2.609985113143921
Model6Closed_Snow_aSrz_SIMHYD_Simple,10249300,38.88743,-117.24537,-0.11665725708007812,-0.33050234665149114,0.38513711860426075,46.86339520313429,-93.04568690951349,-8.93250560760498,-0.5737571716308594,0.9471640443437079,0.39239095592669476,0.05356474008762796,0.0171487847221463,0.00013168315483020826,0.03628387440473145,0.03682465699674598,0.0,0.00019008257368113846,0.00031091425976390567,7.257488323375583e-05,7.765343616483733e-05,1.6039108037948608,3.4761734008789062,0.9524993896484375,423.29010009765625,72.82194519042969,18.5220947265625,5.207912921905518
Model6Closed_Snow_aSrz_SIMHYD_Simple,10258000,33.80502,-116.55918,0.4313555359840393,0.4746506419717885,0.4382021691842356,,-49.292664384920805,,0.36700439453125,0.7290887449925112,0.04224541267941387,0.2708764634039514,0.03679410159834533,0.0013398066308888245,0.2327420063431289,0.2338931318229075,0.0,0.00021851251949556172,0.00023371638533862288,7.261056452989578e-05,7.736442057648674e-05,17.954139709472656,10.968843460083008,0.8496124148368835,517.19775390625,326.2774963378906,57.026859283447266,3.0633106231689453
Model6Closed_Snow_aSrz_SIMHYD_Simple,10258500,33.74502,-116.53557,-1.3358783721923828,-2.3575423124909753,0.6347496469286401,,32.63575645780581,,-1.3358783721923828,0.8500688754767616,0.11915947791650477,0.14832189495923992,0.03049792408196685,0.0003943596606152571,0.1174216005768935,0.11954487221602736,0.0,0.0002269787510158494,0.00031074052472645174,7.244189328048378e-05,7.742075831629336e-05,3.564525842666626,10.397614479064941,0.9303305745124817,633.3106079101562,340.0972595214844,39.61546325683594,3.818053960800171
Model6Closed_Snow_aSrz_SIMHYD_Simple,10259000,33.76002,-116.55002,0.48886364698410034,0.681476651124174,0.5151938748898779,37.79533991545739,-50.496771438445435,-1.399582862854004,0.4527570605278015,0.7313310229878717,0.036957318370595696,0.2698709739701954,0.052478250622571776,0.0014267126141709946,0.21596586297116468,0.21567585485408966,0.0,0.00021904348977841437,0.0002421218323613448,7.263109728228301e-05,7.734925020486116e-05,16.079315185546875,13.15450668334961,0.85447096824646,531.3954467773438,332.2716064453125,55.83204650878906,2.9888358116149902
Model6Closed_Snow_aSrz_SIMHYD_Simple,10259200,33.63114,-116.39223,0.37015050649642944,-0.020115318772142343,0.41140143620775943,,-59.556863139701015,,0.3613523840904236,0.8790596801000674,0.11000531472136972,0.12064807073950119,0.020048670150963503,0.0002699205130010029,0.10031765407321275,0.10166143477507064,0.0,0.0002297421742696315,0.00039000872603628747,7.267160981427878e-05,7.736662519164383e-05,4.247219085693359,4.706237316131592,0.9448364973068237,757.7905883789062,337.9117126464844,37.16062545776367,4.762943267822266
Model6Closed_Snow_aSrz_SIMHYD_Simple,10263500,34.42083,-117.83951,0.5416525304317474,0.3353063805564691,0.668466518197028,-89.40930536064836,-64.07741058408173,-1.4413886070251465,0.47318851947784424,0.6486639819863415,0.050354439180070903,0.34994094277666093,0.09213369483536421,0.0019591979051502184,0.2558479614211643,0.257661175869115,0.0,0.00021257424668874592,0.00018854157432594417,7.232552889036015e-05,7.738409476587549e-05,1.4605382680892944,24.270248413085938,0.8154637217521667,383.7572937011719,292.8605651855469,51.338645935058594,2.3729984760284424
Model6Closed_Snow_aSrz_SIMHYD_Simple,10310500,39.11324,-119.79824,0.2769213318824768,0.4018169525570442,0.7659442036944186,45.63668165400471,48.13318320930359,-5.502902030944824,-0.030574560165405273,0.6991874700716876,0.13812944466499877,0.3005742727895146,0.038695594055440534,0.014007081462600645,0.2478715598154048,0.24915920078908427,0.0,0.00017898916848935187,0.00011742925722569587,7.2306371293962e-05,7.732784433756024e-05,5.637496471405029,37.627811431884766,0.7846863865852356,349.324462890625,243.787841796875,67.92292022705078,2.670830249786377
Model6Closed_Snow_aSrz_SIMHYD_Simple,10316500,40.69076,-115.477,0.8763296529650688,0.7668965591433748,0.9055613184159065,-55.35412304120908,-42.67127021990835,-40.694984436035156,0.7844821065664291,0.24157218465547234,0.049846895638037805,0.7567835243081275,0.4866991495244336,0.005445400048420245,0.2646389974777484,0.26672338067110396,0.0,0.00013812229735776782,6.266286695621156e-05,7.262263534357771e-05,7.838300371076912e-05,4.950763702392578,38.73683547973633,0.5189654231071472,41.566131591796875,32.6732292175293,12.529969215393066,1.5472995042800903
Model6Closed_Snow_aSrz_SIMHYD_Simple,10329500,41.53462,-117.41791,0.3111228942871094,0.27574703966230085,0.5556462252821233,-22.995000473912526,-64.35862958081917,-432.72674560546875,0.05671340227127075,0.7773928380730513,0.19840839338834715,0.22075518234267846,0.06640283748146841,0.0024625534560170866,0.15188975355472473,0.1537655749497282,0.0,0.00017040738021023571,0.00012189538637425297,7.232282951008528e-05,7.749097130727023e-05,20.713489532470703,21.645381927490234,0.8221158385276794,463.8438720703125,219.55093383789062,70.84527587890625,2.514612913131714
Model6Closed_Snow_aSrz_SIMHYD_Simple,10336645,39.05185,-120.11852,0.8050637096166611,0.8193845929902657,0.807246393579277,-106.1511436950455,-24.057553340310747,-71.53953552246094,0.6937874555587769,0.36865483271999105,0.05387617809594654,0.6327445206314602,0.2601208128851802,0.023160535059325218,0.34946313113086575,0.350338852186551,0.0,0.0001400081382598728,4.017592248476209e-05,7.233228825498372e-05,7.750661461614072e-05,61.96533966064453,23.544879913330078,0.47345438599586487,421.19921875,318.4197692871094,154.20066833496094,0.8525149822235107
Model6Closed_Snow_aSrz_SIMHYD_Simple,10336660,39.10741,-120.16214,0.7934396415948868,0.7717192979775374,0.8031040071924993,15.177369640183612,-38.5414616561668,-51.27696228027344,0.7041216194629669,0.22763559940989397,0.040168151319599874,0.7722199732241504,0.431844997295378,0.011228467574148117,0.32914656439437345,0.3296128151077738,0.0,0.00013555079931393266,3.496913466941158e-05,7.243440632009879e-05,7.775459380354732e-05,9.162946701049805,23.06751251220703,0.40125417709350586,185.31324768066406,155.75167846679688,78.58808135986328,0.7663496136665344
Model6Closed_Snow_aSrz_SIMHYD_Simple,10336740,39.06658,-119.93546,0.28980177640914917,0.29221266723095607,0.5359078405669782,56.902407977786716,-37.632025860461,-106.12335968017578,0.3493735194206238,0.7643122879995637,0.13195226734834248,0.2483575948143734,0.027778990379757992,0.0063080941073239746,0.21427047385196446,0.21291352165698318,0.0,0.00016249447071459144,8.51292868182417e-05,7.230015035020187e-05,7.756938430247828e-05,108.98980712890625,43.54109191894531,0.7807429432868958,1079.0789794921875,464.8233337402344,174.0432586669922,1.5208624601364136
Model6Closed_Snow_aSrz_SIMHYD_Simple,10343500,39.43157,-120.23798,0.7073515057563782,0.6065725083115279,0.7422192767858948,-101.79563833437629,-57.70169101196243,-44.80544662475586,0.6400329768657684,0.5409641920025523,0.06942312689022147,0.4658625459702947,0.11682167228782044,0.01506749869305462,0.3339733771088822,0.33199546075555686,0.0,0.00016159392544068396,6.148964849832857e-05,7.220621046144515e-05,7.76284869061783e-05,95.0457534790039,49.02030944824219,0.6172459721565247,700.6685180664062,459.427001953125,185.2305450439453,1.1004894971847534
Model6Closed_Snow_aSrz_SIMHYD_Simple,10348850,39.35435,-119.85852,0.42549681663513184,0.3645649437208498,0.4933179435630967,50.28679101983994,-82.22694575688769,-2.391420602798462,0.3371511697769165,0.4721879218136329,0.05474653897216811,0.5392513279488041,0.17708223799463763,0.009041673498462958,0.35312742836155897,0.3490389143273003,0.0,0.00015435410023201257,5.998840494426103e-05,7.227601599879563e-05,7.765257032588124e-05,49.079856872558594,119.7477035522461,0.6162512898445129,406.8650207519531,313.66162109375,126.8611831665039,1.1753723621368408
Model6Closed_Snow_aSrz_SIMHYD_Simple,10396000,42.79083,-118.8675,0.7343528270721436,0.8490194056720796,0.7507752803865037,24.437880133157947,-26.302453577772912,-8.727581024169922,0.4943939447402954,0.6683808245623735,0.18595515292703185,0.32912067247944654,0.14526659418167046,0.002850160876723716,0.1810038737744327,0.18360992862282532,0.0,0.00016210749163292348,9.63257624395067e-05,7.242009451147169e-05,7.751443627057597e-05,12.151166915893555,27.30759620666504,0.7482385039329529,274.4413757324219,166.20851135253906,60.83757781982422,2.1755740642547607
Model6Closed_Snow_aSrz_SIMHYD_Simple,11098000,34.22223,-118.17757,0.8230971395969391,0.7055696989203114,0.8684769651755404,91.42984897099282,-30.81528140941609,-19.542253494262695,0.8138679713010788,0.7090100513948415,0.07992735281300993,0.2941252027731596,0.08408292260883517,0.0007030299891050948,0.20933651393403008,0.20751667540130553,0.0,0.0002204419142799452,0.00012355585771407516,7.234692748170346e-05,7.733522215858102e-05,22.673431396484375,18.371416091918945,0.8292655348777771,758.54931640625,605.2767944335938,120.08890533447266,1.8236044645309448
Model6Closed_Snow_aSrz_SIMHYD_Simple,11124500,34.59666,-119.90875,0.7484732866287231,0.48684650864550916,0.7819265422079938,50.01969410074396,-16.860278498147142,-6159.08056640625,0.7254437506198883,0.7661557689672152,0.0874138258890438,0.23739816961492338,0.04569702855144801,0.0004468789272954976,0.1912517471849449,0.1899422829716945,0.0,0.0002175449626520276,0.00010875943642492323,7.238425314426422e-05,7.732780795777217e-05,54.43910217285156,20.1726016998291,0.838280439376831,1128.3310546875,716.3538818359375,171.79263305664062,1.5527632236480713
Model6Closed_Snow_aSrz_SIMHYD_Simple,11141280,35.23553,-120.47239,0.6944155395030975,0.7390551441752335,0.6973779977213301,-6.706806714339611,-52.20350263006444,-4.449316501617432,0.6364831328392029,0.7820882956576924,0.12458821146675786,0.21875736077783886,0.03842531469622725,0.0004090435270985717,0.1799198217713488,0.1802498976665119,0.0,0.00021994982671458274,0.00011706358980569918,7.271213689818978e-05,7.729792559985071e-05,17.14557456970215,21.522384643554688,0.8482847213745117,854.8634643554688,517.1864013671875,124.17596435546875,1.4607484340667725
Model6Closed_Snow_aSrz_SIMHYD_Simple,11143000,36.2458,-121.77329,0.7708911597728729,0.7629467259290346,0.7774815155856047,-155.78641401818632,-34.68426846140332,-3.9354453086853027,0.6744249761104584,0.2938747705955794,0.03218183537995277,0.7067434344119176,0.35554126685491055,0.0020532951960349584,0.3491488047277131,0.3486438097272395,0.0,0.0002028930321102962,6.915503698302409e-05,7.22294716979377e-05,7.734070823062211e-05,1.422671914100647,24.148998260498047,0.5839741230010986,178.14834594726562,163.51429748535156,59.722412109375,0.9105224013328552
Model6Closed_Snow_aSrz_SIMHYD_Simple,11148900,35.78858,-121.09381,0.7583211660385132,0.7397886109111562,0.7656536740233594,,-30.98122443615004,,0.7206136286258698,0.4497150678531651,0.09745316845310661,0.5500576734727217,0.2826566592440538,0.000728969325589655,0.26666958023941173,0.26700859796589366,0.0,0.00021629812545143068,9.263938353293533e-05,7.267415639944375e-05,7.729198114247993e-05,0.18356023728847504,16.46684455871582,0.7027359008789062,188.61546325683594,183.98109436035156,55.95118713378906,1.2044241428375244
Model6Closed_Snow_aSrz_SIMHYD_Simple,11151300,36.26802,-121.0663,0.45064032077789307,-0.4945146035390786,0.6433073858300227,87.2948789488758,-31.117361382348875,-3115.51806640625,0.44762033224105835,0.8830610587120358,0.18710371632293876,0.11637518897513426,0.019601219571242685,2.3697048054281397e-05,0.09674571589207008,0.09844733154216603,0.0,0.00022104835079517215,0.00016657089213035416,7.26894722902216e-05,7.736090628895909e-05,21.769920349121094,20.441242218017578,0.9100908637046814,1190.9619140625,443.7166748046875,101.15472412109375,2.734679698944092
Model6Closed_Snow_aSrz_SIMHYD_Simple,11162500,37.26078,-122.32886,0.8625636100769043,0.7209279762346148,0.8702712453597793,58.478200663026755,-22.77291149169826,-56.480350494384766,0.8407114446163177,0.5661880266512398,0.08581142585868756,0.432932529922394,0.08738492528400808,0.008080368158352664,0.3374652090418962,0.3387960222274076,0.0,0.0002138613781426102,7.658149242316151e-05,7.265703607117757e-05,7.728279888397083e-05,15.97181510925293,60.60444259643555,0.699870228767395,520.501708984375,457.5205078125,150.84426879882812,1.2805569171905518
Model6Closed_Snow_aSrz_SIMHYD_Simple,11176400,37.56132,-121.68384,0.6061971783638,0.30812961502335945,0.6849547327924118,,-15.572074806318735,,0.567474365234375,0.7137248911667957,0.17572360038502055,0.283798591889336,0.11122946466234501,0.00025973476760510254,0.17230648142540542,0.17506033078171895,0.0,0.0002130637294612825,0.00014003010634881688,7.251492206705734e-05,7.732339145150036e-05,1.866231918334961,32.60507583618164,0.8113997578620911,392.36968994140625,282.5840148925781,68.83354187011719,2.2088139057159424
Model6Closed_Snow_aSrz_SIMHYD_Simple,11180500,37.60605,-122.02385,0.8063207566738129,0.7232383093115994,0.8162986253481814,,-38.66055403611978,,0.7827300131320953,0.7517386157702307,0.17988613437301118,0.24676096056975738,0.08207244807831925,0.00030452380261441505,0.16438047830188857,0.16621607103863892,0.0,0.00021616848243866116,0.00014147029363297878,7.241972343763337e-05,7.733969687251374e-05,3.2667396068573,19.900684356689453,0.8262050151824951,462.4317321777344,339.830078125,78.48259735107422,1.8204433917999268
Model6Closed_Snow_aSrz_SIMHYD_Simple,11180960,37.71771,-122.05441,0.7884842902421951,0.7327309249539229,0.7920887714468229,38.74428775989253,-30.760659954928652,-5290.91943359375,0.7665961980819702,0.6270104254695993,0.16431637981169872,0.3723137505759059,0.15077412132920331,0.0003554049169916671,0.22118078954280837,0.222059963863743,0.0,0.00021536547865252942,0.00012675248771466392,7.243787695188075e-05,7.731375808361918e-05,0.6398637890815735,14.160128593444824,0.763014018535614,271.43890380859375,246.1051788330078,63.446590423583984,1.746918797492981
Model6Closed_Snow_aSrz_SIMHYD_Simple,11224500,36.21468,-120.47071,-1.1915068626403809,-1.5753368711777185,0.4804010799926783,,-10.145637002634258,,-1.2527143955230713,0.869684745134955,0.16830888279176995,0.12872271809086003,0.03374836515609337,4.77144867795392e-05,0.09492225152917927,0.09722596947997861,0.0,0.00021961747552268207,0.00016952611937341795,7.269174238899723e-05,7.737288251519203e-05,13.901195526123047,19.74724006652832,0.9090650677680969,1063.51171875,420.8046875,92.10516357421875,2.629873752593994
Model6Closed_Snow_aSrz_SIMHYD_Simple,11230500,37.33939,-118.97345,0.6542190313339233,0.6862218623663673,0.811507598884914,-2.285386292740079,23.482828653502764,-8.704211235046387,0.32233089208602905,0.19941652050068087,0.0458617446305833,0.800750309824886,0.5448788598316001,0.0043265975981640935,0.2515447979384106,0.25146862364039996,0.0,0.0001479392813052982,6.650080363364871e-05,7.278428529389203e-05,7.748528150841594e-05,0.0009260924998670816,31.640560150146484,0.5689032673835754,26.192394256591797,26.19186782836914,8.624640464782715,1.564587116241455
Model6Closed_Snow_aSrz_SIMHYD_Simple,11237500,37.19856,-119.21373,0.7956534028053284,0.8775599498984878,0.7989161304636672,75.64385950488632,-42.59093271319785,-307.31927490234375,0.68691486120224,0.34788700551769663,0.04691179133818018,0.6533055647241298,0.337759301072285,0.02577328809737318,0.2897729536472588,0.2904216700306409,0.0,0.00014681820175610483,4.8121260826727094e-05,7.219286635518074e-05,7.767166243866086e-05,49.00309753417969,15.319999694824219,0.4723329246044159,365.5212097167969,255.4700927734375,106.69890594482422,1.0046710968017578
Model6Closed_Snow_aSrz_SIMHYD_Simple,11253310,36.40217,-120.43349,-0.13633763790130615,-1.0212583999543878,0.49632173991834566,,-30.54128841637373,,-0.15603256225585938,0.866716528016611,0.17916400237061084,0.13172767291970253,0.02995337459681293,7.485924215501788e-05,0.1016947456107397,0.10410031639380694,0.0,0.00022105449170339853,0.0001889761936758989,7.271708454936743e-05,7.732203812338412e-05,13.295008659362793,19.427698135375977,0.9117964506149292,987.5506591796875,354.779052734375,78.03132629394531,2.5420501232147217
Model6Closed_Snow_aSrz_SIMHYD_Simple,11264500,37.73159,-119.55877,0.8773953169584274,0.8969869666779833,0.8825297860475031,21.826143606979723,-21.530662649892726,-26.300926208496094,0.7879547029733658,0.21730631412842702,0.04350914987668238,0.7825968378140912,0.37125882564135787,0.006958544333842857,0.4043794528339236,0.40477779268760194,0.0,0.00014346269017551094,5.1530455430491134e-05,7.235385419335216e-05,7.75843218434602e-05,0.5010628700256348,20.410207748413086,0.491086483001709,76.94876861572266,67.21318817138672,29.85210609436035,1.1543043851852417
Model6Closed_Snow_aSrz_SIMHYD_Simple,11266500,37.71687,-119.66628,0.8802382871508598,0.901335224753857,0.8828807613731455,-30.332708145021392,-19.570451826120777,-30.066991806030273,0.785440132021904,0.23697875302747096,0.04382661792180995,0.7633127381748368,0.321570417141356,0.006669393154174026,0.43507294530928464,0.43505968303283227,0.0,0.000144164077937603,5.012594949779935e-05,7.232587086036801e-05,7.759095751680434e-05,1.05811607837677,16.03290557861328,0.48116281628608704,105.79122924804688,86.65841674804688,39.50651931762695,1.1276775598526
Model6Closed_Snow_aSrz_SIMHYD_Simple,11274500,37.31549,-121.12521,0.6947738528251648,0.0765335465544903,0.728615051977206,,-18.95868973897214,,0.6920849978923798,0.7920880859442615,0.21445926598032067,0.20504373111730398,0.08061069627223653,0.00012355444360239722,0.12430548856675659,0.12743342908871214,0.0,0.000217817971133627,0.00017374399804303455,7.243812433443964e-05,7.733617530902848e-05,1.9934676885604858,23.602815628051758,0.8647839426994324,458.3847351074219,290.2506408691406,57.589500427246094,2.2792809009552
Model6Closed_Snow_aSrz_SIMHYD_Simple,11274630,37.4866,-121.2091,0.24348270893096924,-0.6216651988840836,0.6468128939059471,,5.327995939923615,,0.2079402208328247,0.7948235721404187,0.19833617956201685,0.20342723771876287,0.06882177353618824,0.00021368473866818254,0.1343873473027422,0.13662867947090962,0.0,0.0002183364995289594,0.00016814188188189855,7.25619393051602e-05,7.730055222054943e-05,4.942957878112793,18.37126922607422,0.8593502044677734,561.0957641601562,311.003173828125,70.25184631347656,2.18379545211792
Model6Closed_Snow_aSrz_SIMHYD_Simple,11284400,37.84187,-120.18491,0.7149994373321533,0.26743702941729264,0.7377078789052155,,-49.35219227832723,,0.6972584128379822,0.66873372059479,0.10841013312374437,0.33996968058015525,0.101409210996372,0.001070066958209503,0.2374890186989883,0.23190914993608694,0.0,0.00020177089027129114,6.97501180255915e-05,7.237199315568432e-05,7.732455560471863e-05,30.699016571044922,73.9552230834961,0.7414265871047974,868.0928344726562,633.9840087890625,205.55368041992188,1.233054280281067
Model6Closed_Snow_aSrz_SIMHYD_Simple,11299600,37.96104,-120.6152,0.7106716930866241,0.631897156912279,0.7155722000582047,,-47.73724321294844,,0.6823797821998596,0.5899430013540561,0.14364318182805258,0.4094405239291748,0.22597500475239282,0.00021561057512534958,0.18324792389757014,0.18405286565110787,0.0,0.00021413597278296947,0.00010034389764508391,7.24772980902344e-05,7.731129880994558e-05,0.4617159366607666,24.336963653564453,0.7473328113555908,299.031982421875,256.8879699707031,73.4676284790039,1.688398003578186
Model6Closed_Snow_aSrz_SIMHYD_Simple,11381500,40.0546,-122.02415,0.7754642814397812,0.7055112452113833,0.8052048763909665,-115.6224961821274,-35.623050372745595,-3.695549964904785,0.6941211819648743,0.4543310942201631,0.07735283198014964,0.5481620145948708,0.12517249603984737,0.002870772901796362,0.42011875162057166,0.4193757838067287,0.0,0.00018361254478804767,5.245699900087875e-05,7.226245361380279e-05,7.733388338238001e-05,46.48831558227539,136.82986450195312,0.5747755765914917,508.24853515625,431.469970703125,182.97109985351562,1.0008143186569214
Model6Closed_Snow_aSrz_SIMHYD_Simple,11383500,40.01405,-121.94832,0.8127840161323547,0.7674924867907986,0.8237665125964232,-126.38599214063366,-34.36932168534019,-7.486810684204102,0.7664470076560974,0.5096345168901364,0.08117403070847405,0.4939245379095851,0.10405937793571353,0.003741265934801553,0.38612389829754257,0.3857500942252858,0.0,0.00018296770576853305,5.086825272283326e-05,7.228445610962808e-05,7.733848906354979e-05,71.53822326660156,136.1511993408203,0.6068296432495117,705.5775756835938,558.8236694335938,230.08688354492188,1.0577789545059204
Model6Closed_Snow_aSrz_SIMHYD_Simple,11451100,39.16545,-122.61999,0.7397162020206451,0.7570852235517942,0.7437154737427204,77.87267736582086,-41.17178619594739,-111.16699981689453,0.671302080154419,0.30814202605366997,0.06213462478060588,0.6906006859945407,0.2897463268209028,0.00296477797689151,0.3978885372276449,0.39885625119480345,0.0,0.00019885232904925942,6.232587188947485e-05,7.260360871441662e-05,7.731369260000065e-05,6.814903259277344,24.998477935791016,0.5838773250579834,172.14990234375,167.8084716796875,66.8549575805664,0.8746771812438965
Model6Closed_Snow_aSrz_SIMHYD_Simple,11468500,39.42822,-123.73779,0.855867013335228,0.7476187861715958,0.867048833589024,10.312497606899731,-29.48637681297031,-44.03589630126953,0.8122542649507523,0.3776996407838327,0.07968986485828448,0.6209047338225314,0.16966566213597226,0.007954964724416402,0.4432828770349098,0.444482706877395,0.0,0.00020498325466178358,5.437068427213613e-05,7.221601845230907e-05,7.730532524874434e-05,8.297516822814941,60.51618957519531,0.5979608297348022,293.0439453125,286.4681396484375,116.14197540283203,0.7583732008934021
Model6Closed_Snow_aSrz_SIMHYD_Simple,11473900,39.70627,-123.32529,0.7900688648223877,0.7574603204430959,0.7985875177348385,-10.521538851721896,-37.33818376556087,-575.9544067382812,0.7050338983535767,0.3916272712775734,0.07352856120432542,0.6053484760970967,0.19361608946048076,0.015959024639172415,0.395773318462137,0.3985096575937695,0.0,0.00016261554264929146,4.236757961416144e-05,7.232773350551724e-05,7.736190309515223e-05,7.28651762008667,97.90061950683594,0.598457396030426,248.04188537597656,237.77735900878906,95.96233367919922,0.7657880783081055
Model6Closed_Snow_aSrz_SIMHYD_Simple,11475560,39.7296,-123.64391,0.7374897301197052,0.6117681164257058,0.8092496567460059,-45.56735142707862,-58.64091291685775,-44.95952224731445,0.6358851790428162,0.31416066509063983,0.05067826377344567,0.6838065926842863,0.13261287717670028,0.004567297618077376,0.5466258551331359,0.5481738323980433,0.0,0.0001890376879600808,3.510921859303856e-05,7.233936048578471e-05,7.730425568297505e-05,22.548786163330078,103.36744689941406,0.5348058342933655,383.6703796386719,376.27972412109375,173.4802703857422,0.593707263469696
Model6Closed_Snow_aSrz_SIMHYD_Simple,11476600,40.35125,-124.00393,0.7641147822141647,0.7578257659296328,0.7714470641887016,27.19783874442803,-41.93709886060845,-38.59583282470703,0.6293429732322693,0.24891590781401954,0.052056731602873614,0.7498075656159183,0.255221467092936,0.007958366501943594,0.4866272719235453,0.4877666203702383,0.0,0.000197155648493208,3.9433041932405465e-05,7.217808160930872e-05,7.730838842689991e-05,16.196557998657227,64.64759063720703,0.505431056022644,210.59458923339844,206.0557403564453,99.93651580810547,0.4812202453613281
Model6Closed_Snow_aSrz_SIMHYD_Simple,11478500,40.48042,-123.89088,0.7854408472776413,0.6357897517226705,0.853474454405771,-37.11903783437996,-35.703959876481996,-304.1446533203125,0.6762797236442566,0.29924353857608216,0.06661370198992929,0.6972755019635355,0.1781654358851415,0.011727006142843884,0.5073826992695224,0.5107071943450432,0.0,0.00018134548736270517,4.049162611493311e-05,7.22429103916511e-05,7.731039659120142e-05,11.969362258911133,122.57254791259766,0.5373719334602356,230.54115295410156,226.05770874023438,102.26571655273438,0.5978427529335022
Model6Closed_Snow_aSrz_SIMHYD_Simple,11480390,40.28431,-123.3353,0.7201174795627594,0.5748591879963417,0.8184786960119079,60.12682266644152,-46.76868276770319,-13029.1796875,0.6125033795833588,0.43105388836675373,0.07843759051442505,0.5643148308406155,0.0867954177676116,0.01067599917289536,0.4668426937731039,0.47122283858200303,0.0,0.0001694196544121951,4.212314536552406e-05,7.23278644727543e-05,7.731109508313239e-05,9.664843559265137,174.3048858642578,0.5930069088935852,356.15185546875,334.1919250488281,140.4084930419922,0.8571807742118835
Model6Closed_Snow_aSrz_SIMHYD_Simple,11481200,41.01096,-124.08173,0.8077176809310913,0.7969189729384442,0.8140052603089749,-29.970635621288267,-32.21284733433312,-20.094011306762695,0.7179470360279083,0.29195478382121376,0.0800076302139525,0.7051330485995915,0.2738432478880734,0.025402154279078475,0.40588732461292665,0.40875132569367256,0.0,0.0001936005864990875,4.403890979347357e-05,7.217799429781735e-05,7.730751531198621e-05,28.93976593017578,85.70238494873047,0.49051225185394287,216.64450073242188,209.80783081054688,108.2740249633789,0.5429556369781494
Model6Closed_Snow_aSrz_SIMHYD_Simple,11482500,41.29929,-124.05118,0.8230448365211487,0.7665259716451578,0.8397016330635123,40.07632358324182,-33.23209838912256,-34.868858337402344,0.6963900327682495,0.3095761220600273,0.07349986614929202,0.6882467337783672,0.24168799932573143,0.019021397326360292,0.4275373164733017,0.42986825482624524,0.0,0.00018871929205488414,4.116244919234821e-05,7.217859092634171e-05,7.732210360700265e-05,50.41249465942383,80.17304229736328,0.4684086740016937,312.45703125,291.0516662597656,150.9078826904297,0.5497389435768127
Model6Closed_Snow_aSrz_SIMHYD_Simple,11522500,41.37763,-123.47756,0.7562704980373383,0.6149364459210442,0.8337973203933124,-19.90820450442449,-42.91476587433323,-16.267908096313477,0.5823363065719604,0.37955138227777935,0.09215117423317847,0.6130148130661899,0.13429083260238683,0.0391612399603516,0.43956275066929185,0.44638674044771554,0.0,0.0001593922497704625,4.848534358453909e-05,7.240464037749916e-05,7.74320651544258e-05,15.295902252197266,150.73399353027344,0.5278922915458679,203.26507568359375,193.126708984375,89.70571899414062,1.0392470359802246
Model6Closed_Snow_aSrz_SIMHYD_Simple,11523200,41.11126,-122.70558,0.7695493698120117,0.7639607752618628,0.7821011665486893,-222.33156264976913,-40.63690018671572,-5.705320835113525,0.5794277489185333,0.23113837872451262,0.04637750000943707,0.7675847280469936,0.4696323270438957,0.018376705836812755,0.27957570231558326,0.2802797079929267,0.0,0.00014374052989296615,4.612473314194984e-05,7.253485091496259e-05,7.769279909553006e-05,10.893606185913086,13.136558532714844,0.43696078658103943,78.3418197631836,69.33794403076172,31.680147171020508,0.8736104965209961
Model6Closed_Snow_aSrz_SIMHYD_Simple,11528700,40.64986,-123.4942,0.7381763756275177,0.6012720739493187,0.8266283176558735,-18.393647113437844,-47.89972208065721,-206.84495544433594,0.6101560890674591,0.5288404503552306,0.09334346355393056,0.46684292009511497,0.04669277025713725,0.015159170819162628,0.40499087627415464,0.40920543806938675,0.0,0.00015977643488440663,4.3342535169043974e-05,7.23582343198359e-05,7.73715291870758e-05,22.017526626586914,163.6380157470703,0.6319534182548523,498.80743408203125,436.0107727050781,175.21685791015625,0.9671689867973328
Model6Closed_Snow_aSrz_SIMHYD_Simple,11532500,41.7915,-124.07619,0.885063149034977,0.8006624162013156,0.8996930129836246,-139.42635552594254,-31.50946639172042,-9.218616485595703,0.8189903199672699,0.13065334354458852,0.033650155760029846,0.8684633747996364,0.43848816851116806,0.01839562092927473,0.4115796118773425,0.4123578210506824,0.0,0.00018181766790803522,3.091523012369087e-05,7.217866368591785e-05,7.73236679378897e-05,21.27309799194336,33.416259765625,0.39869576692581177,44.77070236206055,42.72238540649414,23.95610809326172,0.4155626893043518
Model6Closed_Snow_aSrz_SIMHYD_Simple,12010000,46.37399,-123.74348,0.8440005928277969,0.7584446614557186,0.8704214446762772,-23.131212194749565,-42.17539986545258,-2.43562650680542,0.7483680844306946,0.14768520123962325,0.04023368129131994,0.8507586748340389,0.28515997154865647,0.036612581351477255,0.5289861383118584,0.5304905952551803,0.0,0.0001646611199248582,2.017393837029168e-05,7.217771781142801e-05,7.730042852927e-05,58.6918830871582,116.16907501220703,0.29951196908950806,73.77686309814453,72.40892791748047,50.612430572509766,0.24812501668930054
Model6Closed_Snow_aSrz_SIMHYD_Simple,12013500,46.65093,-123.65266,0.8881240859627724,0.8120999669819032,0.9004818366499976,32.62111563139999,-22.589272963129467,-23.44260025024414,0.8284082859754562,0.20830876965487496,0.06103351451221454,0.7875748983033592,0.2067333225842141,0.01524957510943721,0.5655920492392655,0.5690814302004336,0.0,0.00016682645946275443,2.3492260006964474e-05,7.217796519398689e-05,7.730682409601286e-05,114.62882232666016,165.99066162109375,0.3192879259586334,215.7008514404297,200.8650360107422,135.00648498535156,0.3078879415988922
Model6Closed_Snow_aSrz_SIMHYD_Simple,12020000,46.61732,-123.27764,0.5847882926464081,0.5004583220599483,0.6397929321490551,1.5075796481669237,-71.32560304362694,-82.32415008544922,0.4670746922492981,0.19118221753891354,0.05476199456122415,0.8008215460440233,0.16932042894267635,0.011322486078930197,0.6201787472341045,0.6276359450635157,0.0,0.00016480506747029722,2.1225434825541524e-05,7.217781967483461e-05,7.730303332209587e-05,129.59559631347656,348.1154479980469,0.2991199493408203,219.17233276367188,202.86257934570312,140.7252197265625,0.36532461643218994
Model6Closed_Snow_aSrz_SIMHYD_Simple,12025000,46.6201,-122.94513,0.9057942926883698,0.9031121816339682,0.9071529971515775,15.694871681272877,-17.651756436738527,-0.8625754117965698,0.8397201299667358,0.30089903546605196,0.11865332552488686,0.6965303050651426,0.25984658677686556,0.02453565337396074,0.41214811536832896,0.41423830586066474,0.0,0.0001728439674479887,3.558348753842646e-05,7.217819802463055e-05,7.731263758614659e-05,79.89485168457031,67.9178237915039,0.37958425283432007,204.63583374023438,195.19126892089844,120.23097229003906,0.4449516534805298
Model6Closed_Snow_aSrz_SIMHYD_Simple,12025700,46.7726,-122.59401,0.8234047740697861,0.6766882725105798,0.8748873634671998,-57.19730579311967,-30.537569266078197,-0.9523123502731323,0.7057949900627136,0.20388071836290184,0.057996312475780264,0.7942830011981808,0.27010759965168124,0.023196211762049737,0.5009792637311977,0.5025063249698227,0.0,0.00016413441335316747,3.204505762491711e-05,7.22734330338426e-05,7.73055071476847e-05,63.66780471801758,72.87481689453125,0.33342182636260986,118.11734771728516,109.98365020751953,70.88275146484375,0.4019453823566437
Model6Closed_Snow_aSrz_SIMHYD_Simple,12035000,47.00065,-123.49488,0.8944469839334488,0.783046691647677,0.9176735303450159,-89.89227880568845,-36.325530771139846,-1.4491593837738037,0.817792072892189,0.16494374351901056,0.039862270888937984,0.833844796598936,0.30269104115789036,0.018547366454299198,0.512606407646025,0.5135741027126113,0.0,0.00016678623796906322,2.328064799044701e-05,7.217788515845314e-05,7.730480865575373e-05,74.7584228515625,85.68362426757812,0.3362800180912018,123.7670669555664,120.09061431884766,79.15258026123047,0.2833835184574127
Model6Closed_Snow_aSrz_SIMHYD_Simple,12040500,47.53786,-124.31575,0.7616323977708817,0.5843429455933318,0.8493497994029606,-99.45188570283932,-51.2133418280958,-1.588433027267456,0.629001796245575,0.10987760858926987,0.03500379355997766,0.8889780616802389,0.3567789808111421,0.024395980328801956,0.507802979911382,0.5090442733551173,0.0,0.00016063069051597267,1.9765986806632825e-05,7.222505519166589e-05,7.730265497229993e-05,15.538823127746582,96.4329833984375,0.30385348200798035,20.28875732421875,19.635770797729492,13.32376480102539,0.2328861951828003
Model6Closed_Snow_aSrz_SIMHYD_Simple,12041200,47.80675,-124.25103,0.6765585243701935,0.5556865966773193,0.7933962902590267,-57.32599211245907,-53.0696399505912,-3.3347887992858887,0.5557315647602081,0.12608161146414204,0.0390139854507192,0.8715735362253214,0.3148795616210567,0.06538417033338181,0.4913098101280058,0.4936448341862554,0.0,0.00013793517427984625,1.8130952842967818e-05,7.231993367895484e-05,7.729649951215833e-05,24.30197525024414,117.16690063476562,0.2837953269481659,29.62649917602539,28.651315689086914,19.89872169494629,0.30979570746421814
Model6Closed_Snow_aSrz_SIMHYD_Simple,12043000,47.96008,-124.39299,0.7828712910413742,0.6862206051707505,0.819757418589791,4.0670993573015615,-55.278759978085716,-0.5528384447097778,0.6521231830120087,0.14659323558007306,0.049467843613881714,0.8504473889190397,0.2597096761210734,0.02407606525523102,0.5666616695114716,0.5689269098389006,0.0,0.00016239153046626598,2.0015650657252687e-05,7.22575350664556e-05,7.72983767092228e-05,72.453125,120.80545043945312,0.29639166593551636,91.57166290283203,88.52664947509766,62.41999053955078,0.2715897262096405
Model6Closed_Snow_aSrz_SIMHYD_Simple,12048000,48.01426,-123.13268,0.10845553874969482,0.1503879627161997,0.28809956916267193,-117.3351807452934,-73.56466215421766,-104.2374038696289,0.0684506893157959,0.29390097196225823,0.06581853722873685,0.6920243536702675,0.06513446113641787,0.00031468459601561574,0.6265752218068004,0.6604027710951144,0.0,0.00012098659499315545,2.5235923106307456e-05,3362.390869140625,16.768444061279297,196.6128387451172,1108.56787109375,0.31766608357429504,314.943115234375,183.26312255859375,112.0400390625,0.5273087620735168
Model6Closed_Snow_aSrz_SIMHYD_Simple,12054000,47.68398,-123.01155,0.6611098945140839,0.6035610524250565,0.71959089000532,22.14392352918913,-38.76542057226148,-0.10949265956878662,0.4534063935279846,0.17615772046864347,0.05161825115738144,0.8211120409447913,0.3681989340542372,0.01469421896433799,0.4382189677435284,0.4405989223537794,0.0,0.0001396190345985815,2.381845995490945e-05,7.237469253595918e-05,7.730651122983545e-05,56.17620086669922,179.02084350585938,0.306173175573349,115.7489013671875,111.15558624267578,74.0926513671875,0.4776265621185303
Model6Closed_Snow_aSrz_SIMHYD_Simple,12056500,47.51426,-123.32989,0.6338225305080414,0.5322720970881141,0.7275674516462057,-58.14291913929935,-49.34650325707113,-0.8343688249588013,0.4359397888183594,0.11954681059724559,0.036628141824473825,0.8783202807068313,0.39167435354832486,0.02056116810958981,0.46608477474924687,0.4681502850677551,0.0,0.00014993376680649817,2.113145923702471e-05,7.242505671456456e-05,7.729316712357104e-05,35.32171630859375,119.18106079101562,0.308844655752182,42.79345703125,41.90580368041992,28.148988723754883,0.28551650047302246
Model6Closed_Snow_aSrz_SIMHYD_Simple,12073500,47.38926,-122.69902,0.7007779181003571,0.6346659947876296,0.7817489838716155,-91.0069836415774,-31.14139162488328,-19.386672973632812,0.6473639607429504,0.4193359461315492,0.10879230738485747,0.5659345947558755,0.09552947357898571,0.014395237606143696,0.4560099020551344,0.46553931192107423,0.0,0.00017077142547350377,4.048027919655874e-05,7.218184327939525e-05,7.731794903520495e-05,343.2087097167969,259.2366943359375,0.45115602016448975,754.5697631835938,476.55126953125,252.2204132080078,0.7123781442642212
Model6Closed_Snow_aSrz_SIMHYD_Simple,12082500,46.75261,-122.08372,0.7518043965101242,0.8077051502761062,0.7533734348954414,-2.133962442261016,-22.891817803405484,-7.274494171142578,0.7241132855415344,0.1635278358920349,0.039686167398007496,0.8223858894177771,0.2639436463757588,0.007725311317585251,0.5507168937748924,0.5604555699541448,0.0,0.00011441602691775188,1.5909207401507403e-05,209.6949462890625,0.521165132522583,101.32868957519531,528.0886840820312,0.22353264689445496,181.54345703125,149.48348999023438,104.0623550415039,0.41949325799942017
Model6Closed_Snow_aSrz_SIMHYD_Simple,12092000,46.90372,-122.03511,0.6422136127948761,0.6601198220004557,0.6536508200855725,-58.082085776932615,-31.613729425705213,-14.19517993927002,0.5653732419013977,0.1585335230498691,0.03871361062537457,0.8103659846859919,0.20791563002712676,0.0010001944430719787,0.6014501782165725,0.6142592972273917,0.0,0.00011739571345970035,1.6230921397407555e-05,2706.4296875,2.8383400440216064,97.57246398925781,788.0608520507812,0.22537757456302643,164.69483947753906,139.55453491210938,99.70035552978516,0.28548502922058105
Model6Closed_Snow_aSrz_SIMHYD_Simple,12095000,47.13955,-122.09261,0.8068550080060959,0.7294714908565498,0.834690848608225,26.561088738863333,-26.099311717287666,-8.598636627197266,0.7844572067260742,0.3078823629040451,0.0886333599804772,0.6838888508861415,0.13306951382554735,0.016680776328038185,0.5341386072033069,0.5409601612415701,0.0,0.00016046878590714186,3.523204727244232e-05,7.241140701808035e-05,7.730544894002378e-05,191.34275817871094,199.18008422851562,0.3299316167831421,388.4816589355469,274.3697814941406,166.51828002929688,0.5437049865722656
Model6Closed_Snow_aSrz_SIMHYD_Simple,12114500,47.34205,-121.54899,0.8207554817199707,0.8714773769573461,0.8398037756437697,-189.48855511656728,-10.566215065383727,-2.123415231704712,0.712895542383194,0.12319193564916847,0.030803963600970603,0.8746450520485819,0.33549065069398437,0.0184006027795626,0.520753836847492,0.5224572244975861,0.0,0.00012781388068106025,1.756489595780302e-05,7.243348227348179e-05,7.734743121545762e-05,71.77391815185547,89.25157928466797,0.20954082906246185,121.36870574951172,100.09928131103516,71.86221313476562,0.27329978346824646
Model6Closed_Snow_aSrz_SIMHYD_Simple,12115000,47.37011,-121.6251,0.8343965113162994,0.8888891431411536,0.8436138879849783,-140.5436002563846,-17.170838029174107,-1.8108868598937988,0.7652422934770584,0.12410140190281495,0.03193659593843822,0.873746757686589,0.34746554440773086,0.021859175376966723,0.5044220271106239,0.506157262930035,0.0,0.0001314700930379331,1.819376693323307e-05,7.231461495393887e-05,7.735032704658806e-05,66.41095733642578,89.13677215576172,0.21414650976657867,113.06554412841797,94.26502990722656,67.22901153564453,0.2744201421737671
Model6Closed_Snow_aSrz_SIMHYD_Simple,12115500,47.35066,-121.66316,0.8113453686237335,0.8277194843028938,0.8148379887898317,-41.30155504483709,-30.81172023501748,-1.4943063259124756,0.7201025485992432,0.10752612048600713,0.03253152443485013,0.8906552166052635,0.4043799052385194,0.019494518223261353,0.4667808777662752,0.4685230291339099,0.0,0.0001414384023519233,1.9896750434152536e-05,7.251083297887817e-05,7.73091014707461e-05,31.982778549194336,93.79824829101562,0.22181916236877441,47.784542083740234,41.0772590637207,29.29911994934082,0.2733425796031952
Model6Closed_Snow_aSrz_SIMHYD_Simple,12117000,47.38649,-121.84622,0.8495894223451614,0.9148753405068085,0.858752573442986,-152.16794307252562,-11.57540878350926,-0.969261884689331,0.7567423731088638,0.18142412140107453,0.04037973533124198,0.8151979675992895,0.16860278847944862,0.02202656763877616,0.6245686775495919,0.6267536687751494,0.0,0.00015537369472440332,2.3628097827666488e-05,7.242942228913307e-05,7.730368088232353e-05,185.75765991210938,119.2218017578125,0.24138253927230835,287.0046691894531,208.39202880859375,144.4138946533203,0.3059777617454529
Model6Closed_Snow_aSrz_SIMHYD_Simple,12141300,47.48594,-121.64788,0.8306463658809662,0.8778160743600024,0.8317213963005422,-189.93550431199654,-18.570139942700578,-1.0202689170837402,0.7551509290933609,0.09513541900881724,0.03114577799356102,0.9036543578009307,0.4494572476098538,0.01996087485486055,0.43423622425348496,0.4355403957581333,0.0,0.00012793674250133336,1.5910115994056064e-05,7.238761463668197e-05,7.732948142802343e-05,15.62441635131836,82.75946044921875,0.21321773529052734,27.180238723754883,21.17457389831543,14.942012786865234,0.25573214888572693
Model6Closed_Snow_aSrz_SIMHYD_Simple,12143600,47.4526,-121.71788,0.8189474940299988,0.8553110658288248,0.8193270428403547,-139.8362045674698,-31.11926558404247,-0.8593409061431885,0.7416010200977325,0.1212956341547461,0.03241443715504852,0.876324651916523,0.39891675231665413,0.02991449802266533,0.4474934015772036,0.44946411310611784,0.0,0.00012821913696825504,1.6776442730538255e-05,7.257388642756268e-05,7.733779057161883e-05,73.82740783691406,100.5656509399414,0.20058101415634155,123.83585357666016,98.07801818847656,70.88156127929688,0.2730552852153778
Model6Closed_Snow_aSrz_SIMHYD_Simple,12144000,47.49288,-121.79011,0.8053963333368301,0.8634089654282365,0.8093009458822015,-59.88709542851536,-20.833109297657703,-0.3772151470184326,0.6970956027507782,0.1487235873187287,0.037614151756344166,0.8465526388258527,0.3337350719050782,0.04469244763262532,0.46812517457101965,0.47219296188617094,0.0,0.00013238194514997303,1.8248958902043064e-05,7.249789632624015e-05,7.731866207905114e-05,93.22932434082031,188.1430206298828,0.21873390674591064,161.87937927246094,133.7620086669922,95.43512725830078,0.30671024322509766
Model6Closed_Snow_aSrz_SIMHYD_Simple,12145500,47.53982,-121.909,0.906396746635437,0.8273549134310089,0.9183252509920371,-62.44968006704103,-6.274982584169406,-10.59797477722168,0.8752540200948715,0.2015074878914746,0.05006410886776865,0.7950204960200754,0.20768385260833327,0.028057505100483007,0.5592791762499901,0.5617736022916208,0.0,0.00016490071720909327,2.807996648909823e-05,7.21968463039957e-05,7.730616198386997e-05,109.31217956542969,102.50871276855469,0.27602383494377136,186.85269165039062,164.98045349121094,115.11898803710938,0.3737334907054901
Model6Closed_Snow_aSrz_SIMHYD_Simple,12147500,47.71232,-121.78873,0.7217564880847931,0.7993865749113456,0.7950029573484457,-86.57742891806608,-17.468462694844746,-1.432318925857544,0.6344636976718903,0.0964069699135723,0.028602379216768233,0.9023518808679153,0.47362671912032633,0.032105193503485265,0.396619932618675,0.3979550922539814,0.0,0.00015196811000350863,1.7357043808408907e-05,7.221513078548014e-05,7.730426295893267e-05,26.77123260498047,114.94062042236328,0.21985182166099548,36.405418395996094,32.406585693359375,23.8751163482666,0.24489662051200867
Model6Closed_Snow_aSrz_SIMHYD_Simple,12147600,47.70677,-121.60011,0.660356879234314,0.7265977546063167,0.6632077816960005,-73.77251329769345,-49.68613884063011,-7.96241569519043,0.5816822350025177,0.07045454797803902,0.025180860044961253,0.9281700681228862,0.7540378151229402,0.007529169713925331,0.16660313070667038,0.16806329810110138,0.0,0.00014002119132783264,1.4537798428486029e-05,7.232101052068174e-05,7.730975630693138e-05,8.1719388961792,94.26911926269531,0.1964559406042099,15.254385948181152,15.243928909301758,8.276202201843262,0.22028352320194244
Model6Closed_Snow_aSrz_SIMHYD_Simple,12167000,48.26149,-122.04764,0.7480093240737915,0.8250610903466471,0.7629126443116303,-133.55333988958066,-31.45044316227477,-0.8429077863693237,0.6356214582920074,0.11571376727953712,0.037428534681583366,0.8812398363423103,0.4177605888718118,0.03912808467419161,0.42435113139015873,0.42747074178106126,0.0,0.0001536452182335779,2.165833002370109e-05,7.238410762511194e-05,7.72981729824096e-05,13.253656387329102,152.40093994140625,0.2710636556148529,18.338132858276367,16.392169952392578,11.019296646118164,0.29065999388694763
Model6Closed_Snow_aSrz_SIMHYD_Simple,12175500,48.67263,-121.0729,0.7543707191944122,0.7933944049095171,0.7730674106933959,-33.80018588253426,-14.581389740426925,-2.4390475749969482,0.3684893846511841,0.11817023599789742,0.03890847175536677,0.9069143144273822,0.6092860059031008,0.009509388889289316,0.28811891561284186,0.2906840821697628,0.0,9.735484491102397e-05,1.757547691681524e-05,30.181312561035156,0.26734963059425354,7.709712028503418,101.78530883789062,0.28966739773750305,11.564133644104004,10.07652473449707,4.5080413818359375,0.4007197320461273
Model6Closed_Snow_aSrz_SIMHYD_Simple,12178100,48.65596,-121.23846,0.7833906263113022,0.8379426322870637,0.8018216971832407,-193.60811999462666,-7.40176082601297,-4.278834342956543,0.6345224380493164,0.11010946302082288,0.03488800136110412,0.8861360834081339,0.5084631607229555,0.0304224528625792,0.3472504698225992,0.3510826031127712,0.0,0.0001198837417177856,1.9079036476748937e-05,7.251606439240277e-05,7.731329242233187e-05,9.4639310836792,149.49090576171875,0.26299139857292175,14.036012649536133,14.031816482543945,7.602960586547852,0.3294544219970703
Model6Closed_Snow_aSrz_SIMHYD_Simple,12186000,48.16872,-121.47067,0.6806064546108246,0.7196991176968757,0.6910819524684769,-140.40667071536222,-49.717197394859284,-4.597475051879883,0.5234944820404053,0.10767420501617146,0.0353613723194222,0.8900180562179408,0.5214176526083634,0.01925214300441305,0.3493482475888597,0.35174915706410476,0.0,0.00012024941679555923,1.756313101774275e-05,7.245624146889895e-05,7.736899715382606e-05,10.820939064025879,104.55382537841797,0.2343699187040329,20.456501007080078,15.261720657348633,10.148438453674316,0.307711124420166
Model6Closed_Snow_aSrz_SIMHYD_Simple,12189500,48.42456,-121.56846,0.7695359438657761,0.8521284653420642,0.7835571891831263,-120.2967472003902,-17.45699903138817,-3.6933088302612305,0.622593492269516,0.1243955700005602,0.04137967234675512,0.8730573802291824,0.4690350935509568,0.02525692270223039,0.37876535307986753,0.38142909311441436,0.0,0.00012217792391311377,1.991750439290103e-05,7.242632273118943e-05,7.735591498203576e-05,9.223636627197266,117.86184692382812,0.26866039633750916,16.04676628112793,14.00206470489502,8.712876319885254,0.3441644310951233
Model6Closed_Snow_aSrz_SIMHYD_Simple,12358500,48.49524,-114.01012,0.9140950217843056,0.9078891940478306,0.9157553697113056,-6.096909638472318,-26.582800041325992,-26.84633445739746,0.8236497491598129,0.27026122383992035,0.06521680462446153,0.725603990352509,0.3495333418856133,0.01481431362328447,0.3612563652651383,0.3647566797020432,0.0,0.0001344930351478979,4.0809336571442376e-05,7.25026911823079e-05,7.749263022560626e-05,37.551605224609375,117.38894653320312,0.3824671506881714,94.25904846191406,80.45210266113281,50.530799865722656,0.6660407185554504
Model6Closed_Snow_aSrz_SIMHYD_Simple,12374250,47.82966,-114.69763,0.36456501483917236,0.03989053499444295,0.6985946535961599,19.98889156064681,-37.97867985798265,-668.0774536132812,0.4008704423904419,0.6333729885599805,0.1552393224304697,0.3562511293586944,0.07810890885399888,0.020218945875302416,0.2579232930910108,0.2664910787949327,0.0,0.0001598320814082399,7.063560611783893e-05,7.232304778881371e-05,7.755989645374939e-05,158.02474975585938,127.895751953125,0.6625170111656189,684.0548706054688,327.5841369628906,132.8828125,1.067557692527771
Model6Closed_Snow_aSrz_SIMHYD_Simple,12375900,47.4916,-114.02677,0.8144753724336624,0.8559830191816062,0.8166345878760295,8.428705255295492,-52.53670683709229,-16.65642547607422,0.6687445044517517,0.24614927748015733,0.051674751125401666,0.7493034112615317,0.3716769579015956,0.02842099859939004,0.34920546766416083,0.35485456697120576,0.0,0.00012933170364703983,3.745222515271557e-05,7.242646825034171e-05,7.753519457764924e-05,41.67839050292969,154.5976104736328,0.3503764271736145,82.52192687988281,68.79437255859375,45.81884765625,0.6960527896881104
Model6Closed_Snow_aSrz_SIMHYD_Simple,12377150,47.32299,-113.97955,0.8207612335681915,0.7829914566480733,0.8337618069788895,-78.53346644170286,-51.540379441230435,-3.610896587371826,0.5770701169967651,0.15454939581411248,0.042577536975068525,0.852454715589294,0.5303974070534467,0.01110214988412843,0.31095516556437297,0.3149255287041275,0.0,0.0001092703387257643,2.7122414502108173e-05,17.41417121887207,0.5697681307792664,13.636770248413086,108.38389587402344,0.2818108797073364,25.50495719909668,22.30744171142578,12.416815757751465,0.6113163232803345
Model6Closed_Snow_aSrz_SIMHYD_Simple,12381400,47.19549,-113.85065,0.6550693213939667,0.45923843739342374,0.7884528542636139,79.02650314782831,-46.763192165618996,-219.0624237060547,0.6202846169471741,0.5173058481943646,0.10709567819332999,0.47332019198475017,0.11283961369575449,0.013804473559101029,0.3466761197424022,0.3550401581573672,0.0,0.00013407431833911687,4.517104078334011e-05,7.23258126527071e-05,7.747321069473401e-05,277.5002746582031,264.71246337890625,0.547084629535675,807.4906616210938,394.18438720703125,185.2782745361328,0.9731101989746094
Model6Closed_Snow_aSrz_SIMHYD_Simple,12383500,47.14743,-113.97427,0.6092928647994995,0.6670060451107042,0.6108341792848431,46.14187889308409,-33.31958804321825,-29.950166702270508,0.320048987865448,0.48454041925841157,0.08369712022393098,0.5058935162115528,0.10288912587709058,0.01804341991937762,0.38496100523131876,0.39317757786434554,0.0,0.00013064513041172177,4.298061606550379e-05,7.232799543999135e-05,7.742419256828725e-05,284.6580810546875,300.2546691894531,0.517807126045227,762.0187377929688,381.05426025390625,183.85540771484375,0.8495311141014099
Model6Closed_Snow_aSrz_SIMHYD_Simple,12388400,47.26632,-114.40679,0.7029837071895599,0.561206248133405,0.7936468475123051,-11.461708438453112,-41.233771603504614,-249.6914520263672,0.5941876471042633,0.6070980528018006,0.1355828353109237,0.3858625934627777,0.09802087006187764,0.025481635618974662,0.26236008057711063,0.26889323363765444,0.0,0.00014830681902822107,6.39460796356479e-05,7.2402399382554e-05,7.744642061879858e-05,150.96713256835938,127.01806640625,0.6381326913833618,727.5650024414062,326.99786376953125,139.37222290039062,1.2646722793579102
Model6Closed_Snow_aSrz_SIMHYD_Simple,12390700,47.58605,-115.35515,0.6906251609325409,0.5741089476658513,0.7620752959212627,-206.7419905213815,-57.23523973108523,-199.5909881591797,0.554246187210083,0.5126470705520719,0.11383108946121562,0.4827962585991613,0.11317771366581528,0.032194692275553015,0.3374238040089962,0.34454167684050224,0.0,0.00014386620023287833,4.832910426496406e-05,7.244004518724978e-05,7.744072354398668e-05,117.70989990234375,163.2589569091797,0.5613953471183777,589.3735961914062,345.99603271484375,166.13720703125,0.9512849450111389
Model6Closed_Snow_aSrz_SIMHYD_Simple,12411000,47.70611,-115.97917,0.7391725182533264,0.6966177457250585,0.7607119596952603,-50.53989142133545,-69.4574553531268,-38.27241516113281,0.5508488118648529,0.40017438367570646,0.10170842248384751,0.5970745280731895,0.24124255615164897,0.031755437303034456,0.3240765412059825,0.32743425698536,0.0,0.0001519241341156885,4.491972506384912e-05,7.222115527838469e-05,7.746660412522033e-05,137.96458435058594,79.96766662597656,0.4335678517818451,395.224853515625,303.1234130859375,167.99542236328125,0.635823667049408
Model6Closed_Snow_aSrz_SIMHYD_Simple,12414500,47.27464,-116.18905,0.8629974275827408,0.8523786733800884,0.8701043985688689,27.507400630673978,-32.063943445320696,-21.468034744262695,0.7164090275764465,0.36616011475980653,0.09569330655087228,0.6320696046547943,0.2750017700866033,0.03548185576364446,0.3215859636496955,0.32401333432910806,0.0,0.00014446651039179415,3.9307015825960905e-05,7.235210796352476e-05,7.738212298136204e-05,83.0694580078125,86.17630004882812,0.4382641017436981,308.8672790527344,254.8229522705078,137.59027099609375,0.6348418593406677
Model6Closed_Snow_aSrz_SIMHYD_Simple,12447390,48.82292,-120.14592,0.7186312675476074,0.6529616120809343,0.7532688303801909,41.876285286068644,-47.28402678442827,-77.62177276611328,0.5542922914028168,0.39454415635026513,0.0685576306799093,0.6012972697535992,0.2181349337410559,0.05664756468327973,0.3265147668862668,0.33089527735745056,0.0,0.00013724864402320236,5.4740063289911514e-05,7.24952042219229e-05,7.736631960142404e-05,212.90005493164062,197.54440307617188,0.5080280303955078,526.7416381835938,262.39056396484375,120.27304077148438,0.8551499843597412
Model6Closed_Snow_aSrz_SIMHYD_Simple,12451000,48.32958,-120.69177,0.8326375335454941,0.8254652079945091,0.8400496842352264,-46.98933143345621,-12.155476787417156,-9.885913848876953,0.6012487709522247,0.1369294852728257,0.038574646613914486,0.86136044593846,0.4984462343254268,0.018463111097865362,0.34445106731882963,0.34724192035554213,0.0,0.0001245050661964342,2.7483033228600116e-05,7.236094825202599e-05,7.739652210148051e-05,9.446107864379883,99.46892547607422,0.34574493765830994,16.977441787719727,16.976837158203125,8.283225059509277,0.4774097204208374
Model6Closed_Snow_aSrz_SIMHYD_Simple,12488500,46.97762,-121.1687,0.7104000151157379,0.6619933825347195,0.7510752414503855,-85.35898391223033,-23.28684633200522,-43.66838836669922,0.5322664380073547,0.28340365676986207,0.06520862226769311,0.7058442123560225,0.217913415071539,0.005835207347061726,0.48209558078040626,0.4915211531451491,0.0,0.00011517335951793939,2.366830944133708e-05,0.3895936608314514,0.0038358974270522594,321.0851135253906,428.828369140625,0.3083048164844513,574.7911376953125,323.139404296875,190.01785278320312,0.4608631134033203
Model6Closed_Snow_aSrz_SIMHYD_Simple,13011500,43.85028,-110.51778,0.8699275553226471,0.7500213178840867,0.9089862049537281,-29.40791138369134,-32.77976031479403,-31.84302520751953,0.7995447069406509,0.3314808489577665,0.0732058075733561,0.666988834739272,0.3225867115187836,0.02150902205288944,0.32289307647522986,0.32482450459924556,0.0,0.00015123393677640706,6.0949561590916764e-05,7.232216012198478e-05,7.7824603067711e-05,13.312200546264648,62.468196868896484,0.5499795079231262,101.32512664794922,84.08443450927734,38.34993362426758,1.108940601348877
Model6Closed_Snow_aSrz_SIMHYD_Simple,13011900,43.83806,-110.44111,0.8694886416196823,0.8535338886797308,0.8736782910921984,-37.34126340017357,-19.162880770747826,-11.804499626159668,0.7766540944576263,0.3302892241765025,0.06393210222614452,0.6716463239585959,0.2701121765918052,0.01615782809641333,0.3853763273525572,0.38645477648145155,0.0,0.00014496520452667028,6.010013554092672e-05,7.244468724820763e-05,7.766899943817407e-05,9.156954765319824,88.61758422851562,0.5375701189041138,79.99480438232422,69.05107879638672,31.8151912689209,1.1416540145874023
Model6Closed_Snow_aSrz_SIMHYD_Simple,13018300,43.45215,-110.70409,0.8534384518861771,0.8614109417778846,0.8722250869253448,33.88660308746894,-19.968061587283174,-5.719325542449951,0.7740254551172256,0.4868284588259697,0.09372946982188331,0.5109372796588685,0.19089855626142843,0.051376286108601295,0.26866240799140295,0.2735110945482941,0.0,0.00014895979256834835,6.529330297728355e-05,7.242138963192701e-05,7.790372183080763e-05,45.120399475097656,139.52703857421875,0.6386836171150208,302.98114013671875,187.060302734375,75.44869995117188,1.4951989650726318
Model6Closed_Snow_aSrz_SIMHYD_Simple,13023000,43.14278,-110.97667,0.9048833325505257,0.8433769243219481,0.9377223301615906,-7.07343170149054,-4.991725688058158,-3.9111886024475098,0.7890001833438873,0.42700390449382214,0.07567509207562714,0.5707952499385425,0.21167385701830735,0.018033433289556346,0.3410879504028147,0.34367762124859647,0.0,0.00014810566790401936,6.134287036972314e-05,7.246881432365626e-05,7.769491639919579e-05,16.851911544799805,99.05469512939453,0.5925557017326355,174.19403076171875,128.86753845214844,56.6865348815918,1.3054912090301514
Model6Closed_Snow_aSrz_SIMHYD_Simple,13083000,42.16583,-113.98361,-2.3189187049865723,-0.4844619100580667,0.6890844667254719,37.15432835451682,43.110146389567404,-17.693973541259766,-5.028255939483643,0.7684877346112029,0.2020642112444938,0.23225827324093956,0.08409883052220242,0.004205948424621358,0.1439534767950106,0.14470194852116042,0.0,0.00016573435277678072,0.00010413809081021332,7.24600104149431e-05,7.763791654724628e-05,29.286500930786133,39.06797790527344,0.8094642758369446,565.0537719726562,227.36849975585938,84.84590911865234,2.1074204444885254
Model6Closed_Snow_aSrz_SIMHYD_Simple,13161500,41.93324,-115.67453,-0.05107223987579346,-0.13111126425858677,0.7248924852784352,-23.417296994857438,14.480285783471162,-204.21719360351562,-0.9031134843826294,0.6470338348104318,0.1763694729182718,0.3496752982399179,0.12498652660487831,0.00643374332788371,0.21825504890567782,0.2210661625466798,0.0,0.00016599490481894463,0.00011692913445567892,7.232525967992842e-05,7.780656596878543e-05,12.148134231567383,28.191621780395508,0.7358694076538086,203.70729064941406,123.9977035522461,45.25018310546875,1.8683744668960571
Model6Closed_Snow_aSrz_SIMHYD_Simple,13235000,44.08528,-115.62222,0.8457659035921097,0.7409532391505791,0.8832444331740217,-24.398467711421834,-27.215360969004074,-8.019139289855957,0.6956651210784912,0.4404742773068023,0.07236097148203555,0.5583419551885939,0.1701426847541866,0.03446422628494801,0.35373502295929193,0.35463836826625644,0.0,0.00015392365457955748,5.8558638223923076e-05,7.235256634885445e-05,7.745191396679729e-05,19.91602325439453,72.55360412597656,0.5960416197776794,269.13671875,203.52145385742188,86.93949127197266,1.045420527458191
Model6Closed_Snow_aSrz_SIMHYD_Simple,13240000,44.91361,-115.99722,0.8168703466653824,0.698371652250489,0.8501532262475175,-2.2136438724719243,-48.455889041623514,-4.68248987197876,0.6709883511066437,0.3085366859409929,0.05148499426248803,0.6910784283204247,0.32209764092951515,0.026531985332068405,0.3424488225402022,0.343541134492633,0.0,0.00014873716281726956,4.5577268955909364e-05,7.223855936899781e-05,7.757179992040619e-05,32.002464294433594,25.688899993896484,0.47002774477005005,250.55294799804688,178.07980346679688,83.9268569946289,0.7486714124679565
Model6Closed_Snow_aSrz_SIMHYD_Simple,13310700,44.98694,-115.725,0.7651088237762451,0.6390441522804791,0.8348589442010764,-114.04150314085888,-45.30402183337425,-55.756935119628906,0.5795179605484009,0.5140153518696202,0.09860925764960377,0.4880539213587053,0.11750611111818417,0.021065956818237058,0.3494818570391864,0.3516847241721345,0.0,0.00015274812176357955,4.959454448537592e-05,7.233656651806086e-05,7.741161971352994e-05,110.90730285644531,124.35821533203125,0.5961061120033264,689.8598022460938,422.0103759765625,180.80841064453125,0.9009509682655334
Model6Closed_Snow_aSrz_SIMHYD_Simple,13313000,44.96167,-115.5,0.6677671670913696,0.5033248427561187,0.7446732007106498,29.559258985531066,-50.31522800611987,-414.66998291015625,0.5973291993141174,0.4427111800230217,0.07142998526363976,0.5650122376963979,0.1413206848192659,0.00528499208996302,0.4184065276299925,0.4208367001714624,0.0,0.00013144580589141697,3.59762807573743e-05,7.227750029414892e-05,7.738120621070266e-05,160.21531677246094,258.64044189453125,0.531501293182373,643.4706420898438,403.9183349609375,181.12762451171875,0.7880859971046448
Model6Closed_Snow_aSrz_SIMHYD_Simple,13331500,45.61987,-117.72659,0.8864590376615524,0.846596661060129,0.8943515071254903,-31.044528428934104,-28.642233970106897,-26.39602279663086,0.7582374811172485,0.32706470092730194,0.06432156271428477,0.6698629891251344,0.2912148737194708,0.01729546391817044,0.3613526337225431,0.3640019957381806,0.0,0.00014417350757867098,5.109262103001923e-05,7.231874769786373e-05,7.755310070933774e-05,28.541091918945312,100.14820861816406,0.4510323107242584,142.18212890625,116.00342559814453,63.40815353393555,0.8160085678100586
Model6Closed_Snow_aSrz_SIMHYD_Simple,13337000,46.15083,-115.58722,0.8906623497605324,0.785334698906869,0.9165274019855755,-48.76251029826492,-30.339236784283894,-19.580177307128906,0.8106598258018494,0.3192054951936019,0.07741985051887908,0.6783329009585427,0.21497847281835314,0.054550464051864644,0.40880399463477296,0.4115168124717873,0.0,0.0001411155826644972,3.8695184450435063e-05,7.238210673676804e-05,7.737550185993314e-05,32.06138610839844,75.04055786132812,0.4344390332698822,160.331298828125,138.55609130859375,79.54871368408203,0.649167537689209
Model6Closed_Snow_aSrz_SIMHYD_Simple,13338500,46.08639,-115.97667,0.7098415791988373,0.5525148925141178,0.8535652382112063,61.41647849269351,15.88038774999623,-81.17186737060547,0.49151062965393066,0.5466699073065754,0.14371268434925855,0.4523953672058166,0.13660291603961824,0.016285366583485606,0.29950708109117896,0.30185679951899885,0.0,0.00015717877249699086,6.568559281165495e-05,7.236529199872166e-05,7.740603177808225e-05,31.31917953491211,59.65559387207031,0.5828365683555603,265.02484130859375,192.49574279785156,88.4876708984375,0.9698477983474731
Model6Closed_Snow_aSrz_SIMHYD_Simple,13340000,46.47833,-116.2575,0.8978511691093445,0.9074880593944643,0.8991120671262971,-47.36557805740986,-26.996664954690566,-4.998048782348633,0.7861704975366592,0.47382823981020594,0.16413843782387783,0.5254453961400227,0.24030468860640344,0.0029079988883925745,0.2822327605368452,0.28340930661648384,0.0,0.00015344466373790056,5.1055463410584115e-05,7.230436312966049e-05,7.748440839350224e-05,24.715837478637695,31.489356994628906,0.5490702390670776,209.93429565429688,187.6540069580078,92.99723052978516,0.7939589619636536
Model6Closed_Snow_aSrz_SIMHYD_Simple,13340600,46.84047,-115.6207,0.896545059978962,0.9084920681821765,0.8981868574728853,-5.068786784067706,-21.7773077909694,-3.600090503692627,0.7789788246154785,0.3073483737806159,0.0853886909049639,0.6897714326094467,0.26977365032733686,0.05552296944046196,0.3644748593932409,0.36746915095759886,0.0,0.00014317886962089688,3.739510149501255e-05,7.229959010146558e-05,7.735982217127457e-05,36.182037353515625,86.99319458007812,0.42398810386657715,157.2731170654297,144.1863555908203,83.30941772460938,0.6006802320480347
Model6Closed_Snow_aSrz_SIMHYD_Simple,14020000,45.71958,-118.32329,0.7564680874347687,0.7013244630227851,0.781956738651711,-236.0116489378885,-50.20829961179321,-46.11640548706055,0.5143707990646362,0.3744721869729898,0.07217963565614327,0.6229403952278932,0.20968403604930527,0.014516593479537218,0.3987397782429309,0.4012395561326261,0.0,0.00016014862922020257,6.0111159827157125e-05,7.221293344628066e-05,7.748552889097482e-05,73.9748764038086,57.134674072265625,0.45309630036354065,313.5991516113281,204.9237823486328,100.16635131835938,0.8648983836174011
Model6Closed_Snow_aSrz_SIMHYD_Simple,14092750,44.75039,-121.6334,0.6742945909500122,0.703746240165765,0.6789802040473851,-139.50690910876654,-41.122484093133906,-5.059299468994141,0.5691513419151306,0.2819343005453772,0.05683856580464074,0.7085038543732063,0.23268615615740884,0.009921674470220626,0.4658960296069641,0.47405864433259937,0.0,0.0001237299875356257,2.6040936771318202e-05,28.551013946533203,0.23500242829322815,183.88775634765625,348.49365234375,0.3402394950389862,374.83905029296875,255.3154296875,151.9611053466797,0.668968677520752
Model6Closed_Snow_aSrz_SIMHYD_Simple,14096850,44.95873,-121.39423,0.36263221502304077,0.24921941308740236,0.5973957531629271,-65.38541100702243,-43.157933081909064,-390.6079406738281,0.49765074253082275,0.6371243124920598,0.1557153491214091,0.36135180127479,0.022435849784930347,0.0025469003799698975,0.336369057079571,0.33794779378190365,0.0,0.00016953625890892,6.320146109671088e-05,7.231117342598736e-05,7.734885730315e-05,103.81410217285156,121.24522399902344,0.6407296061515808,734.5902099609375,490.466552734375,206.10861206054688,1.1441898345947266
Model6Closed_Snow_aSrz_SIMHYD_Simple,14137000,45.39956,-122.13731,0.7961649149656296,0.8556229879558781,0.8267864638718386,-118.21685954428611,-26.72817143134996,-1.286231517791748,0.7073958814144135,0.1769855772102246,0.040063857446654236,0.8213485763553171,0.2757191283954693,0.024467684265183975,0.5211617705819697,0.5227947783422553,0.0,0.00014619433204643428,2.259649879359627e-05,7.226095476653427e-05,7.732224185019732e-05,76.15721130371094,85.62918090820312,0.2962036728858948,185.29930114746094,164.04701232910156,107.32699584960938,0.32161036133766174
Model6Closed_Snow_aSrz_SIMHYD_Simple,14138800,45.45262,-121.89147,0.8202404826879501,0.8400470646755129,0.8221405085203217,0.8644502713238078,-33.87242545694445,-4.295177459716797,0.7449651658535004,0.10285504818421974,0.028316070074450788,0.8966101809195075,0.46499729625372693,0.014659243688224566,0.41695363535879815,0.4176900971865306,0.0,0.0001512192829977721,1.9068157356073553e-05,7.22683544154279e-05,7.732318772468716e-05,25.36154556274414,74.69591522216797,0.28527915477752686,45.738304138183594,41.78749084472656,28.453630447387695,0.2709459662437439
Model6Closed_Snow_aSrz_SIMHYD_Simple,14138870,45.48012,-122.02564,0.7512640357017517,0.7038190258421597,0.8386966459929727,-11.508354900865704,-5.794741600708262,-2.105757236480713,0.6257129609584808,0.12990512212932548,0.03224715499135456,0.8693810005559777,0.3118454891666549,0.027654192362688144,0.5298812522419117,0.5307679067719792,0.0,0.00015401540440507233,1.775657507388407e-05,7.218922837637365e-05,7.731327059445903e-05,91.97020721435547,84.45170593261719,0.258067786693573,175.02830505371094,149.7978515625,107.593017578125,0.2516622543334961
Model6Closed_Snow_aSrz_SIMHYD_Simple,14138900,45.49429,-122.03592,0.846207931637764,0.8959679445173409,0.8471287675835373,-151.3739388011995,-24.993280137350087,-0.5917237997055054,0.7642752528190613,0.12048760904735832,0.027516781569028915,0.879577705173843,0.3451151752442667,0.021860728669062062,0.5126018253723797,0.5128423267633837,0.0,0.00015255656035151333,1.6510223136797067e-05,7.217879465315491e-05,7.73134088376537e-05,90.6197509765625,78.17817687988281,0.2562899589538574,167.70205688476562,146.31845092773438,106.06342315673828,0.23818516731262207
Model6Closed_Snow_aSrz_SIMHYD_Simple,14139800,45.44456,-122.10953,0.8532239645719528,0.9036651548265893,0.8539992331145737,-18.90665531737348,-33.51683221548957,-0.4385192394256592,0.7706973701715469,0.12396232382325423,0.030344270748863637,0.8757575815643002,0.34762731141747777,0.02249905620767007,0.5056311581401596,0.5061688753414136,0.0,0.00015884212916716933,1.9405706572333226e-05,7.229345646919683e-05,7.731062942184508e-05,49.9924430847168,81.163818359375,0.29067152738571167,91.41565704345703,85.72860717773438,59.96063995361328,0.266625314950943
Model6Closed_Snow_aSrz_SIMHYD_Simple,14141500,45.4154,-122.17148,0.808091476559639,0.8418271261884427,0.837991519448497,-40.27948516444943,-22.204909690561546,-1.3554584980010986,0.6804777085781097,0.16457966335199742,0.03745391496990133,0.8343829931213175,0.2606851541606898,0.02767456619840288,0.5460232931855893,0.5472667142947306,0.0,0.0001581746037118137,2.071367937533471e-05,7.217947131721303e-05,7.731260120635852e-05,86.56510162353516,94.68983459472656,0.29720595479011536,182.8245849609375,168.46597290039062,115.49851989746094,0.2907550632953644
Model6Closed_Snow_aSrz_SIMHYD_Simple,14154500,43.73596,-122.8734,0.8418872654438019,0.6959090368539151,0.8730076915489018,-19.40057126827446,-19.14762485389119,-181.48214721679688,0.8096456974744797,0.27937833769470444,0.08351268488654125,0.7127212298366411,0.2157014854456318,0.014585731268806319,0.4824341366220352,0.49076302176585507,0.0,0.00016809186490718275,3.549563904361288e-05,7.21790493116714e-05,7.733360689599067e-05,49.13775634765625,233.91102600097656,0.40365201234817505,197.55445861816406,183.63919067382812,106.95475769042969,0.48781540989875793
Model6Closed_Snow_aSrz_SIMHYD_Simple,14158500,44.36095,-121.99562,0.6075817942619324,0.7902891271179864,0.7042310539143274,-175.86715782618188,3.5867296573351015,-3.414742946624756,0.07020878791809082,0.2897210986154706,0.046372959126300094,0.708179303675683,0.1253837306382282,0.007988722827748575,0.5748067961463329,0.5761305658056397,0.0,0.0001363387273158878,2.2816320142426413e-05,7.227920286823064e-05,7.738874410279095e-05,320.8244934082031,142.9064483642578,0.3270951807498932,715.2206420898438,468.2233581542969,273.5799865722656,0.3871660828590393
Model6Closed_Snow_aSrz_SIMHYD_Simple,14158790,44.33457,-122.04701,0.7949676960706711,0.8539817116117504,0.7953091700236258,-69.95744157041393,-16.92181667654532,-6.164158344268799,0.6488342583179474,0.15823321614355193,0.0376624309190255,0.8411970208867006,0.39331742313898815,0.018197843672631834,0.42968170262168465,0.4304585708327462,0.0,0.00014296841982286423,2.277075442053157e-05,7.220364204840735e-05,7.737119449302554e-05,56.15283203125,42.83750915527344,0.29701101779937744,155.82371520996094,122.45002746582031,76.96662139892578,0.3608834147453308
Model6Closed_Snow_aSrz_SIMHYD_Simple,14166500,44.04984,-123.42621,0.8394027054309845,0.7139816034632516,0.8627937448259843,32.719028259314946,-18.781705459320893,-85.19109344482422,0.7799248397350311,0.388234511348942,0.10834576787067644,0.6047462277238745,0.12953133597075095,0.009615170959026809,0.46559972393018934,0.4727712567866716,0.0,0.000176262590684928,3.30810275406987e-05,7.217717939056456e-05,7.731474033789709e-05,187.97149658203125,239.99081420898438,0.43652382493019104,609.3287353515625,479.9654235839844,267.2823486328125,0.6077306866645813
Model6Closed_Snow_aSrz_SIMHYD_Simple,14182500,44.79151,-122.57897,0.7978541105985641,0.7604102294977758,0.8108482109534896,12.506342166376282,-45.27048235503927,0.12515920400619507,0.6957088112831116,0.1558494242001804,0.042582663773111915,0.8442086061832431,0.34915651340933035,0.037531047490989226,0.45752104528292353,0.45790218378796416,0.0,0.00016112547018565238,2.482683641347685e-05,7.217828533612192e-05,7.731339428573847e-05,36.42942810058594,42.49769592285156,0.3382548391819,85.89942169189453,78.4828109741211,50.169368743896484,0.3489223122596741
Model6Closed_Snow_aSrz_SIMHYD_Simple,14185000,44.39179,-122.49758,0.893878348171711,0.9174017457629335,0.8964897750114215,1.9215513428097566,-19.618531759176147,-4.451300621032715,0.8267351388931274,0.20302035895457987,0.049507798322859446,0.7961341002761194,0.26691218362362124,0.03624781299998935,0.4929740848580362,0.49419181632730264,0.0,0.0001590521860634908,2.683434787407864e-05,7.217867823783308e-05,7.732168887741864e-05,52.731346130371094,59.648887634277344,0.3568421006202698,164.05859375,151.30709838867188,93.26483917236328,0.3879581391811371
Model6Closed_Snow_aSrz_SIMHYD_Simple,14185900,44.54012,-122.43591,0.88737553358078,0.8852392934773984,0.8899840672180883,-9.580821756713616,-12.085856357202978,-2.3682949542999268,0.8024407923221588,0.1398519905700633,0.036477211597297124,0.8602992668421129,0.4030174865246967,0.03263684704402194,0.4246448743572378,0.4248914581104557,0.0,0.00015722171519882977,2.3097537002881184e-05,7.217835809569806e-05,7.731554796919227e-05,34.204959869384766,48.59673309326172,0.32737889885902405,79.14147186279297,70.776123046875,45.151161193847656,0.333461195230484
Model6Closed_Snow_aSrz_SIMHYD_Simple,14187000,44.37235,-122.62314,0.8967727497220039,0.8453954262447758,0.9055269540263065,24.759005516979578,-10.29410525831475,-22.8429012298584,0.8355773240327835,0.2493338600327796,0.0578129632194478,0.7497631900577714,0.19659492584136654,0.03096659610157073,0.5222016361134906,0.5235285718235594,0.0,0.00016786206106189638,3.0138527054669865e-05,7.217833626782522e-05,7.731500954832882e-05,78.09366607666016,60.96836471557617,0.3700815439224243,249.55555725097656,219.26043701171875,131.65016174316406,0.4133336842060089
Model6Closed_Snow_aSrz_SIMHYD_Simple,14216500,46.07567,-121.9987,0.8343302458524704,0.9129849482421373,0.8385675268949369,-182.08563803951296,-38.5246756447714,-1.626300573348999,0.6970570385456085,0.16229198456225724,0.03310760262377909,0.8370580990965271,0.32587512162979004,0.02655740740087166,0.48462564160578697,0.48544114901889673,0.0,0.0001388556556776166,1.8577704643064467e-05,7.228078902699053e-05,7.735331018920988e-05,146.15774536132812,70.1423110961914,0.2432340383529663,302.220947265625,239.11570739746094,160.9387969970703,0.28151676058769226
Model6Closed_Snow_aSrz_SIMHYD_Simple,14222500,45.83678,-122.46621,0.8924681916832924,0.8503301152804706,0.9065095293117448,-32.68242769921165,-15.910063077888722,-4.098709583282471,0.8294776082038879,0.1772487505165234,0.03500021664829408,0.8229874114057768,0.20272313387176527,0.02558943441417831,0.5946747637722486,0.5949567944760727,0.0,0.00015916959091555327,2.0995262414151496e-05,7.217804522952065e-05,7.730744982836768e-05,103.172607421875,70.36615753173828,0.3039493262767792,240.39697265625,220.50064086914062,149.6656494140625,0.29173099994659424
Model6Closed_Snow_aSrz_SIMHYD_Simple,14236200,46.59538,-122.45956,0.8512100726366043,0.7891306842679445,0.8672898672497347,-34.35695840945749,-27.938258707890864,-0.3306382894515991,0.7652728110551834,0.1689174546466717,0.045912621752146734,0.8299837608110163,0.3195636867426905,0.030377239123140727,0.48004279046718396,0.4812016009728909,0.0,0.00016006207442842424,2.7786067586840707e-05,7.226047455333173e-05,7.730841753073037e-05,41.99272918701172,68.55136108398438,0.33329156041145325,70.69750213623047,67.33329010009766,43.57633590698242,0.36393871903419495
Model6Closed_Snow_aSrz_SIMHYD_Simple,14301000,45.704,-123.7554,0.9397270530462265,0.8763536560378701,0.9459589934987525,29.846989660245395,-4.228027178074984,-37.93796920776367,0.9034344255924225,0.29408334730883173,0.09622540518462473,0.6986386721883449,0.16977711678423274,0.008176768564792726,0.5206847411941393,0.5273755122916918,0.0,0.00017370498972013593,2.9051086621843745e-05,7.217813981696963e-05,7.73115607444197e-05,152.70164489746094,256.51605224609375,0.35971954464912415,376.386474609375,330.8178405761719,204.47019958496094,0.4877121150493622
Model6Closed_Snow_aSrz_SIMHYD_Simple,14303200,45.32428,-123.5465,0.8789436146616936,0.8879402010481823,0.8799363163097347,-1.5864202229273534,-26.6733595409502,-0.643978476524353,0.803997352719307,0.1716319344872342,0.04416885389213726,0.8280808859833427,0.2791512964523701,0.008798795550107371,0.540130842247414,0.5410631717738252,0.0,0.00017234872211702168,2.4891684510072328e-05,7.217813981696963e-05,7.73099236539565e-05,63.93409729003906,84.23968505859375,0.33908188343048096,187.92933654785156,179.90821838378906,116.81303405761719,0.32280233502388
Model6Closed_Snow_aSrz_SIMHYD_Simple,14305500,44.71512,-123.88733,0.8667591512203217,0.7889967151940003,0.8834907833562274,2.7920585495660664,-42.9203864524612,-1.0740454196929932,0.772411122918129,0.1433198865970351,0.03624649690553739,0.8566125664020517,0.36625078846499215,0.016850787762523346,0.4735109761126606,0.47382186230931345,0.0,0.00017141892749350518,2.4042563491626286e-05,7.217815436888486e-05,7.731177902314812e-05,48.71277618408203,47.5638542175293,0.3571968078613281,89.85467529296875,85.7716293334961,53.37959289550781,0.32576924562454224
Model6Closed_Snow_aSrz_SIMHYD_Simple,14306340,44.2479,-123.63649,0.7941041737794876,0.7021956317347469,0.8354607306593083,21.67155298235068,-13.983849614057526,-45.60631561279297,0.6938784420490265,0.1843139042735894,0.06489989687071243,0.8125943048905836,0.26927074191339045,0.014222803130056883,0.5291007203056385,0.5332129348501882,0.0,0.00017332502466160804,2.4609094450601794e-05,7.224189175758511e-05,7.730141078354791e-05,31.70254135131836,186.25286865234375,0.3661269247531891,157.3262939453125,154.28883361816406,98.0286865234375,0.3766475319862366
Model6Closed_Snow_aSrz_SIMHYD_Simple,14306500,44.38595,-123.83178,0.854986235499382,0.7842242758565202,0.8787327329243095,-45.17642916158894,1.5527431385681199,-33.77587127685547,0.7611574530601501,0.25319790988077134,0.08927878775916645,0.7395260996194195,0.1597900081728416,0.004565330083737568,0.5751707806377777,0.5826621945415201,0.0,0.00017591983487363905,2.6468613686805157e-05,7.217780512291938e-05,7.730269862804562e-05,81.86953735351562,301.3468322753906,0.377369225025177,283.541748046875,271.2113952636719,169.89376831054688,0.4714452624320984
Model6Closed_Snow_aSrz_SIMHYD_Simple,14308990,42.82318,-123.12589,0.7977384179830551,0.5365419963996176,0.8541035163992589,-42.57482423711989,-29.798099805066826,-180.57052612304688,0.7843443006277084,0.4784657690460304,0.10298618117236522,0.5142999998675759,0.09568564347398217,0.014815185571492053,0.403799132395481,0.4113955432497883,0.0,0.0001695140526862815,4.497962099685801e-05,7.220102997962385e-05,7.740818546153605e-05,131.79483032226562,199.8465576171875,0.5343714356422424,630.0498657226562,480.5586853027344,242.56893920898438,0.8382653594017029
Model6Closed_Snow_aSrz_SIMHYD_Simple,14309500,42.804,-123.61091,0.7866290658712387,0.5959049687823226,0.8244780686019585,-58.89379328499479,-13.750271757480677,-862.1209106445312,0.7388148605823517,0.2761280767109845,0.07617612053446612,0.7145122184366722,0.14318281040896097,0.007312615296370163,0.5640165990166902,0.5736255018493694,0.0,0.000178869508090429,3.465656784689129e-05,7.220545376185328e-05,7.730389188509434e-05,49.74967575073242,314.6566467285156,0.44649070501327515,252.9995880126953,242.45367431640625,135.82754516601562,0.6272280812263489
Model6Closed_Snow_aSrz_SIMHYD_Simple,14316700,43.34984,-122.72894,0.8765520602464676,0.8593614875391704,0.8820335223420888,-17.01688670366909,-15.868125206195389,-25.21673583984375,0.8139551877975464,0.25727269520054424,0.08163143456016174,0.7401198886091249,0.3094610918054387,0.0312049947962883,0.39945385952816104,0.40245157326956454,0.0,0.00017102256242651492,3.679493630686958e-05,7.217899110401049e-05,7.733277743682265e-05,35.63669967651367,87.3608169555664,0.4072231650352478,145.0615234375,139.02032470703125,79.39826965332031,0.501305103302002
Model6Closed_Snow_aSrz_SIMHYD_Simple,14325000,42.8915,-124.07065,0.8182579576969147,0.7850974503808941,0.826842555559833,6.220334522835976,-27.712759503191428,-197.8135223388672,0.7554624676704407,0.20917126510393316,0.06129840642722223,0.7862248444590111,0.2330821990087141,0.011520119163409188,0.5416225620558713,0.5460562130689607,0.0,0.00017887110880110413,2.801651987017639e-05,7.217800884973258e-05,7.73061765357852e-05,64.09820556640625,193.2921600341797,0.3848121464252472,197.47198486328125,186.61212158203125,114.7005844116211,0.38660991191864014
Model6Closed_Snow_aSrz_SIMHYD_Simple,14362250,42.15401,-123.07532,0.21315473318099976,-0.8863469435673339,0.758098431883586,86.80025328232291,-23.097673991394792,-584.1397705078125,0.36075180768966675,0.6189600124554774,0.11845848994777941,0.3765391685944659,0.04086090554008949,0.008271826667692916,0.32740643449425993,0.3312634358284034,0.0,0.0001772134710336104,6.0209678899275805e-05,7.235605880850926e-05,7.740187720628455e-05,125.21817016601562,100.3479995727539,0.6566681265830994,876.8095703125,552.2025756835938,236.45785522460938,1.1953904628753662
Model6Closed_Snow_aSrz_SIMHYD_Simple,14400000,42.12344,-124.18731,0.7264760434627533,0.47471764150006146,0.8645160256417982,-172.67512103959444,-48.726404609635296,-8.18763256072998,0.5042880475521088,0.1258190268588844,0.034037686555484746,0.8736766036303543,0.4761428389527518,0.015965958248889352,0.381567675375299,0.3821157141628551,0.0,0.0001845858059823513,3.147159749392064e-05,7.217865640996024e-05,7.732467202004045e-05,14.295891761779785,23.834016799926758,0.41054293513298035,31.13996696472168,29.48151397705078,16.196212768554688,0.410302072763443
