model,basin_id,cumulative_precipitation_mm,mean_abs_daily_wb_residual_mm_day,max_abs_daily_wb_residual_mm_day,cumulative_relative_wb_error,external_loss_over_P
Model6PhysicalFix_B_soft_gate,1013500,17359.48828125,0.020157629624009132,1.3475929498672485,0.006362148901087279,0.10141081296949232
Model6PhysicalFix_B_soft_gate,1022500,20077.05859375,0.03623272106051445,1.0337005853652954,0.009887856458621246,0.052597662288288854
Model6PhysicalFix_B_soft_gate,1030500,18280.23046875,0.027782732620835304,1.051511526107788,0.00832711537171197,0.06978150250473371
Model6PhysicalFix_B_soft_gate,1031500,19840.40625,0.017599165439605713,0.9681059122085571,0.004860073216815668,0.05008876741828938
Model6PhysicalFix_B_soft_gate,1047000,18903.4375,0.022623131051659584,0.9216328859329224,0.006557121326674629,0.05538411705873601
Model6PhysicalFix_B_soft_gate,1052500,20719.5078125,0.01153879426419735,1.4952510595321655,0.003051281654432323,0.08753852376063168
Model6PhysicalFix_B_soft_gate,1054200,23372.59375,0.02031645178794861,1.1524364948272705,0.0047625797959816715,0.06396387165690853
Model6PhysicalFix_B_soft_gate,1055000,19840.38671875,0.01678561419248581,1.0363775491714478,0.004635412862298118,0.0613099976196753
Model6PhysicalFix_B_soft_gate,1057000,20830.89453125,0.044180795550346375,2.2569732666015625,0.01162055588796426,0.07346333026984972
Model6PhysicalFix_B_soft_gate,1073000,20425.341796875,0.05293375626206398,3.674468994140625,0.014199226173827607,0.06270383757539247
Model6PhysicalFix_B_soft_gate,1078000,20490.39453125,0.04380542039871216,2.067962646484375,0.011713288516141614,0.08390823034268534
Model6PhysicalFix_B_soft_gate,1118300,22078.8671875,0.0700371041893959,3.0511016845703125,0.01738011615851555,0.07009821635507653
Model6PhysicalFix_B_soft_gate,1121000,20598.021484375,0.05762625113129616,1.8077468872070312,0.01532837620601645,0.05732243558738338
Model6PhysicalFix_B_soft_gate,1123000,21351.65234375,0.06072283908724785,2.3806228637695312,0.01558195282017657,0.05459799108053515
Model6PhysicalFix_B_soft_gate,1134500,19585.005859375,0.015599732287228107,1.4038074016571045,0.004364100405204755,0.07507161788609211
Model6PhysicalFix_B_soft_gate,1137500,22661.140625,0.018056821078062057,1.467354655265808,0.004365769611025344,0.07668614572337144
Model6PhysicalFix_B_soft_gate,1139000,17758.95703125,0.021356619894504547,1.5556745529174805,0.006588952062839989,0.07341580272103009
Model6PhysicalFix_B_soft_gate,1139800,18778.6015625,0.02587466686964035,1.6468966007232666,0.0075494068605140244,0.0866908982797491
Model6PhysicalFix_B_soft_gate,1142500,19087.91015625,0.0219243336468935,1.581279993057251,0.006293168155204998,0.07919267579793739
Model6PhysicalFix_B_soft_gate,1144000,19662.759765625,0.023125534877181053,1.4693527221679688,0.006443897244185724,0.07655000336236022
Model6PhysicalFix_B_soft_gate,1162500,21038.61328125,0.05066051706671715,1.5400390625,0.013193311080723039,0.10838657435129045
Model6PhysicalFix_B_soft_gate,1169000,21952.376953125,0.020270545035600662,1.4253292083740234,0.005059238784560008,0.07966289576415282
Model6PhysicalFix_B_soft_gate,1170100,21756.6875,0.015945717692375183,1.4311659336090088,0.0040156197848515325,0.07839263053457701
Model6PhysicalFix_B_soft_gate,1181000,21420.73046875,0.02390851080417633,1.2630465030670166,0.006115325334440735,0.06426951467319461
Model6PhysicalFix_B_soft_gate,1187300,22190.91015625,0.020198754966259003,1.2573562860488892,0.0049871313380223424,0.07589411213734228
Model6PhysicalFix_B_soft_gate,1195100,20584.064453125,0.09002669155597687,2.4488983154296875,0.023963014044636508,0.06012067416760215
Model6PhysicalFix_B_soft_gate,1333000,20890.41015625,0.010664264671504498,1.6667492389678955,0.002796953432580178,0.08063206988852728
Model6PhysicalFix_B_soft_gate,1350000,22485.580078125,0.009775727055966854,1.1836025714874268,0.0023820246856666037,0.06887726417894385
Model6PhysicalFix_B_soft_gate,1350080,20491.798828125,0.013877280056476593,1.2076706886291504,0.003710441223341922,0.07398668970179667
Model6PhysicalFix_B_soft_gate,1350140,20488.8046875,0.008944064378738403,1.3071637153625488,0.0023917709594621413,0.09273782376198587
Model6PhysicalFix_B_soft_gate,1365000,24261.380859375,0.010524843819439411,1.5402076244354248,0.002376848178210822,0.05609918029771305
Model6PhysicalFix_B_soft_gate,1411300,17995.111328125,0.09324527531862259,2.469268798828125,0.028390536731058794,0.11074694277319459
Model6PhysicalFix_B_soft_gate,1413500,22334.52734375,0.008956479839980602,1.2490530014038086,0.0021971611391957413,0.09207781175061944
Model6PhysicalFix_B_soft_gate,1414500,23253.17578125,0.00795224029570818,1.3096004724502563,0.00187373648889819,0.08345149175692232
Model6PhysicalFix_B_soft_gate,1415000,21901.5703125,0.00908996444195509,1.2773041725158691,0.002273988404508488,0.09740011997926803
Model6PhysicalFix_B_soft_gate,1423000,21298.826171875,0.0112985884770751,1.2996107339859009,0.0029064967131129495,0.11391188573240585
Model6PhysicalFix_B_soft_gate,1434025,25860.359375,0.008515103720128536,1.4779326915740967,0.0018040836332589756,0.060292177133136324
Model6PhysicalFix_B_soft_gate,1435000,25030.2265625,0.009984889067709446,1.523157000541687,0.0021856456868047662,0.06017705663059257
Model6PhysicalFix_B_soft_gate,1439500,21146.421875,0.035061661154031754,1.8073501586914062,0.009084413683498464,0.07997265485591165
Model6PhysicalFix_B_soft_gate,1440000,20225.47265625,0.034204401075839996,1.3756860494613647,0.009265836081646732,0.09128534783932932
Model6PhysicalFix_B_soft_gate,1440400,21575.962890625,0.031077362596988678,1.72259521484375,0.007891785585096189,0.07399767292034058
Model6PhysicalFix_B_soft_gate,1451800,19558.330078125,0.04691575467586517,1.5729869604110718,0.013142810306010716,0.06962425971390666
Model6PhysicalFix_B_soft_gate,1466500,20135.94140625,0.1573064774274826,1.65506112575531,0.04280317392465781,0.22221868991644878
Model6PhysicalFix_B_soft_gate,1484100,18924.48046875,0.18258269131183624,4.6258544921875,0.05286119252365539,0.15953498455105378
Model6PhysicalFix_B_soft_gate,1485500,18354.017578125,0.08430055528879166,2.1761016845703125,0.025165212439119202,0.1681030166568819
Model6PhysicalFix_B_soft_gate,1486000,18575.33984375,0.089305080473423,2.694122314453125,0.026341512746759554,0.12225989198969484
Model6PhysicalFix_B_soft_gate,1487000,19008.34375,0.14758582413196564,4.771980285644531,0.04254041027110628,0.15389713213934011
Model6PhysicalFix_B_soft_gate,1491000,18818.060546875,0.14011923968791962,9.894355773925781,0.04079662279535939,0.14218354998268265
Model6PhysicalFix_B_soft_gate,1510000,18938.77734375,0.012205132283270359,1.4990458488464355,0.0035309522104222755,0.08700261451011865
Model6PhysicalFix_B_soft_gate,1516500,17874.01953125,0.024678079411387444,1.4735870361328125,0.00756467769675522,0.11526763159430292
Model6PhysicalFix_B_soft_gate,1518862,16737.7578125,0.015999427065253258,1.454314112663269,0.005237311899018546,0.14092240574150977
Model6PhysicalFix_B_soft_gate,1532000,17651.3359375,0.021267196163535118,1.3677749633789062,0.006601368447097666,0.10587098964711861
Model6PhysicalFix_B_soft_gate,1539000,18917.55859375,0.025413107126951218,1.4743881225585938,0.007360274207111655,0.08653827540138698
Model6PhysicalFix_B_soft_gate,1542810,18632.30859375,0.016143783926963806,1.4906281232833862,0.004747226539905377,0.09329620759135834
Model6PhysicalFix_B_soft_gate,1543000,18466.19921875,0.01989915780723095,1.4506497383117676,0.005904164673388689,0.08344173407410119
Model6PhysicalFix_B_soft_gate,1543500,18587.34375,0.022980881854891777,1.4320008754730225,0.006774085011695206,0.08072096399810019
Model6PhysicalFix_B_soft_gate,1544500,18468.63671875,0.019304469227790833,1.3168085813522339,0.005726962392403633,0.09123668614930168
Model6PhysicalFix_B_soft_gate,1545600,18677.1953125,0.02244238741695881,1.3530830144882202,0.006583528379962655,0.07804377314455588
Model6PhysicalFix_B_soft_gate,1547700,17187.97265625,0.016793077811598778,1.3522061109542847,0.005353119834659093,0.09512665958504322
Model6PhysicalFix_B_soft_gate,1548500,17583.08984375,0.01839938759803772,1.3815746307373047,0.005733363282281826,0.10542355703533512
Model6PhysicalFix_B_soft_gate,1549500,18836.1640625,0.022460920736193657,1.2417786121368408,0.006533357036041458,0.08854035973851829
Model6PhysicalFix_B_soft_gate,1550000,18903.23046875,0.019530821591615677,1.3424968719482422,0.005660903784323405,0.08256235964958866
Model6PhysicalFix_B_soft_gate,1552000,19173.2109375,0.025148024782538414,1.2602826356887817,0.0071863824192059155,0.07546379714371981
Model6PhysicalFix_B_soft_gate,1552500,19929.00390625,0.020155876874923706,1.1327444314956665,0.005541373368843502,0.08033517417786773
Model6PhysicalFix_B_soft_gate,1557500,17253.92578125,0.018474562093615532,1.2876486778259277,0.005866613979664954,0.10642238066291526
Model6PhysicalFix_B_soft_gate,1567500,18096.044921875,0.02871732972562313,1.597625732421875,0.008694842177832583,0.11726678125345717
Model6PhysicalFix_B_soft_gate,1568000,18765.32421875,0.030376313254237175,1.4600296020507812,0.00886911527828402,0.09776360122758004
Model6PhysicalFix_B_soft_gate,1580000,19321.314453125,0.1412489116191864,3.6054153442382812,0.040054354111033266,0.0873713218774643
Model6PhysicalFix_B_soft_gate,1583500,18327.75390625,0.11175470054149628,1.8290176391601562,0.03340856818818795,0.12130171540131354
Model6PhysicalFix_B_soft_gate,1586610,18595.34765625,0.1170731857419014,1.7629402875900269,0.03449486299391502,0.09689427421047225
Model6PhysicalFix_B_soft_gate,1591400,18565.18359375,0.13594576716423035,2.4295272827148438,0.04012063005095854,0.12630080362960994
Model6PhysicalFix_B_soft_gate,1594950,22062.97265625,0.012774944305419922,1.6376874446868896,0.00317246095814431,0.09111068751891116
Model6PhysicalFix_B_soft_gate,1596500,18690.107421875,0.012770751491189003,1.2195794582366943,0.0037437423812626477,0.11624653123754158
Model6PhysicalFix_B_soft_gate,1605500,17708.181640625,0.013637353666126728,1.5073360204696655,0.004219465573684878,0.09966778851451191
Model6PhysicalFix_B_soft_gate,1606500,18687.27734375,0.014179948717355728,1.6420860290527344,0.004157477779051715,0.07023301699037802
Model6PhysicalFix_B_soft_gate,1613050,17350.71875,0.027211029082536697,1.4152846336364746,0.008592683424047634,0.11262975220091746
Model6PhysicalFix_B_soft_gate,1620500,18674.23828125,0.01722252555191517,1.406412124633789,0.005053069332359607,0.12486496217528953
Model6PhysicalFix_B_soft_gate,1632000,16358.6689453125,0.020875737071037292,1.5451433658599854,0.006991898848965366,0.13628878860996688
Model6PhysicalFix_B_soft_gate,1632900,15975.392578125,0.0303296260535717,2.4537353515625,0.01040199948627045,0.12155672371363135
Model6PhysicalFix_B_soft_gate,1634500,16626.572265625,0.02270858734846115,1.746612548828125,0.007483223068072157,0.11168195295205281
Model6PhysicalFix_B_soft_gate,1638480,17063.5703125,0.08956438302993774,4.316749572753906,0.028758533977035323,0.13750468148289233
Model6PhysicalFix_B_soft_gate,1639500,18037.07421875,0.06802722811698914,1.7363967895507812,0.02066417129995489,0.12438980660709463
Model6PhysicalFix_B_soft_gate,1644000,17077.7890625,0.06411022692918777,2.9139022827148438,0.020568233244066557,0.10188854784197493
Model6PhysicalFix_B_soft_gate,1658500,17837.541015625,0.055229753255844116,2.734790802001953,0.016964435879122126,0.16679467110983562
Model6PhysicalFix_B_soft_gate,1664000,17580.9765625,0.04257764294743538,2.2296829223632812,0.013269052325956012,0.08877850093207101
Model6PhysicalFix_B_soft_gate,1666500,17787.28125,0.04663345217704773,2.9310073852539062,0.014364459686510112,0.0951005620567189
Model6PhysicalFix_B_soft_gate,1667500,17732.96875,0.04230991378426552,2.1679306030273438,0.013072600126331603,0.10025354433391194
Model6PhysicalFix_B_soft_gate,1669000,18052.228515625,0.1028614267706871,7.716766357421875,0.03121929008937933,0.15453339274572336
Model6PhysicalFix_B_soft_gate,1669520,18495.892578125,0.08941124379634857,8.32818603515625,0.02648610677866929,0.16124556317771988
Model6PhysicalFix_B_soft_gate,2011400,18201.607421875,0.016487108543515205,1.4274123907089233,0.004962906208757962,0.09946413987518059
Model6PhysicalFix_B_soft_gate,2011460,18742.82421875,0.01279468834400177,1.3274562358856201,0.003740209892567218,0.10969505412800691
Model6PhysicalFix_B_soft_gate,2013000,17066.4453125,0.014436190016567707,1.463766098022461,0.004634584694244234,0.13036410136392454
Model6PhysicalFix_B_soft_gate,2014000,17553.615234375,0.016396531835198402,1.3732895851135254,0.00511784040255129,0.1284972513341102
Model6PhysicalFix_B_soft_gate,2015700,17621.83203125,0.01899057626724243,1.4681899547576904,0.005904571648821408,0.10303661767440912
Model6PhysicalFix_B_soft_gate,2016000,17325.4453125,0.01676185056567192,1.5030392408370972,0.005300768833672204,0.12046931739218464
Model6PhysicalFix_B_soft_gate,2017500,16836.55859375,0.018340233713388443,1.4058785438537598,0.00596833043166157,0.12706671610026452
Model6PhysicalFix_B_soft_gate,2018000,17088.0703125,0.01904626004397869,1.470659852027893,0.006106860503352805,0.13781951601377607
Model6PhysicalFix_B_soft_gate,2027000,19402.736328125,0.028227122500538826,1.5992481708526611,0.007970855242912842,0.0605701517917747
Model6PhysicalFix_B_soft_gate,2027500,20631.6328125,0.024166183546185493,1.6022307872772217,0.006417646429708779,0.04017808288167934
Model6PhysicalFix_B_soft_gate,2028500,18455.34375,0.026764698326587677,1.6834931373596191,0.007945871155574435,0.07396965315135691
Model6PhysicalFix_B_soft_gate,2038850,17336.38671875,0.038151416927576065,1.7862026691436768,0.01205739232759854,0.13930001813833126
Model6PhysicalFix_B_soft_gate,2046000,18619.359375,0.03925251588225365,3.0059814453125,0.011550587769765005,0.1827497411128706
Model6PhysicalFix_B_soft_gate,2051000,17853.796875,0.05331633612513542,1.6829088926315308,0.016361797481256175,0.1436177873360271
Model6PhysicalFix_B_soft_gate,2051500,18004.0625,0.0376213937997818,1.4291869401931763,0.01144895073052089,0.18596285777515492
Model6PhysicalFix_B_soft_gate,2053200,18677.125,0.11579230427742004,10.181350708007812,0.0339680772811996,0.14732686824039434
Model6PhysicalFix_B_soft_gate,2053800,17756.703125,0.03351477161049843,1.5134353637695312,0.01034130266827052,0.11329370334618352
Model6PhysicalFix_B_soft_gate,2055100,16950.5546875,0.036712322384119034,1.6791598796844482,0.011866680694331076,0.13612364789408163
Model6PhysicalFix_B_soft_gate,2056900,17551.421875,0.04944726452231407,1.7572075128555298,0.015435875893913509,0.10911993196776258
Model6PhysicalFix_B_soft_gate,2059500,16974.255859375,0.05062521994113922,1.9118664264678955,0.016340956689467355,0.18835424198801057
Model6PhysicalFix_B_soft_gate,2064000,17263.96875,0.03389734774827957,1.650831699371338,0.010757872333228346,0.22644233858632593
Model6PhysicalFix_B_soft_gate,2065500,17531.98046875,0.04647653549909592,2.5596084594726562,0.01452459569142284,0.22825642068835367
Model6PhysicalFix_B_soft_gate,2069700,19114.509765625,0.036256153136491776,1.8615796566009521,0.010392495720436526,0.05382004493069064
Model6PhysicalFix_B_soft_gate,2070000,17991.501953125,0.05582330748438835,1.6332793235778809,0.017000020164684954,0.1669329508755707
Model6PhysicalFix_B_soft_gate,2074500,17964.80859375,0.05186690390110016,2.2341232299804688,0.015818636223684717,0.1836108452919347
Model6PhysicalFix_B_soft_gate,2077200,18251.59765625,0.05058732628822327,4.652740478515625,0.015185956537623311,0.1412548377079147
Model6PhysicalFix_B_soft_gate,2081500,18348.251953125,0.04320051521062851,5.730491638183594,0.012900172631184531,0.17933001696240436
Model6PhysicalFix_B_soft_gate,2082950,18225.15625,0.04930083453655243,6.658203125,0.01482123165310654,0.19137771023910974
Model6PhysicalFix_B_soft_gate,2092500,21246.10546875,0.08725806325674057,9.274322509765625,0.02250233320564449,0.1911081520822842
Model6PhysicalFix_B_soft_gate,2096846,18613.5546875,0.052227769047021866,5.6715240478515625,0.015373524811807591,0.16817053579485716
Model6PhysicalFix_B_soft_gate,2102908,18724.49609375,0.18669916689395905,2.6370086669921875,0.05463029491051474,0.12439847868068879
Model6PhysicalFix_B_soft_gate,2108000,21267.234375,0.17167320847511292,13.001434326171875,0.044227543534545145,0.14446254710334192
Model6PhysicalFix_B_soft_gate,2111180,19926.13671875,0.02002294361591339,1.8278443813323975,0.0055056183385573795,0.054492779093727205
Model6PhysicalFix_B_soft_gate,2111500,18981.3046875,0.04100840166211128,2.0781757831573486,0.011837175145507072,0.05605513052110897
Model6PhysicalFix_B_soft_gate,2112120,18944.806640625,0.04023148491978645,2.1282310485839844,0.01163528973350938,0.07239503869227024
Model6PhysicalFix_B_soft_gate,2112360,18387.41796875,0.04747237265110016,2.234424352645874,0.0141456041134191,0.04795142762257394
Model6PhysicalFix_B_soft_gate,2118500,18834.70703125,0.07300000637769699,2.2210168838500977,0.02123563909712061,0.138774748868912
Model6PhysicalFix_B_soft_gate,2125000,17281.92578125,0.036296673119068146,2.028428316116333,0.011507367803542041,0.18817415141767738
Model6PhysicalFix_B_soft_gate,2128000,17577.02734375,0.03925231471657753,2.0089197158813477,0.012235483656034966,0.1733965776529601
Model6PhysicalFix_B_soft_gate,2137727,21356.287109375,0.023736726492643356,2.3682050704956055,0.006089706846792683,0.08638455093041524
Model6PhysicalFix_B_soft_gate,2140991,20263.283203125,0.029757168143987656,2.607208251953125,0.008046056437612635,0.10198123318220755
Model6PhysicalFix_B_soft_gate,2143000,19694.345703125,0.06533527374267578,2.5883865356445312,0.018176382183080188,0.14930161932780317
Model6PhysicalFix_B_soft_gate,2143040,21371.9296875,0.05239548906683922,2.241412401199341,0.013432333642039957,0.12861906653623859
Model6PhysicalFix_B_soft_gate,2149000,20390.7734375,0.03562850505113602,2.4386849403381348,0.009573377536954713,0.07984519820545367
Model6PhysicalFix_B_soft_gate,2152100,20049.5546875,0.056399401277303696,3.646697998046875,0.015412428551054945,0.14332403151098663
Model6PhysicalFix_B_soft_gate,2177000,28946.26953125,0.020432427525520325,2.8754918575286865,0.0038674853087684686,0.08133248293410002
Model6PhysicalFix_B_soft_gate,2178400,27884.521484375,0.024762703105807304,2.8824687004089355,0.004865597228910388,0.06558887186446614
Model6PhysicalFix_B_soft_gate,2193340,17459.16796875,0.03861681744456291,1.8325836658477783,0.012118649831850969,0.23644431974873517
Model6PhysicalFix_B_soft_gate,2196000,17866.841796875,0.03493967652320862,1.783160924911499,0.010714512178198026,0.22258022482507586
Model6PhysicalFix_B_soft_gate,2198100,17484.3671875,0.11128222942352295,5.542488098144531,0.03487202742271109,0.19947656086977697
Model6PhysicalFix_B_soft_gate,2202600,17457.19921875,0.06481755524873734,3.0060806274414062,0.02034320463016355,0.18783448156574015
Model6PhysicalFix_B_soft_gate,2212600,18544.08203125,0.05861537903547287,2.2255210876464844,0.017318390603787218,0.22237289313786723
Model6PhysicalFix_B_soft_gate,2215100,18427.21875,0.1235831007361412,5.905029296875,0.036745198805774745,0.15269163334299973
Model6PhysicalFix_B_soft_gate,2216180,18067.103515625,0.14362876117229462,5.19293212890625,0.04355661962559931,0.12556323501892955
Model6PhysicalFix_B_soft_gate,2221525,18295.3671875,0.07077058404684067,1.7895764112472534,0.02119400010867676,0.12555724863321358
Model6PhysicalFix_B_soft_gate,2231000,20267.31640625,0.16122940182685852,7.222862243652344,0.04358622704581518,0.11960297068498331
Model6PhysicalFix_B_soft_gate,2231342,20483.5703125,0.24440963566303253,19.392364501953125,0.06537533940120455,0.12413016224512252
Model6PhysicalFix_B_soft_gate,2235200,20245.451171875,0.12304181605577469,8.133285522460938,0.03329864632014657,0.2513807837427987
Model6PhysicalFix_B_soft_gate,2245500,20041.60546875,0.15380384027957916,7.020515441894531,0.04204709170921975,0.20191975881813048
Model6PhysicalFix_B_soft_gate,2246000,20004.259765625,0.16556571424007416,6.199546813964844,0.04534707073132178,0.14712762350128356
Model6PhysicalFix_B_soft_gate,2296500,20074.6640625,0.1380603015422821,5.390617370605469,0.0376809480194446,0.19072150617791317
Model6PhysicalFix_B_soft_gate,2297155,22103.26171875,0.23045699298381805,10.32330322265625,0.057126131165242684,0.17324944971533648
Model6PhysicalFix_B_soft_gate,2297310,21400.95703125,0.21364639699459076,7.6730194091796875,0.054697021343781176,0.12917318059483687
Model6PhysicalFix_B_soft_gate,2298123,20142.47265625,0.21286854147911072,6.274269104003906,0.05790285942542509,0.12426027441625312
Model6PhysicalFix_B_soft_gate,2298608,21746.3125,0.24140439927577972,10.866203308105469,0.06082202042695457,0.1304755152454008
Model6PhysicalFix_B_soft_gate,2299950,22076.537109375,0.26538363099098206,12.247566223144531,0.06586345404176716,0.10848283320447587
Model6PhysicalFix_B_soft_gate,2300700,21601.875,0.15564052760601044,9.69403076171875,0.03947594621144721,0.09529644010574892
Model6PhysicalFix_B_soft_gate,2310947,20613.45703125,0.13121816515922546,6.499015808105469,0.034877426665870764,0.2317789122510799
Model6PhysicalFix_B_soft_gate,2312200,19745.0234375,0.12236329913139343,6.4778594970703125,0.03395430397710974,0.236353488794447
Model6PhysicalFix_B_soft_gate,2314500,19552.01171875,0.12157240509986877,8.106582641601562,0.03406786086390167,0.16563943777764237
Model6PhysicalFix_B_soft_gate,2315500,19753.65625,0.11516579985618591,7.590240478515625,0.031943119806143484,0.18126650703113506
Model6PhysicalFix_B_soft_gate,2324400,21024.92578125,0.17040947079658508,10.082817077636719,0.04440793430918399,0.22809754177565653
Model6PhysicalFix_B_soft_gate,2327100,22888.927734375,0.21781645715236664,13.781333923339844,0.052139462175139095,0.10340592873311169
Model6PhysicalFix_B_soft_gate,2342933,21059.712890625,0.07765751332044601,1.8200266361236572,0.02020376566196213,0.17578298565657752
Model6PhysicalFix_B_soft_gate,2349900,18688.359375,0.15824586153030396,7.941459655761719,0.04639406998423985,0.1526749919527112
Model6PhysicalFix_B_soft_gate,2350900,20052.83203125,0.15009881556034088,8.250473022460938,0.04101123557886637,0.1582927301415694
Model6PhysicalFix_B_soft_gate,2361000,21567.517578125,0.1503620594739914,6.28887939453125,0.03819789353365145,0.1446328974715938
Model6PhysicalFix_B_soft_gate,2363000,21709.263671875,0.13422264158725739,2.9131393432617188,0.03387520801576732,0.20168597920872453
Model6PhysicalFix_B_soft_gate,2369800,25082.693359375,0.1030411496758461,6.4653778076171875,0.022508046918088675,0.14732682262942912
Model6PhysicalFix_B_soft_gate,2371500,21728.46875,0.0874033123254776,2.8536453247070312,0.022039415523233487,0.1641206461928547
Model6PhysicalFix_B_soft_gate,2372250,21908.9375,0.09445511549711227,3.3629837036132812,0.023621391602635055,0.16481643077668076
Model6PhysicalFix_B_soft_gate,2374500,23903.44140625,0.08245164155960083,3.5341873168945312,0.018899059587229285,0.16252779534066175
Model6PhysicalFix_B_soft_gate,2381600,22796.234375,0.04234379529953003,2.3907928466796875,0.01017719239904103,0.03726051417483288
Model6PhysicalFix_B_soft_gate,2384540,26584.46875,0.01578311249613762,3.18048095703125,0.0032528646069045247,0.09180936237441269
Model6PhysicalFix_B_soft_gate,2395120,20190.044921875,0.03757058084011078,2.130606174468994,0.010195579724711561,0.16165933222621026
Model6PhysicalFix_B_soft_gate,2408540,22577.359375,0.049811579287052155,2.2267396450042725,0.012088111303168758,0.11223873248989066
Model6PhysicalFix_B_soft_gate,2415000,22485.83203125,0.04662194103002548,2.1949386596679688,0.01136011420516009,0.09718110475120358
Model6PhysicalFix_B_soft_gate,2422500,22438.298828125,0.08905655145645142,2.183058023452759,0.021745893513192296,0.11705767961429646
Model6PhysicalFix_B_soft_gate,2427250,21972.91015625,0.038355205208063126,2.4757843017578125,0.009563966566386344,0.1827961210226015
Model6PhysicalFix_B_soft_gate,2430085,22374.9140625,0.07890858501195908,2.144913673400879,0.019322538970121744,0.12007560739583846
Model6PhysicalFix_B_soft_gate,2430615,22483.056640625,0.06911696493625641,2.23604416847229,0.016843433260289323,0.1400052556938493
Model6PhysicalFix_B_soft_gate,2450250,24012.875,0.020703645423054695,1.9815324544906616,0.00472393548114488,0.12636051688417152
Model6PhysicalFix_B_soft_gate,2464000,23664.93359375,0.025707056745886803,2.1085100173950195,0.005951800707484686,0.12837336955077422
Model6PhysicalFix_B_soft_gate,2464146,23222.287109375,0.0617985799908638,2.1664535999298096,0.014580580275834493,0.16341646431553875
Model6PhysicalFix_B_soft_gate,2464360,22765.37109375,0.05490374565124512,2.1261703968048096,0.013213824879652914,0.1930568889323577
Model6PhysicalFix_B_soft_gate,2465493,22334.994140625,0.07252670079469681,2.378429651260376,0.01779153273087697,0.21262541081439518
Model6PhysicalFix_B_soft_gate,2469800,22333.794921875,0.06229249760508537,2.3616654872894287,0.01528180048838193,0.1531462706767167
Model6PhysicalFix_B_soft_gate,2472000,22214.341796875,0.05255084112286568,2.9654617309570312,0.012961268829883004,0.16510631108861876
Model6PhysicalFix_B_soft_gate,2472500,22663.787109375,0.10820821672677994,2.8696517944335938,0.026159476343171697,0.17625653672627356
Model6PhysicalFix_B_soft_gate,2479155,23782.29296875,0.1089707687497139,5.167083740234375,0.02510484767258072,0.11743368433086131
Model6PhysicalFix_B_soft_gate,2479300,24953.783203125,0.09028727561235428,5.6739044189453125,0.019824007704633963,0.09747290048783153
Model6PhysicalFix_B_soft_gate,2479560,25148.28125,0.09776900708675385,5.997100830078125,0.02130071579351223,0.10178944494839981
Model6PhysicalFix_B_soft_gate,2481000,25869.439453125,0.08918071538209915,6.8135223388671875,0.018887968394929074,0.09730672797815171
Model6PhysicalFix_B_soft_gate,2481510,24848.712890625,0.1063808798789978,6.548187255859375,0.023456379507835738,0.10140837824771011
Model6PhysicalFix_B_soft_gate,3010655,17861.603515625,0.016935057938098907,1.5752813816070557,0.00519478432932308,0.11250427959503304
Model6PhysicalFix_B_soft_gate,3011800,19382.12109375,0.029908964410424232,1.5505666732788086,0.00845476173777259,0.06513501942733547
Model6PhysicalFix_B_soft_gate,3015500,19464.181640625,0.022287489846348763,1.476496934890747,0.006273737135951142,0.09456439969210272
Model6PhysicalFix_B_soft_gate,3021350,19954.63671875,0.02248343452811241,1.6017521619796753,0.006173338998689801,0.09745612949841115
Model6PhysicalFix_B_soft_gate,3026500,19202.3359375,0.028287718072533607,1.5043429136276245,0.008071330687306517,0.0707291318723837
Model6PhysicalFix_B_soft_gate,3028000,18822.54296875,0.027999306097626686,1.482133150100708,0.008150237902481877,0.07472931290210313
Model6PhysicalFix_B_soft_gate,3049000,18402.2578125,0.018047282472252846,1.5495200157165527,0.005373311185331369,0.13403018439058725
Model6PhysicalFix_B_soft_gate,3049800,16740.80078125,0.024765634909272194,2.8239593505859375,0.008105401870663576,0.12149904652625218
Model6PhysicalFix_B_soft_gate,3050000,21375.849609375,0.012813071720302105,1.5513994693756104,0.003284211907695555,0.07580569485770622
Model6PhysicalFix_B_soft_gate,3066000,23349.287109375,0.015043782070279121,1.7056456804275513,0.003530081265237036,0.04939730452155969
Model6PhysicalFix_B_soft_gate,3069500,22707.1015625,0.01501181349158287,1.6626285314559937,0.003622202733158576,0.042182506896589686
Model6PhysicalFix_B_soft_gate,3070500,20544.9140625,0.022031515836715698,1.5842201709747314,0.005875452684006154,0.08002065976638835
Model6PhysicalFix_B_soft_gate,3076600,20584.541015625,0.018490884453058243,1.4563589096069336,0.004921730043831247,0.09799104018915894
Model6PhysicalFix_B_soft_gate,3078000,19839.6171875,0.020325420424342155,1.3279882669448853,0.005613161535414265,0.08524136276807256
Model6PhysicalFix_B_soft_gate,3140000,16218.984375,0.0580514557659626,1.5157114267349243,0.019610595026926393,0.1081503970318348
Model6PhysicalFix_B_soft_gate,3144000,16589.087890625,0.04113646596670151,1.4941635131835938,0.013586442468593755,0.15771871758225858
Model6PhysicalFix_B_soft_gate,3159540,17523.625,0.030562646687030792,1.7132798433303833,0.009555827834153803,0.14178878881813123
Model6PhysicalFix_B_soft_gate,3161000,21627.158203125,0.03305123746395111,2.244678497314453,0.008373163794166135,0.059017056417328295
Model6PhysicalFix_B_soft_gate,3164000,20196.015625,0.037650786340236664,2.164205312728882,0.010214324924374006,0.07323810534642894
Model6PhysicalFix_B_soft_gate,3165000,19876.85546875,0.03431243076920509,2.160679817199707,0.009458126728784164,0.08268828087000525
Model6PhysicalFix_B_soft_gate,3170000,18372.546875,0.04276055097579956,1.7638856172561646,0.012751910025934584,0.10740184116842129
Model6PhysicalFix_B_soft_gate,3173000,16488.005859375,0.020108548924326897,1.5233783721923828,0.006682114075081093,0.14031894515177284
Model6PhysicalFix_B_soft_gate,3180500,20615.73046875,0.012249314226210117,1.3561627864837646,0.0032554747883139523,0.09508894219883292
Model6PhysicalFix_B_soft_gate,3182500,19424.93359375,0.01269469689577818,1.387790322303772,0.003580668353867442,0.08507028408438494
Model6PhysicalFix_B_soft_gate,3186500,23118.080078125,0.013177299872040749,1.494242548942566,0.0031230286013796188,0.07580394411942695
Model6PhysicalFix_B_soft_gate,3187500,23147.8203125,0.012712202966213226,1.5756757259368896,0.0030089296012701656,0.07654148030777735
Model6PhysicalFix_B_soft_gate,3213700,19305.19140625,0.02362046018242836,2.0336132049560547,0.006703715139770735,0.11285824388638985
Model6PhysicalFix_B_soft_gate,3237280,19425.5234375,0.02619059383869171,1.8771438598632812,0.007387098780619248,0.1457918755808945
Model6PhysicalFix_B_soft_gate,3237500,17853.1015625,0.03139586001634598,1.6639374494552612,0.009635183736347457,0.13425628621952507
Model6PhysicalFix_B_soft_gate,3238500,17913.13671875,0.02302306704223156,1.7083427906036377,0.00704194853315577,0.1654067163959411
Model6PhysicalFix_B_soft_gate,3241500,17099.83984375,0.09396876394748688,3.7185287475585938,0.030108753245815762,0.17516771333064843
Model6PhysicalFix_B_soft_gate,3280700,21375.52734375,0.01834024488925934,2.304976463317871,0.004700993076742441,0.1380902289508574
Model6PhysicalFix_B_soft_gate,3281100,20334.8984375,0.018380621448159218,2.175191879272461,0.0049524431256956275,0.15600720282672914
Model6PhysicalFix_B_soft_gate,3281500,20253.59765625,0.020774202421307564,2.141000747680664,0.00561983384727559,0.13504366797488332
Model6PhysicalFix_B_soft_gate,3285000,19256.37890625,0.027114329859614372,2.3697433471679688,0.007714815877267131,0.15018924836798195
Model6PhysicalFix_B_soft_gate,3291780,19978.095703125,0.04824598506093025,2.4725189208984375,0.013231478921983402,0.11782870595090228
Model6PhysicalFix_B_soft_gate,3300400,18953.421875,0.02503853850066662,1.6960983276367188,0.00723806804551289,0.15325495468331493
Model6PhysicalFix_B_soft_gate,3338780,16053.419921875,0.0756133422255516,1.5941696166992188,0.025806683216229604,0.1659907211652112
Model6PhysicalFix_B_soft_gate,3340800,17266.966796875,0.09055435657501221,2.6640892028808594,0.028733902410525335,0.15720810215314715
Model6PhysicalFix_B_soft_gate,3346000,17460.953125,0.05259580537676811,4.593994140625,0.016503819823203737,0.151297068190543
Model6PhysicalFix_B_soft_gate,3357350,17897.6953125,0.07135093212127686,3.3572616577148438,0.021842575586940534,0.16480037365146089
Model6PhysicalFix_B_soft_gate,3364500,18792.25390625,0.08415332436561584,3.9222259521484375,0.024535431040091527,0.14436349896493672
Model6PhysicalFix_B_soft_gate,3366500,20061.939453125,0.05115239694714546,2.9166412353515625,0.01396993434785415,0.16478122977150939
Model6PhysicalFix_B_soft_gate,3368000,19654.07421875,0.07712734490633011,4.295555114746094,0.021500922113695812,0.14354763633414908
Model6PhysicalFix_B_soft_gate,3384450,20108.38671875,0.03545278683304787,2.3588790893554688,0.009659940491927827,0.177149343198102
Model6PhysicalFix_B_soft_gate,3439000,29949.267578125,0.01780080981552601,3.141418933868408,0.003256528373991825,0.07429437150389412
Model6PhysicalFix_B_soft_gate,3450000,22367.857421875,0.026714814826846123,2.5128650665283203,0.006543785816360896,0.07896175153852797
Model6PhysicalFix_B_soft_gate,3455500,30912.427734375,0.022537505254149437,3.0022058486938477,0.003994606554724937,0.1527818346219092
Model6PhysicalFix_B_soft_gate,3456500,25649.46484375,0.025040403008461,2.9647116661071777,0.005348897772028016,0.07848344922370609
Model6PhysicalFix_B_soft_gate,3460000,24407.1328125,0.014013485983014107,2.4785141944885254,0.0031457972780994155,0.12403034477306038
Model6PhysicalFix_B_soft_gate,3463300,24807.541015625,0.02533370815217495,2.435304641723633,0.005595209554042641,0.0972635352736193
Model6PhysicalFix_B_soft_gate,3471500,18690.154296875,0.02006053738296032,1.7524924278259277,0.005880726310926364,0.10952846998424869
Model6PhysicalFix_B_soft_gate,3473000,19175.4453125,0.019386939704418182,1.7532869577407837,0.00553943009339744,0.0983967125926427
Model6PhysicalFix_B_soft_gate,3479000,21525.24609375,0.026485707610845566,1.9730011224746704,0.006741627387979921,0.09405046817300107
Model6PhysicalFix_B_soft_gate,3488000,18064.62109375,0.017982708290219307,1.728530764579773,0.005454155905918703,0.09659324040234894
Model6PhysicalFix_B_soft_gate,3498500,23532.6484375,0.010529253631830215,2.454334020614624,0.0024514784785988814,0.07151122991030745
Model6PhysicalFix_B_soft_gate,3500000,27873.3359375,0.01627691462635994,2.8370590209960938,0.0031995170430577833,0.0545712580375454
Model6PhysicalFix_B_soft_gate,3500240,26763.67578125,0.017124345526099205,2.649500846862793,0.0035056577497580457,0.07158038253223636
Model6PhysicalFix_B_soft_gate,3504000,29433.515625,0.025630757212638855,3.0573129653930664,0.004771123003146657,0.043665946193619624
Model6PhysicalFix_B_soft_gate,3574500,23163.99609375,0.01706118695437908,2.2365996837615967,0.0040354971822853455,0.12219392112928486
Model6PhysicalFix_B_soft_gate,3592718,22818.1796875,0.05350988730788231,1.9843918085098267,0.012848556198508112,0.247493047107792
Model6PhysicalFix_B_soft_gate,3604000,23600.33203125,0.03202719986438751,3.2270126342773438,0.007435362351314244,0.18922928785595408
Model6PhysicalFix_B_soft_gate,4015330,12380.876953125,0.04539324715733528,7.697760105133057,0.020088206265758576,0.12715329399279918
Model6PhysicalFix_B_soft_gate,4024430,12203.07421875,0.07137488573789597,9.842288970947266,0.03204626811827322,0.11433091150827453
Model6PhysicalFix_B_soft_gate,4027000,13394.998046875,0.04008403792977333,14.124736785888672,0.016395705087340933,0.12710110423390028
Model6PhysicalFix_B_soft_gate,4040500,13771.875,0.03699969872832298,7.14991569519043,0.014719952366263899,0.08493337127013842
Model6PhysicalFix_B_soft_gate,4043050,11235.81640625,0.061040248721838,6.111074447631836,0.02976548406167637,0.09461572906675048
Model6PhysicalFix_B_soft_gate,4045500,14428.12890625,0.12042638659477234,2.171781539916992,0.04573123558825114,0.08549123199825862
Model6PhysicalFix_B_soft_gate,4056500,13640.546875,0.11050578206777573,1.4641993045806885,0.04438687005652953,0.08844770731791132
Model6PhysicalFix_B_soft_gate,4057510,13407.173828125,0.126362606883049,3.094876527786255,0.051639570510365475,0.10589606623844249
Model6PhysicalFix_B_soft_gate,4057800,13972.0146484375,0.025499990209937096,3.7663471698760986,0.009999592080094816,0.10229797733932848
Model6PhysicalFix_B_soft_gate,4059500,12132.3974609375,0.05551357939839363,3.5270111560821533,0.0250699753291625,0.1399618266078806
Model6PhysicalFix_B_soft_gate,4063700,12820.318359375,0.09080615639686584,9.417793273925781,0.03880768812110537,0.10929180714877797
Model6PhysicalFix_B_soft_gate,4074950,12596.771484375,0.07417940348386765,10.939488410949707,0.03226453346258272,0.13361167071113678
Model6PhysicalFix_B_soft_gate,4105700,15169.455078125,0.14034788310527802,2.923900604248047,0.0506917394522633,0.10152433556279124
Model6PhysicalFix_B_soft_gate,4115265,13664.65234375,0.1716827154159546,1.8095792531967163,0.06883816532648247,0.12531091425155746
Model6PhysicalFix_B_soft_gate,4122200,14424.21875,0.13918764889240265,1.799430251121521,0.052870047527487404,0.07705664707793966
Model6PhysicalFix_B_soft_gate,4122500,14355.9375,0.12205449491739273,2.047718048095703,0.04658257757569821,0.07824514063486362
Model6PhysicalFix_B_soft_gate,4124000,13350.3671875,0.10861196368932724,2.0049009323120117,0.044574426499271146,0.0703365476473318
Model6PhysicalFix_B_soft_gate,4127918,14504.810546875,0.052704330533742905,1.9232617616653442,0.019908362668742845,0.08083501526904531
Model6PhysicalFix_B_soft_gate,4127997,13585.146484375,0.0732860192656517,2.081279993057251,0.029556848659244822,0.08219459478304876
Model6PhysicalFix_B_soft_gate,4161580,13785.23046875,0.12688231468200684,1.84295654296875,0.05042993180257743,0.11356257043387978
Model6PhysicalFix_B_soft_gate,4185000,14481.8251953125,0.04948927462100983,1.5558032989501953,0.018723588342041603,0.1562423104552723
Model6PhysicalFix_B_soft_gate,4196800,14817.3115234375,0.05206830054521561,1.9877967834472656,0.01925330557512074,0.19671224279929642
Model6PhysicalFix_B_soft_gate,4197100,15257.7734375,0.05141163244843483,1.57952880859375,0.01846169281027345,0.17754684151777142
Model6PhysicalFix_B_soft_gate,4197170,14934.193359375,0.04828602820634842,3.2532119750976562,0.0177149938198924,0.18946603896495393
Model6PhysicalFix_B_soft_gate,4213000,17823.341796875,0.02657373622059822,1.462619423866272,0.008168922827235308,0.1147273737224196
Model6PhysicalFix_B_soft_gate,4213075,17867.4375,0.03213340416550636,1.4831876754760742,0.009853619437222566,0.10278909657801027
Model6PhysicalFix_B_soft_gate,4216418,17773.546875,0.01815197989344597,1.5733338594436646,0.005595658387981348,0.09486309754577335
Model6PhysicalFix_B_soft_gate,4221000,17429.849609375,0.02099919691681862,1.5166761875152588,0.006601009103680456,0.11863776367835216
Model6PhysicalFix_B_soft_gate,4224775,16523.716796875,0.011739889159798622,1.4834551811218262,0.0038927593518513813,0.14538294447268799
Model6PhysicalFix_B_soft_gate,4233000,15551.3759765625,0.013016005977988243,1.5046616792678833,0.0045857483847798084,0.11833405140433903
Model6PhysicalFix_B_soft_gate,4256000,20192.5625,0.024846533313393593,1.8494937419891357,0.006741796900390304,0.06011380708320824
Model6PhysicalFix_B_soft_gate,4296000,20168.73828125,0.019564777612686157,2.184795379638672,0.005314928985011612,0.08447496289605065
Model6PhysicalFix_B_soft_gate,5056000,7351.806640625,0.015854639932513237,1.1501922607421875,0.011815812522830671,0.24195721117125493
Model6PhysicalFix_B_soft_gate,5057000,7558.5263671875,0.025486689060926437,1.530221939086914,0.018474708463163302,0.22245401800093567
Model6PhysicalFix_B_soft_gate,5057200,8040.5263671875,0.02116210013628006,2.168792724609375,0.014420342432785867,0.26127810302764354
Model6PhysicalFix_B_soft_gate,5062500,10754.259765625,0.05369633808732033,3.299266815185547,0.027356809896914032,0.22095427847359178
Model6PhysicalFix_B_soft_gate,5087500,9512.234375,0.044956039637327194,6.195659637451172,0.025894455811327682,0.2609712481705304
Model6PhysicalFix_B_soft_gate,5120500,7512.43212890625,0.017641495913267136,1.7396488189697266,0.012866373893508943,0.23897296610091825
Model6PhysicalFix_B_soft_gate,5123400,7808.76953125,0.02019268274307251,1.5263786315917969,0.014168136378870912,0.2741647886865978
Model6PhysicalFix_B_soft_gate,5129115,10949.005859375,0.05462878197431564,30.23260498046875,0.0273368285701595,0.13238138683038966
Model6PhysicalFix_B_soft_gate,5131500,11088.119140625,0.05906948819756508,20.30133056640625,0.029188153511720827,0.162733996410502
Model6PhysicalFix_B_soft_gate,5291000,9539.0869140625,0.0371154360473156,5.5604352951049805,0.021318127257045308,0.2713761481978189
Model6PhysicalFix_B_soft_gate,5362000,13185.103515625,0.053015466779470444,9.373620986938477,0.02203029656751901,0.1284884060684606
Model6PhysicalFix_B_soft_gate,5393500,13103.763671875,0.06240646541118622,12.663421630859375,0.02609364964696599,0.10379794942024499
Model6PhysicalFix_B_soft_gate,5399500,12438.8193359375,0.03843950852751732,9.697099685668945,0.016931677453969826,0.1821822881382479
Model6PhysicalFix_B_soft_gate,5408000,13871.5,0.06655696034431458,5.250400543212891,0.026288835985935642,0.13061547197716541
Model6PhysicalFix_B_soft_gate,5412500,14883.90625,0.08372294902801514,2.214733123779297,0.03081973306423675,0.1563324578508666
Model6PhysicalFix_B_soft_gate,5413500,14808.1611328125,0.08938975632190704,6.872369289398193,0.03307409171871745,0.09670737215549095
Model6PhysicalFix_B_soft_gate,5414000,15092.54296875,0.09840922802686691,10.819656372070312,0.03572520178891117,0.09622448780194896
Model6PhysicalFix_B_soft_gate,5444000,15626.998046875,0.124627985060215,16.957979202270508,0.04369596315996092,0.175444471288234
Model6PhysicalFix_B_soft_gate,5454000,15168.3828125,0.09545628726482391,7.8337249755859375,0.0344799449847622,0.1881514437154175
Model6PhysicalFix_B_soft_gate,5458000,13935.708984375,0.10805676877498627,4.82708740234375,0.04248388298356165,0.17878816195971373
Model6PhysicalFix_B_soft_gate,5466500,15213.7109375,0.07945308834314346,21.349653244018555,0.028613892305203725,0.1958144829781935
Model6PhysicalFix_B_soft_gate,5487980,15083.0625,0.05255328491330147,3.0071945190429688,0.01909025127523008,0.1777275038691993
Model6PhysicalFix_B_soft_gate,5488200,15268.4990234375,0.06044776365160942,3.4747238159179688,0.021691280710137543,0.15593390714631963
Model6PhysicalFix_B_soft_gate,5489000,15330.6943359375,0.06018543615937233,5.326499938964844,0.02150952884044475,0.17544201784219274
Model6PhysicalFix_B_soft_gate,5495000,15576.3115234375,0.048454951494932175,3.693336248397827,0.01704413010591817,0.1865821673197538
Model6PhysicalFix_B_soft_gate,5495500,15242.8994140625,0.051962029188871384,19.610458374023438,0.0186775457502017,0.20500668247875917
Model6PhysicalFix_B_soft_gate,5501000,15859.525390625,0.04814133048057556,15.024789810180664,0.016631415564162755,0.19744592631326033
Model6PhysicalFix_B_soft_gate,5503800,16631.10546875,0.05601736903190613,12.521798133850098,0.018454525438026403,0.17513319826388946
Model6PhysicalFix_B_soft_gate,5507600,16435.29296875,0.0598679855465889,12.796501159667969,0.019958067905386536,0.24602796894069665
Model6PhysicalFix_B_soft_gate,5508805,16025.201171875,0.04593893885612488,11.763957977294922,0.015706476625927206,0.2109121064563469
Model6PhysicalFix_B_soft_gate,5514500,16453.48828125,0.04861210286617279,6.974430561065674,0.0161877954736517,0.18479849269709858
Model6PhysicalFix_B_soft_gate,5525500,15626.263671875,0.07082122564315796,1.551025390625,0.02483188039354817,0.17607026031769682
Model6PhysicalFix_B_soft_gate,5556500,15270.79296875,0.09235555678606033,15.384660720825195,0.033136204145832925,0.18749544358447742
Model6PhysicalFix_B_soft_gate,5584500,15468.5380859375,0.054101478308439255,24.08875274658203,0.019162896676046634,0.2144422685588559
Model6PhysicalFix_B_soft_gate,5585000,15323.4150390625,0.0469953753054142,20.20530128479004,0.016803543481792346,0.22000949960605248
Model6PhysicalFix_B_soft_gate,5591550,16115.869140625,0.09134364873170853,4.414306640625,0.031054597670677135,0.18427428322117964
Model6PhysicalFix_B_soft_gate,5592050,15895.0986328125,0.05914407968521118,1.6017341613769531,0.0203868137294927,0.1978232867209643
Model6PhysicalFix_B_soft_gate,5592575,16658.01171875,0.03380485996603966,1.9100265502929688,0.0111187835931284,0.20757364195297354
Model6PhysicalFix_B_soft_gate,5593575,16288.4423828125,0.044466760009527206,4.297935485839844,0.014957438615019216,0.18907477892593633
Model6PhysicalFix_B_soft_gate,5593900,16104.8720703125,0.05099521949887276,3.7915496826171875,0.01734896125183876,0.20796075758081992
Model6PhysicalFix_B_soft_gate,5595730,17031.69140625,0.04165758565068245,3.9802398681640625,0.013401012700244236,0.19328696297550085
Model6PhysicalFix_B_soft_gate,6037500,13142.7373046875,0.026759572327136993,1.274613618850708,0.011155643511673918,0.22522460903468028
Model6PhysicalFix_B_soft_gate,6043500,11856.056640625,0.009931146167218685,0.7725152969360352,0.004589447561990748,0.18360493985388862
Model6PhysicalFix_B_soft_gate,6154410,7258.62646484375,0.05450546368956566,13.697314262390137,0.041142141486150606,0.19287163502317117
Model6PhysicalFix_B_soft_gate,6188000,12417.439453125,0.029918182641267776,0.7004127502441406,0.013200927858831353,0.1264086201220593
Model6PhysicalFix_B_soft_gate,6191500,11895.4951171875,0.03690698742866516,0.7574141025543213,0.01699915742665188,0.15832157115018677
Model6PhysicalFix_B_soft_gate,6221400,8271.7236328125,0.02982751838862896,0.7776471972465515,0.019757063919048388,0.059211458759457374
Model6PhysicalFix_B_soft_gate,6224000,7946.9306640625,0.023313572630286217,0.5616798400878906,0.01607350901186914,0.06986243091838351
Model6PhysicalFix_B_soft_gate,6278300,10242.236328125,0.028568997979164124,1.3292655944824219,0.015282750368276277,0.09352126944474902
Model6PhysicalFix_B_soft_gate,6280300,10827.841796875,0.019826315343379974,0.8859716653823853,0.010032320554695244,0.09072355788526215
Model6PhysicalFix_B_soft_gate,6289000,9220.24609375,0.010864253155887127,0.5729230642318726,0.006455927666850041,0.1598944429781099
Model6PhysicalFix_B_soft_gate,6291500,8450.650390625,0.012265913188457489,0.493133544921875,0.007952635322655685,0.2042150509402822
Model6PhysicalFix_B_soft_gate,6311000,7653.30517578125,0.027309110388159752,1.3778209686279297,0.01955058814394746,0.17925710137617346
Model6PhysicalFix_B_soft_gate,6332515,6716.4306640625,0.016681045293807983,0.9061336517333984,0.013607740680830956,0.17621980698278839
Model6PhysicalFix_B_soft_gate,6339100,6537.51953125,0.016781305894255638,1.1916885375976562,0.014064168833894497,0.16034507096955375
Model6PhysicalFix_B_soft_gate,6339500,6416.71630859375,0.013672425411641598,0.9768295288085938,0.011674385017694034,0.15781895203986473
Model6PhysicalFix_B_soft_gate,6344600,6493.37109375,0.010269265621900558,1.4165458679199219,0.00866503817012452,0.17462003392281672
Model6PhysicalFix_B_soft_gate,6350000,6124.677734375,0.013357339426875114,1.0865364074707031,0.01194917731242237,0.16696901503108422
Model6PhysicalFix_B_soft_gate,6352000,6226.70849609375,0.013390538282692432,1.773895263671875,0.011782591123373126,0.18037079039630421
Model6PhysicalFix_B_soft_gate,6353000,6469.166015625,0.00971049815416336,1.3773080110549927,0.008224216096232338,0.17016693219910675
Model6PhysicalFix_B_soft_gate,6354000,6454.80126953125,0.011685862205922604,1.0789146423339844,0.009919258167124112,0.16549983649071787
Model6PhysicalFix_B_soft_gate,6360500,6793.08203125,0.017079580575227737,1.2633781433105469,0.013775635983499988,0.16591428320056767
Model6PhysicalFix_B_soft_gate,6404000,8416.9248046875,0.03385379537940025,2.151885986328125,0.022037140539818686,0.20145697302832566
Model6PhysicalFix_B_soft_gate,6406000,7848.8505859375,0.0217356625944376,1.5642814636230469,0.015172883913075448,0.2026221619084104
Model6PhysicalFix_B_soft_gate,6408700,10188.732421875,0.034003451466560364,0.7705643177032471,0.018285387098972497,0.27036132132021606
Model6PhysicalFix_B_soft_gate,6409000,9626.2109375,0.039608195424079895,0.7529217004776001,0.022544000653326894,0.26117450219331173
Model6PhysicalFix_B_soft_gate,6431500,10994.904296875,0.0253010056912899,1.2712287902832031,0.012608041216181289,0.26482114139877655
Model6PhysicalFix_B_soft_gate,6440200,7257.99169921875,0.018818862736225128,1.86468505859375,0.014206209554702195,0.16535051576700172
Model6PhysicalFix_B_soft_gate,6441500,7245.34765625,0.014264541678130627,1.9541397094726562,0.010786980795596743,0.1814668990176347
Model6PhysicalFix_B_soft_gate,6447000,7242.8359375,0.0172777958214283,1.263641357421875,0.013070162002754878,0.1622290527115695
Model6PhysicalFix_B_soft_gate,6447500,7878.6865234375,0.026321781799197197,1.3460369110107422,0.018304706068277807,0.19109051132437382
Model6PhysicalFix_B_soft_gate,6450500,8013.74853515625,0.03894033655524254,2.350128173828125,0.026623507653503437,0.1758893727375384
Model6PhysicalFix_B_soft_gate,6452000,7584.56005859375,0.026377692818641663,2.344358444213867,0.019054945224026582,0.15076936279431274
Model6PhysicalFix_B_soft_gate,6453600,9447.8984375,0.028124287724494934,1.6058406829833984,0.016309761670398756,0.2443221706877604
Model6PhysicalFix_B_soft_gate,6464500,8413.1484375,0.025087451562285423,1.263001799583435,0.01633801523412943,0.2201130484927332
Model6PhysicalFix_B_soft_gate,6468170,7333.892578125,0.014710929244756699,1.1595306396484375,0.010990232018217005,0.2435646331658479
Model6PhysicalFix_B_soft_gate,6468250,7382.2900390625,0.012783338315784931,1.0377960205078125,0.0094875586020307,0.250721347344025
Model6PhysicalFix_B_soft_gate,6470800,8847.7568359375,0.02711319364607334,2.9981155395507812,0.01678992708471416,0.26392277218040455
Model6PhysicalFix_B_soft_gate,6477500,9488.298828125,0.02176581136882305,1.4994029998779297,0.012568626365245516,0.2703840709228822
Model6PhysicalFix_B_soft_gate,6479215,9984.4765625,0.04491899907588959,1.8285579681396484,0.024649384924097018,0.2901374047055859
Model6PhysicalFix_B_soft_gate,6479438,9685.998046875,0.03373692184686661,1.4883681535720825,0.01908369210871605,0.2922201042863299
Model6PhysicalFix_B_soft_gate,6601000,11599.83203125,0.08499645441770554,1.5232243537902832,0.04014675000345169,0.19962802953437161
Model6PhysicalFix_B_soft_gate,6614800,15635.5537109375,0.042291488498449326,1.9610893726348877,0.014819753854380982,0.05690392042699659
Model6PhysicalFix_B_soft_gate,6622700,12647.021484375,0.04600859433412552,0.8755512237548828,0.01993205163101181,0.11174100713869295
Model6PhysicalFix_B_soft_gate,6623800,16167.8408203125,0.03023015893995762,1.4400522708892822,0.010244475086146189,0.10742584699117878
Model6PhysicalFix_B_soft_gate,6632400,12393.0927734375,0.03754357248544693,0.8755097389221191,0.01659805479315398,0.10728693536525315
Model6PhysicalFix_B_soft_gate,6746095,14866.72265625,0.0313073955476284,1.226422905921936,0.011538065406209495,0.0761281849064645
Model6PhysicalFix_B_soft_gate,6784000,9749.05078125,0.03310782462358475,2.3710479736328125,0.018606710559161008,0.21389527305743308
Model6PhysicalFix_B_soft_gate,6803510,11722.5634765625,0.04133259132504463,5.9870452880859375,0.019318408780309406,0.23105995507295335
Model6PhysicalFix_B_soft_gate,6803530,11858.48046875,0.05442648380994797,4.699737548828125,0.025146788287061177,0.21781771006442843
Model6PhysicalFix_B_soft_gate,6814000,12952.0703125,0.048175148665905,1.8747100830078125,0.02037910722148667,0.19423547001716063
Model6PhysicalFix_B_soft_gate,6847900,8353.6572265625,0.0023575404193252325,0.9455682635307312,0.0015462644955311139,0.16354518774231674
Model6PhysicalFix_B_soft_gate,6853800,10575.939453125,0.019741306081414223,1.975738525390625,0.010227235228022555,0.2351759438480735
Model6PhysicalFix_B_soft_gate,6876700,10841.87109375,0.030759591609239578,1.4975382089614868,0.015544530815678076,0.19137423036916698
Model6PhysicalFix_B_soft_gate,6878000,12049.943359375,0.04378800466656685,4.129871368408203,0.019910008481545963,0.19857746186890465
Model6PhysicalFix_B_soft_gate,6879650,14248.7177734375,0.08741986751556396,5.916206359863281,0.03361519663193378,0.14544244900874098
Model6PhysicalFix_B_soft_gate,6885500,13000.8125,0.053450800478458405,2.5835609436035156,0.022526048552253947,0.2312580448697918
Model6PhysicalFix_B_soft_gate,6888500,14505.298828125,0.06943535059690475,4.567543029785156,0.02622740033174838,0.17017846589736266
Model6PhysicalFix_B_soft_gate,6889200,13876.013671875,0.053759608417749405,4.05987548828125,0.021227197963718584,0.2016737515938799
Model6PhysicalFix_B_soft_gate,6889500,14133.3876953125,0.05243700370192528,3.368804931640625,0.020327917399575155,0.1952905074551623
Model6PhysicalFix_B_soft_gate,6892000,15078.333984375,0.05676748603582382,5.3365936279296875,0.02062754764927481,0.20271822333550557
Model6PhysicalFix_B_soft_gate,6903400,15529.4052734375,0.05252761393785477,4.410301208496094,0.018532506077337783,0.1903316326995831
Model6PhysicalFix_B_soft_gate,6906800,17435.3515625,0.05836676433682442,7.229214668273926,0.018341557539571406,0.18627628292016266
Model6PhysicalFix_B_soft_gate,6910800,14805.275390625,0.06127618998289108,8.248199462890625,0.022676527785638063,0.19182516630935895
Model6PhysicalFix_B_soft_gate,6911900,14824.13671875,0.06389226019382477,7.4323883056640625,0.02361457402004069,0.18225394000862719
Model6PhysicalFix_B_soft_gate,6917000,16487.9296875,0.06599175184965134,4.857566833496094,0.021929303677998346,0.17833438168546592
Model6PhysicalFix_B_soft_gate,6918460,17368.802734375,0.10438426584005356,6.118896484375,0.03292808349920672,0.1413377601970667
Model6PhysicalFix_B_soft_gate,6919500,18028.70703125,0.07041110098361969,7.09619140625,0.02139822944592056,0.18392115363323552
Model6PhysicalFix_B_soft_gate,6921070,17784.48828125,0.08949369937181473,9.98478889465332,0.027570992810184613,0.15608022231891425
Model6PhysicalFix_B_soft_gate,6921200,17927.16796875,0.11373548954725266,11.980656623840332,0.034760467429518965,0.1471585059338404
Model6PhysicalFix_B_soft_gate,6934000,17570.2265625,0.056366272270679474,4.861736297607422,0.017576939571514134,0.15949109522100818
Model6PhysicalFix_B_soft_gate,7014500,17777.919921875,0.05206376686692238,1.3250923156738281,0.016045599626248106,0.13630375636034647
Model6PhysicalFix_B_soft_gate,7056000,19463.03125,0.026639172807335854,3.538201093673706,0.007499141438717151,0.15857288838454955
Model6PhysicalFix_B_soft_gate,7057500,17433.77734375,0.06947428733110428,2.707763671875,0.021834030582133686,0.10368602296816502
Model6PhysicalFix_B_soft_gate,7060710,20209.375,0.03978213667869568,3.6109619140625,0.010785406468658188,0.22678654611875676
Model6PhysicalFix_B_soft_gate,7066000,17448.58203125,0.06835705041885376,3.485321044921875,0.02146468169198921,0.1408947903180707
Model6PhysicalFix_B_soft_gate,7067000,18226.341796875,0.07035854458808899,2.451519012451172,0.02115040144078041,0.11554190486875805
Model6PhysicalFix_B_soft_gate,7068000,18157.00390625,0.06059829518198967,2.518336057662964,0.018285950045533822,0.1282834533763981
Model6PhysicalFix_B_soft_gate,7071500,17728.501953125,0.06974214315414429,2.3405394554138184,0.021553833962414646,0.1292628516954899
Model6PhysicalFix_B_soft_gate,7083000,11314.7841796875,0.020812418311834335,1.3026251792907715,0.01007807489384697,0.058640152640104866
Model6PhysicalFix_B_soft_gate,7142300,10123.6962890625,0.020441876724362373,2.158355712890625,0.011063256149639253,0.19775713790307684
Model6PhysicalFix_B_soft_gate,7145700,14496.380859375,0.04210171848535538,2.9616317749023438,0.015912614722532442,0.17233706096093218
Model6PhysicalFix_B_soft_gate,7148400,10670.0625,0.03850502893328667,2.832489013671875,0.019772054303878843,0.18940441156550747
Model6PhysicalFix_B_soft_gate,7149000,10968.9423828125,0.05138374865055084,2.4096908569335938,0.025666244324240396,0.18493396705916038
Model6PhysicalFix_B_soft_gate,7151500,13276.412109375,0.04635831341147423,2.1700782775878906,0.01913146455149913,0.23942883312053523
Model6PhysicalFix_B_soft_gate,7167500,15849.009765625,0.0484287403523922,5.1728973388671875,0.016741807114575992,0.16567438225943976
Model6PhysicalFix_B_soft_gate,7180500,14642.8095703125,0.07770619541406631,7.326713562011719,0.02907585636068044,0.17748508977149022
Model6PhysicalFix_B_soft_gate,7184000,17529.091796875,0.052924130111932755,6.836875915527344,0.016542289631243597,0.1741640292170549
Model6PhysicalFix_B_soft_gate,7195800,18851.96875,0.1446993052959442,6.7641448974609375,0.04205436077423943,0.13156875608151006
Model6PhysicalFix_B_soft_gate,7196900,19805.9765625,0.06317953765392303,8.512101173400879,0.017477588367029364,0.13500659720373231
Model6PhysicalFix_B_soft_gate,7197000,19312.908203125,0.06117982789874077,6.446272850036621,0.017356489304584884,0.13061314996477116
Model6PhysicalFix_B_soft_gate,7208500,8839.244140625,0.03176307678222656,2.6323471069335938,0.019688324528420287,0.2132569945641474
Model6PhysicalFix_B_soft_gate,7226500,5871.9189453125,0.005477518308907747,1.0913803577423096,0.005110990837635928,0.09389373915342904
Model6PhysicalFix_B_soft_gate,7261000,20670.716796875,0.06129902973771095,5.9254913330078125,0.01624797991563586,0.11795443093136265
Model6PhysicalFix_B_soft_gate,7263295,21506.697265625,0.031994059681892395,4.016485691070557,0.00815073805929276,0.1799614745733728
Model6PhysicalFix_B_soft_gate,7290650,22236.947265625,0.06370300054550171,4.2954559326171875,0.01569589311830316,0.16172307718792547
Model6PhysicalFix_B_soft_gate,7291000,22823.77734375,0.06676793098449707,2.8773040771484375,0.016028087602498558,0.14881609468059198
Model6PhysicalFix_B_soft_gate,7292500,22622.115234375,0.05958181992173195,4.008354187011719,0.014430515808170638,0.1959700403789399
Model6PhysicalFix_B_soft_gate,7295000,23036.0078125,0.05954701453447342,3.1105117797851562,0.014162961300141863,0.1735425182687837
Model6PhysicalFix_B_soft_gate,7299670,9228.962890625,0.013467283919453621,2.856647491455078,0.007995182945101709,0.15947143778640147
Model6PhysicalFix_B_soft_gate,7301410,9248.869140625,0.021881386637687683,2.4938831329345703,0.012962462016312805,0.16113131757450921
Model6PhysicalFix_B_soft_gate,7301500,9506.970703125,0.024296503514051437,3.409677505493164,0.0140024145009552,0.17928834188072115
Model6PhysicalFix_B_soft_gate,7315200,11757.44140625,0.03260643407702446,6.790958404541016,0.01519468767494323,0.20246039742118108
Model6PhysicalFix_B_soft_gate,7315700,13033.87109375,0.04871426522731781,5.510292053222656,0.020477834606708302,0.18095884341009347
Model6PhysicalFix_B_soft_gate,7335700,22841.1875,0.020086945965886116,1.9879770278930664,0.00481832976486846,0.08415691594337532
Model6PhysicalFix_B_soft_gate,7340300,23234.02734375,0.026053447276353836,2.209963321685791,0.006143869907644886,0.06515522319516885
Model6PhysicalFix_B_soft_gate,7346045,19381.677734375,0.07598995417356491,4.7739105224609375,0.021481575238836533,0.19830918406246878
Model6PhysicalFix_B_soft_gate,7359610,22733.2109375,0.02314789406955242,2.3194375038146973,0.00557894424297842,0.09647353936679232
Model6PhysicalFix_B_soft_gate,7362100,20681.9453125,0.04380208998918533,3.6581268310546875,0.011603920705531205,0.18924367060037647
Model6PhysicalFix_B_soft_gate,7362587,22722.05078125,0.026186656206846237,3.9719839096069336,0.006314424958890945,0.15115115023694117
Model6PhysicalFix_B_soft_gate,7373000,22753.498046875,0.05865182355046272,2.9631574153900146,0.014123249614520982,0.2570846549950982
Model6PhysicalFix_B_soft_gate,7375000,24640.63671875,0.09627334028482437,3.531005859375,0.02140698044610949,0.19377473742482368
Model6PhysicalFix_B_soft_gate,7376000,24125.48828125,0.06149335950613022,3.7719573974609375,0.013965401040296302,0.19317707300289422
Model6PhysicalFix_B_soft_gate,8013000,23470.107421875,0.039354294538497925,3.4585800170898438,0.009187098007189165,0.1419508130147266
Model6PhysicalFix_B_soft_gate,8014500,24124.408203125,0.052115388214588165,3.754364013671875,0.011836154477396912,0.16401829238524876
Model6PhysicalFix_B_soft_gate,8023080,21238.74609375,0.04339974373579025,2.4514846801757812,0.011195915233324855,0.17730736627246893
Model6PhysicalFix_B_soft_gate,8025500,21508.48828125,0.02700933814048767,2.55902099609375,0.006880267894325151,0.18774500910160288
Model6PhysicalFix_B_soft_gate,8029500,22366.5703125,0.0825725868344307,4.9345245361328125,0.020227295282510414,0.1736939519113521
Model6PhysicalFix_B_soft_gate,8050800,14888.0087890625,0.07713960111141205,10.889053344726562,0.028388476536505856,0.14650327795656123
Model6PhysicalFix_B_soft_gate,8066200,20420.912109375,0.0367179699242115,5.26531982421875,0.009851555530736099,0.25700336674252144
Model6PhysicalFix_B_soft_gate,8066300,21483.6953125,0.08730557560920715,4.679008483886719,0.022265593606961384,0.17764092673113657
Model6PhysicalFix_B_soft_gate,8070000,19580.68359375,0.05796404182910919,6.3945465087890625,0.016219300512901845,0.20228258527666476
Model6PhysicalFix_B_soft_gate,8070200,19810.791015625,0.06530185043811798,6.633758544921875,0.018060299463922607,0.20053873929385668
Model6PhysicalFix_B_soft_gate,8079600,7865.8564453125,0.008916201069951057,3.6383819580078125,0.006210622352534323,0.14714446473503398
Model6PhysicalFix_B_soft_gate,8082700,9795.5908203125,0.01199999637901783,9.126197814941406,0.006711997205325459,0.1707952398066533
Model6PhysicalFix_B_soft_gate,8086212,10145.3388671875,0.019669370725750923,3.6919937133789062,0.010622462177395004,0.1701904363216367
Model6PhysicalFix_B_soft_gate,8086290,10729.0400390625,0.022856850177049637,10.383548736572266,0.011672309994040888,0.18655245961489048
Model6PhysicalFix_B_soft_gate,8101000,12920.013671875,0.04102994129061699,5.668415069580078,0.017399597652140643,0.21082355877441233
Model6PhysicalFix_B_soft_gate,8103900,13344.712890625,0.061493996530771255,10.033493041992188,0.025247871640702742,0.18073004246034355
Model6PhysicalFix_B_soft_gate,8104900,13834.935546875,0.05161759629845619,5.966621398925781,0.020441931530332448,0.18514528931866467
Model6PhysicalFix_B_soft_gate,8109700,14029.751953125,0.05047252029180527,4.928398132324219,0.01971089306166179,0.22825724851191656
Model6PhysicalFix_B_soft_gate,8150800,11579.1494140625,0.057864781469106674,9.016433715820312,0.02738034775769249,0.14781381311656888
Model6PhysicalFix_B_soft_gate,8155200,13839.734375,0.07505648583173752,12.995086669921875,0.02971404551037942,0.1562257265933798
Model6PhysicalFix_B_soft_gate,8158700,14143.0634765625,0.09149784594774246,11.915802001953125,0.03544611687128262,0.14383525334063593
Model6PhysicalFix_B_soft_gate,8158810,13852.7587890625,0.07792162895202637,17.66583251953125,0.03081932080738938,0.1743105942979403
Model6PhysicalFix_B_soft_gate,8164000,16233.8662109375,0.07578618824481964,17.659408569335938,0.02557816718149071,0.23210881428610702
Model6PhysicalFix_B_soft_gate,8164300,15427.2900390625,0.07163535803556442,22.301231384277344,0.02544128692148052,0.24508744871434138
Model6PhysicalFix_B_soft_gate,8164600,17133.2109375,0.06571951508522034,6.3399505615234375,0.021016329676099645,0.2091735583212611
Model6PhysicalFix_B_soft_gate,8165300,12055.88671875,0.06947159022092819,6.865715026855469,0.03157252847011007,0.12825957932895204
Model6PhysicalFix_B_soft_gate,8171300,14094.98828125,0.0818597823381424,8.967880249023438,0.0318205135524401,0.1945612040183831
Model6PhysicalFix_B_soft_gate,8175000,13071.5654296875,0.050771161913871765,18.729721069335938,0.021280940137761748,0.2119604979588403
Model6PhysicalFix_B_soft_gate,8176900,14156.552734375,0.04419311136007309,10.870018005371094,0.017104027249003367,0.23893301122837468
Model6PhysicalFix_B_soft_gate,8178880,13725.296875,0.07536736875772476,12.269264221191406,0.030085892417229136,0.1132864662251158
Model6PhysicalFix_B_soft_gate,8189500,13315.927734375,0.039570488035678864,6.578102111816406,0.01628175715466455,0.24358051147335155
Model6PhysicalFix_B_soft_gate,8190000,10421.9189453125,0.05195446312427521,5.888065338134766,0.027313444845856627,0.13714103060847288
Model6PhysicalFix_B_soft_gate,8190500,10049.609375,0.0354510135948658,6.4048309326171875,0.01932772628221324,0.18265581878959847
Model6PhysicalFix_B_soft_gate,8194200,7961.55126953125,0.00598573824390769,3.9361801147460938,0.004119280172952809,0.13157136989622426
Model6PhysicalFix_B_soft_gate,8195000,11988.349609375,0.06200568005442619,7.518024444580078,0.028338273160710227,0.11569527136942034
Model6PhysicalFix_B_soft_gate,8196000,11319.9765625,0.06214486062526703,7.4120941162109375,0.03007883429252904,0.10670878259327227
Model6PhysicalFix_B_soft_gate,8198500,12247.8828125,0.046708665788173676,10.498893737792969,0.020894776875499527,0.16309306925814346
Model6PhysicalFix_B_soft_gate,8200000,13338.703125,0.06763584911823273,17.185012817382812,0.027782072160342845,0.1366268726344976
Model6PhysicalFix_B_soft_gate,8202700,12224.3203125,0.037563506513834,11.695838928222656,0.01683614712809953,0.1878741900271807
Model6PhysicalFix_B_soft_gate,8267500,8609.271484375,0.019613152369856834,1.0682342052459717,0.012481946314803694,0.1524645855542274
Model6PhysicalFix_B_soft_gate,8269000,7999.421875,0.031799037009477615,1.2637939453125,0.021779940029845908,0.16472250558145804
Model6PhysicalFix_B_soft_gate,8271000,8685.4140625,0.04448164626955986,0.9461241960525513,0.028060255222027233,0.13782415044799426
Model6PhysicalFix_B_soft_gate,8324000,7729.5234375,0.0188682209700346,0.8194313645362854,0.013374560977769893,0.22083884183917388
Model6PhysicalFix_B_soft_gate,8377900,10453.2578125,0.01717839390039444,1.0224062204360962,0.00900393198479541,0.20055504713318292
Model6PhysicalFix_B_soft_gate,8378500,9986.486328125,0.02043713815510273,0.7816482782363892,0.011212660661448548,0.20353078212529785
Model6PhysicalFix_B_soft_gate,8380500,9061.1015625,0.017722750082612038,1.0019947290420532,0.010716462052657263,0.2092927082066974
Model6PhysicalFix_B_soft_gate,9034900,14073.6328125,0.029671071097254753,0.9700082540512085,0.01155123179392703,0.10747958213636427
Model6PhysicalFix_B_soft_gate,9035800,13518.283203125,0.022906865924596786,1.261379361152649,0.009284220459856088,0.15138572457064442
Model6PhysicalFix_B_soft_gate,9035900,13001.576171875,0.02044890820980072,1.1087640523910522,0.008617383350981936,0.16310738391544174
Model6PhysicalFix_B_soft_gate,9047700,11088.2705078125,0.025277912616729736,1.1115845441818237,0.012490467342628476,0.25514853771523943
Model6PhysicalFix_B_soft_gate,9065500,13836.931640625,0.036206524819135666,1.1356053352355957,0.01433667192038291,0.08652214818274633
Model6PhysicalFix_B_soft_gate,9066000,12281.349609375,0.03705333173274994,0.8773436546325684,0.016530365490038168,0.14213366749092843
Model6PhysicalFix_B_soft_gate,9066200,14243.8876953125,0.04979432746767998,1.2367548942565918,0.0191536977792215,0.08079207288817208
Model6PhysicalFix_B_soft_gate,9066300,13601.21875,0.0241466723382473,1.2125991582870483,0.009727041672793568,0.20054900870556178
Model6PhysicalFix_B_soft_gate,9081600,14441.6162109375,0.027265217155218124,1.246182918548584,0.010344141644207905,0.10960305216011533
Model6PhysicalFix_B_soft_gate,9107000,10222.390625,0.03592425212264061,1.500948429107666,0.019254691658017863,0.1380557103700058
Model6PhysicalFix_B_soft_gate,9210500,7620.36279296875,0.014244596473872662,0.35816675424575806,0.010241788310936794,0.21957342077209738
Model6PhysicalFix_B_soft_gate,9223000,9520.544921875,0.014529190957546234,0.4767265319824219,0.008361437174621742,0.18252998398406078
Model6PhysicalFix_B_soft_gate,9306242,6968.095703125,0.023005947470664978,0.6378631591796875,0.018089532123952222,0.24093293512703687
Model6PhysicalFix_B_soft_gate,9312600,8721.607421875,0.028993751853704453,0.5674847364425659,0.01821416145705384,0.22852224394200557
Model6PhysicalFix_B_soft_gate,9352900,13268.9912109375,0.0230207871645689,1.7890820503234863,0.009505688527248717,0.0552348428663604
Model6PhysicalFix_B_soft_gate,9378170,8720.8271484375,0.02680143527686596,0.9437484741210938,0.01683843284087673,0.2033780706590175
Model6PhysicalFix_B_soft_gate,9378630,8494.05859375,0.03315044566988945,1.4508399963378906,0.021383333375489026,0.22263965299273988
Model6PhysicalFix_B_soft_gate,9386900,6231.4912109375,0.012597618624567986,0.8687376976013184,0.011076378316129,0.1548303710974077
Model6PhysicalFix_B_soft_gate,9404450,7193.7431640625,0.026817476376891136,1.0494118928909302,0.0204251040841834,0.18921085258416162
Model6PhysicalFix_B_soft_gate,9430500,6717.7529296875,0.015556877478957176,1.5746009349822998,0.012688190627562608,0.1519787493173042
Model6PhysicalFix_B_soft_gate,9430600,8277.4521484375,0.039701275527477264,2.7197952270507812,0.0262790144855347,0.2039517444969751
Model6PhysicalFix_B_soft_gate,9447800,5454.88427734375,0.004446589853614569,1.6728568077087402,0.004466247899920898,0.19065265298095538
Model6PhysicalFix_B_soft_gate,9480000,7597.466796875,0.00452436925843358,1.7348518371582031,0.0032628005220342255,0.1838107531216074
Model6PhysicalFix_B_soft_gate,9484000,7671.30029296875,0.040735743939876556,3.0235443115234375,0.02909430452815871,0.14795870337282777
Model6PhysicalFix_B_soft_gate,9484600,6471.130859375,0.0030640256591141224,1.8015862703323364,0.00259426001194005,0.15809092117061987
Model6PhysicalFix_B_soft_gate,9492400,9166.6298828125,0.03885108605027199,1.3998535871505737,0.02322174013429102,0.2057703036947556
Model6PhysicalFix_B_soft_gate,9494000,8866.080078125,0.016253193840384483,1.5040119886398315,0.010044038160988387,0.22671233114355913
Model6PhysicalFix_B_soft_gate,9497800,7820.4833984375,0.012200349941849709,1.8344810009002686,0.008547517458721869,0.2601461787485913
Model6PhysicalFix_B_soft_gate,9497980,8317.32421875,0.020540131255984306,4.647857666015625,0.013530719733261008,0.21476695268488447
Model6PhysicalFix_B_soft_gate,9505200,8732.291015625,0.0255504809319973,2.8640289306640625,0.016031427332952652,0.2894610028823961
Model6PhysicalFix_B_soft_gate,9505350,8163.40234375,0.017163198441267014,2.4180641174316406,0.011519359063902775,0.2994948215908368
Model6PhysicalFix_B_soft_gate,9505800,9270.4365234375,0.02340504340827465,3.8876113891601562,0.013832815342412303,0.2779544443984453
Model6PhysicalFix_B_soft_gate,9508300,7690.283203125,0.02847464568912983,5.225372314453125,0.020286975704299128,0.2160946875178575
Model6PhysicalFix_B_soft_gate,9510200,5729.888671875,0.015675904229283333,3.0808982849121094,0.014989520337010937,0.19064868700069504
Model6PhysicalFix_B_soft_gate,9512280,5551.2861328125,0.012583418749272823,2.997591018676758,0.012419563306785784,0.20577135225385024
Model6PhysicalFix_B_soft_gate,9513780,5507.0546875,0.012205262668430805,2.772378921508789,0.012143085311915257,0.20478347286789814
Model6PhysicalFix_B_soft_gate,10023000,8557.849609375,0.03604447469115257,0.6735519766807556,0.02307678858259926,0.2237719094243475
Model6PhysicalFix_B_soft_gate,10166430,7490.15234375,0.03182806447148323,0.9099506139755249,0.02328203056591493,0.17542411807378333
Model6PhysicalFix_B_soft_gate,10172700,7642.0322265625,0.042352888733148575,0.7160338163375854,0.030365153701880827,0.196959315136361
Model6PhysicalFix_B_soft_gate,10172800,10625.29296875,0.01762562245130539,0.9395562410354614,0.009088764498681103,0.07804819260498332
Model6PhysicalFix_B_soft_gate,10173450,8981.3984375,0.029055098071694374,1.059122085571289,0.01772473267502103,0.22551161515249835
Model6PhysicalFix_B_soft_gate,10205030,9121.8388671875,0.047877538949251175,0.7772440910339355,0.028757474094996308,0.22006910730954204
Model6PhysicalFix_B_soft_gate,10234500,9621.001953125,0.04217047989368439,0.8774552345275879,0.024015384687998444,0.18252839856571917
Model6PhysicalFix_B_soft_gate,10242000,6222.1640625,0.02883107401430607,0.5542514324188232,0.025387542423317852,0.21061960958619452
Model6PhysicalFix_B_soft_gate,10244950,7192.609375,0.0448455736041069,0.7266529202461243,0.03416130085922616,0.08478527899732147
Model6PhysicalFix_B_soft_gate,10249300,3349.67724609375,0.021328767761588097,0.38416099548339844,0.03488703909643813,0.1732004810689696
Model6PhysicalFix_B_soft_gate,10258000,5122.57666015625,0.028069064021110535,1.7728805541992188,0.030022079800118902,0.06914353414252566
Model6PhysicalFix_B_soft_gate,10258500,4002.106201171875,0.014858601614832878,3.7490310668945312,0.020341858568489357,0.15628291304377268
Model6PhysicalFix_B_soft_gate,10259000,4956.7578125,0.020532846450805664,1.3484725952148438,0.022696179679927184,0.05450955726478214
Model6PhysicalFix_B_soft_gate,10259200,3227.5107421875,0.015998827293515205,3.1811962127685547,0.027159499848864028,0.11607711535139037
Model6PhysicalFix_B_soft_gate,10263500,6177.38720703125,0.034793954342603683,2.6395835876464844,0.030860308977211728,0.08929651358055293
Model6PhysicalFix_B_soft_gate,10310500,8351.2548828125,0.02748868428170681,3.7085037231445312,0.018034475807984042,0.255082565599645
Model6PhysicalFix_B_soft_gate,10316500,12076.8828125,0.04244166240096092,1.161329746246338,0.019254792476231384,0.03408237813591437
Model6PhysicalFix_B_soft_gate,10329500,7659.53515625,0.04336489364504814,0.7052364349365234,0.03101966994009203,0.2445065344410893
Model6PhysicalFix_B_soft_gate,10336645,19093.640625,0.04371071606874466,2.4170989990234375,0.012542972672255487,0.09171519650685396
Model6PhysicalFix_B_soft_gate,10336660,21238.23828125,0.03484591096639633,2.2082443237304688,0.008989481298840222,0.027852876150751823
Model6PhysicalFix_B_soft_gate,10336740,10458.294921875,0.008177325129508972,1.5063037872314453,0.0042840220431430865,0.3381808361970453
Model6PhysicalFix_B_soft_gate,10343500,14398.734375,0.023658260703086853,2.8633041381835938,0.009002430913320833,0.16569290079748764
Model6PhysicalFix_B_soft_gate,10348850,14097.826171875,0.008681210689246655,2.540780544281006,0.0033738785939751072,0.14938521799474017
Model6PhysicalFix_B_soft_gate,10396000,9220.658203125,0.06281410902738571,1.222494125366211,0.037324722456813494,0.18392697104857744
Model6PhysicalFix_B_soft_gate,11098000,9775.345703125,0.038370147347450256,2.783538818359375,0.021506149029256277,0.0980571813816527
Model6PhysicalFix_B_soft_gate,11124500,10959.314453125,0.026942208409309387,2.1126632690429688,0.013469488822204428,0.14799706843618504
Model6PhysicalFix_B_soft_gate,11141280,10294.4482421875,0.035899028182029724,1.302134394645691,0.019106490800895316,0.1857511942069048
Model6PhysicalFix_B_soft_gate,11143000,16074.7646484375,0.012090567499399185,1.4165196418762207,0.004121006955170842,0.016675392448701164
Model6PhysicalFix_B_soft_gate,11148900,12792.587890625,0.04910091683268547,3.19036865234375,0.021029671875727598,0.17240181196234086
Model6PhysicalFix_B_soft_gate,11151300,7270.921875,0.007539323531091213,2.0454063415527344,0.005681253848001134,0.29994211881015775
Model6PhysicalFix_B_soft_gate,11162500,15300.6484375,0.04192559793591499,3.6875228881835938,0.015013112588288998,0.18717155701632335
Model6PhysicalFix_B_soft_gate,11176400,8336.6083984375,0.02566187083721161,2.4468841552734375,0.016865539069781988,0.3264505305161124
Model6PhysicalFix_B_soft_gate,11180500,8371.984375,0.01842663437128067,5.0309295654296875,0.0120592109994247,0.301956995475983
Model6PhysicalFix_B_soft_gate,11180960,9309.3828125,0.0339667946100235,4.192283630371094,0.019991020746457918,0.2584825478494899
Model6PhysicalFix_B_soft_gate,11224500,7097.927734375,0.008839231915771961,2.0262069702148438,0.006823139753666549,0.29900366359129354
Model6PhysicalFix_B_soft_gate,11230500,12188.71484375,0.03352371230721474,1.0616874694824219,0.015069383809017754,0.02858377438178438
Model6PhysicalFix_B_soft_gate,11237500,16716.455078125,0.03385121747851372,1.3238525390625,0.011095105052387448,0.07533538482209882
Model6PhysicalFix_B_soft_gate,11253310,6409.04833984375,0.010097960941493511,1.4195137023925781,0.008632596586430119,0.29823916092749425
Model6PhysicalFix_B_soft_gate,11264500,15253.73828125,0.02387395314872265,0.8280563354492188,0.008575300493065608,0.03827173224954846
Model6PhysicalFix_B_soft_gate,11266500,15757.8056640625,0.02243320271372795,0.7587231397628784,0.007800039986693103,0.03188918633640954
Model6PhysicalFix_B_soft_gate,11274500,6868.86865234375,0.011233048513531685,2.708301544189453,0.008960117720931943,0.3435159822577564
Model6PhysicalFix_B_soft_gate,11274630,7114.62060546875,0.018404094502329826,2.7541160583496094,0.01417307185364535,0.33594364405439037
Model6PhysicalFix_B_soft_gate,11284400,15849.474609375,0.023699361830949783,2.0973739624023438,0.008192624920347443,0.36906111709391
Model6PhysicalFix_B_soft_gate,11299600,11692.30078125,0.06302972137928009,3.5706329345703125,0.02953566198910942,0.2948239593429036
Model6PhysicalFix_B_soft_gate,11381500,19177.86328125,0.04509516805410385,1.9516228437423706,0.01288341811863776,0.13948210552816326
Model6PhysicalFix_B_soft_gate,11383500,19707.380859375,0.06150658428668976,2.293365478515625,0.01709991653765508,0.05525260007775878
Model6PhysicalFix_B_soft_gate,11451100,17480.892578125,0.020198790356516838,1.215911865234375,0.006330865183212876,0.0616431841820148
Model6PhysicalFix_B_soft_gate,11468500,20656.412109375,0.019249893724918365,0.9613941311836243,0.00510592877935054,0.1090828712293578
Model6PhysicalFix_B_soft_gate,11473900,21029.537109375,0.00826361496001482,0.45992279052734375,0.0021529881548905867,0.15986873884509353
Model6PhysicalFix_B_soft_gate,11475560,29500.443359375,0.01303741242736578,1.7093548774719238,0.0024213867933294436,0.031103867480275556
Model6PhysicalFix_B_soft_gate,11476600,27393.671875,0.007009640336036682,1.1336771249771118,0.0014019960199004532,0.04069805412404211
Model6PhysicalFix_B_soft_gate,11478500,24538.20703125,0.006175656337291002,0.76715087890625,0.001378928049774021,0.1164010055428548
Model6PhysicalFix_B_soft_gate,11480390,22036.5859375,0.026731744408607483,2.5537796020507812,0.006646366489516901,0.2220996873806805
Model6PhysicalFix_B_soft_gate,11481200,24086.373046875,0.011757251806557178,1.02701735496521,0.0026744576231308823,0.09765653159207387
Model6PhysicalFix_B_soft_gate,11482500,25119.8125,0.00895584374666214,0.9243777394294739,0.0019534010816637825,0.12204609992548213
Model6PhysicalFix_B_soft_gate,11522500,18011.837890625,0.015255912207067013,0.8361735343933105,0.004640678172428051,0.12225318993227219
Model6PhysicalFix_B_soft_gate,11523200,17074.447265625,0.018658945336937904,0.805755615234375,0.005987447748640289,0.03732848690997844
Model6PhysicalFix_B_soft_gate,11528700,20197.59765625,0.0178295336663723,1.3355178833007812,0.0048366157431896,0.3296869696562381
Model6PhysicalFix_B_soft_gate,11532500,32222.919921875,0.0046402448788285255,1.1624128818511963,0.000789000520930093,0.002439812231049146
Model6PhysicalFix_B_soft_gate,12010000,44719.98828125,0.0054006678983569145,1.0798511505126953,0.0006616786070225431,0.015085669906764462
Model6PhysicalFix_B_soft_gate,12013500,38908.2265625,0.004281456582248211,0.19273757934570312,0.0006029084704632476,0.10571467202569829
Model6PhysicalFix_B_soft_gate,12020000,42541.7421875,0.005286201369017363,1.7129833698272705,0.0006808159499204182,0.1151604109236094
Model6PhysicalFix_B_soft_gate,12025000,26613.80859375,0.011241387575864792,3.2721855640411377,0.0023142709530469454,0.08775123346300932
Model6PhysicalFix_B_soft_gate,12025700,28063.375,0.009194294922053814,6.224820137023926,0.0017950635547938094,0.025874639087673214
Model6PhysicalFix_B_soft_gate,12035000,39252.421875,0.0060896375216543674,1.9383509159088135,0.00085001439796584,0.01838517223011717
Model6PhysicalFix_B_soft_gate,12040500,44525.7578125,0.004210957791656256,2.161673069000244,0.0005181683482190874,0.0016070379080305869
Model6PhysicalFix_B_soft_gate,12041200,41682.6875,0.004169066436588764,0.883021354675293,0.0005480048683000136,0.02349751793872756
Model6PhysicalFix_B_soft_gate,12043000,44452.375,0.004530326928943396,1.3237602710723877,0.0005583877350868969,0.07944883604363097
Model6PhysicalFix_B_soft_gate,12048000,26267.537109375,0.00386478821747005,1.2388901710510254,0.0008061347596070304,0.6462283865563326
Model6PhysicalFix_B_soft_gate,12054000,32116.798828125,0.006387580186128616,0.1213526725769043,0.0010896961167159588,0.050127613439252885
Model6PhysicalFix_B_soft_gate,12056500,38875.078125,0.004442415200173855,0.9862598180770874,0.0006261078741740371,0.012644083500133642
Model6PhysicalFix_B_soft_gate,12073500,23113.888671875,0.023766476660966873,1.0889968872070312,0.005633691676262353,0.2775594836066079
Model6PhysicalFix_B_soft_gate,12082500,39403.9375,0.012753142043948174,4.356237411499023,0.0017732863864780724,0.10168563619118014
Model6PhysicalFix_B_soft_gate,12092000,39628.75,0.008991424925625324,4.7586188316345215,0.0012431382568906136,0.21577630665867584
Model6PhysicalFix_B_soft_gate,12095000,24954.79296875,0.007938619703054428,1.4765424728393555,0.0017429796783308316,0.16964929316715993
Model6PhysicalFix_B_soft_gate,12114500,39868.8515625,0.004958124831318855,2.9917235374450684,0.0006813731629098178,0.0370437917004444
Model6PhysicalFix_B_soft_gate,12115000,39591.8359375,0.005037297494709492,3.561760425567627,0.0006970970461310038,0.03970776075895539
Model6PhysicalFix_B_soft_gate,12115500,38948.1171875,0.006052892189472914,4.57343864440918,0.0008514864867931277,0.009909736440244324
Model6PhysicalFix_B_soft_gate,12117000,36028.8203125,0.0068189771845936775,6.6716437339782715,0.0010369802622748412,0.06112943381481275
Model6PhysicalFix_B_soft_gate,12141300,44057.84375,0.006696523632854223,5.017599105834961,0.0008327746228258341,0.0042992526614957895
Model6PhysicalFix_B_soft_gate,12143600,41874.9453125,0.006274649873375893,4.72395658493042,0.0008209875096268783,0.018869899876734913
Model6PhysicalFix_B_soft_gate,12144000,39745.8671875,0.005983722861856222,4.065218925476074,0.0008248610248527706,0.03801046851176154
Model6PhysicalFix_B_soft_gate,12145500,32175.64453125,0.006439280230551958,5.355999946594238,0.0010965068653168977,0.09750524009753593
Model6PhysicalFix_B_soft_gate,12147500,47970.9140625,0.007421037647873163,6.69442081451416,0.0008475941542417386,0.003601868246334815
Model6PhysicalFix_B_soft_gate,12147600,52771.1328125,0.008668512105941772,0.7185268402099609,0.0009000143667219738,0.0021355247703267574
Model6PhysicalFix_B_soft_gate,12167000,38868.28515625,0.005827231798321009,3.8670172691345215,0.0008214255495962878,0.003968522503284078
Model6PhysicalFix_B_soft_gate,12175500,30349.515625,0.014544118195772171,4.609741687774658,0.002625650647160761,0.005715989364984202
Model6PhysicalFix_B_soft_gate,12178100,34427.47265625,0.007616519462317228,4.78427267074585,0.0012121398416769038,0.00528651920454833
Model6PhysicalFix_B_soft_gate,12186000,37513.046875,0.00722742173820734,3.9231438636779785,0.001055607264633971,0.0072789649226206714
Model6PhysicalFix_B_soft_gate,12189500,33609.2734375,0.007332742214202881,3.5138301849365234,0.0011953871638994958,0.006593014914532517
Model6PhysicalFix_B_soft_gate,12358500,18056.83203125,0.021969901397824287,4.364818572998047,0.0066663457251886354,0.08354699160571365
Model6PhysicalFix_B_soft_gate,12374250,12397.712890625,0.00926814042031765,5.076718330383301,0.004095928352736116,0.34990592550383776
Model6PhysicalFix_B_soft_gate,12375900,18920.328125,0.008341453038156033,5.146827697753906,0.0024155407526219113,0.05843927115016009
Model6PhysicalFix_B_soft_gate,12377150,22073.705078125,0.03971415385603905,1.063798427581787,0.009857603913009124,0.024862450347234236
Model6PhysicalFix_B_soft_gate,12381400,16262.4814453125,0.013580291531980038,0.8213925957679749,0.004575342213111432,0.3161599555053297
Model6PhysicalFix_B_soft_gate,12383500,16654.126953125,0.015192666091024876,1.1195321083068848,0.004998197508582531,0.2728388632556706
Model6PhysicalFix_B_soft_gate,12388400,12707.16015625,0.020395364612340927,0.5336081981658936,0.008793955469787734,0.2851225494792091
Model6PhysicalFix_B_soft_gate,12390700,16309.900390625,0.010744989849627018,2.8906493186950684,0.0036095744338717054,0.3269033894170635
Model6PhysicalFix_B_soft_gate,12411000,18530.6640625,0.00790910143405199,1.6606559753417969,0.002338500604730335,0.153075850838454
Model6PhysicalFix_B_soft_gate,12414500,20137.16796875,0.014125688001513481,0.42861226201057434,0.003843372901841181,0.14737852598826603
Model6PhysicalFix_B_soft_gate,12447390,13737.384765625,0.017037948593497276,0.4433631896972656,0.006795392516372621,0.33330650948078644
Model6PhysicalFix_B_soft_gate,12451000,24821.25,0.024881066754460335,2.541808843612671,0.005492203827680415,0.023558120739065568
Model6PhysicalFix_B_soft_gate,12488500,26661.59375,0.0318487323820591,2.2392425537109375,0.006544965322748898,0.2214593960354958
Model6PhysicalFix_B_soft_gate,13011500,13595.0244140625,0.03407755866646767,0.8623580932617188,0.013733769930333399,0.05999242258538262
Model6PhysicalFix_B_soft_gate,13011900,13215.6826171875,0.027966739609837532,1.2310844659805298,0.011594540462588135,0.07494715270439159
Model6PhysicalFix_B_soft_gate,13018300,12499.7607421875,0.008952721022069454,1.0309323072433472,0.003924231606386216,0.13848554132481442
Model6PhysicalFix_B_soft_gate,13023000,13228.447265625,0.016621870920062065,0.7528390884399414,0.006884499278565591,0.1333769073072133
Model6PhysicalFix_B_soft_gate,13083000,8719.75390625,0.057154763489961624,0.6897917985916138,0.03591281856211001,0.19215213010867477
Model6PhysicalFix_B_soft_gate,13161500,7778.09619140625,0.027591584250330925,0.8689804077148438,0.019435898215774076,0.21743793496623662
Model6PhysicalFix_B_soft_gate,13235000,14401.763671875,0.024371474981307983,0.7338057160377502,0.009271872117713447,0.18745681443909526
Model6PhysicalFix_B_soft_gate,13240000,17880.205078125,0.05143965780735016,1.3392219543457031,0.01576256476889105,0.061974851073196016
Model6PhysicalFix_B_soft_gate,13310700,16874.98046875,0.02831398695707321,0.9702348709106445,0.009193038164685375,0.24138254210942373
Model6PhysicalFix_B_soft_gate,13313000,20018.51171875,0.023035114631056786,1.0551910400390625,0.006304633956114643,0.39390371880402103
Model6PhysicalFix_B_soft_gate,13331500,15460.6796875,0.013789297081530094,0.5628418326377869,0.004886690687300496,0.08249740426444706
Model6PhysicalFix_B_soft_gate,13337000,19981.09765625,0.020400214940309525,0.6746789216995239,0.005593925984196783,0.10463498851746797
Model6PhysicalFix_B_soft_gate,13338500,13110.67578125,0.011224300600588322,2.007213592529297,0.004690676888381606,0.183768341818288
Model6PhysicalFix_B_soft_gate,13340000,16466.86328125,0.03187381476163864,0.9448033571243286,0.010605336560735017,0.10326870938961935
Model6PhysicalFix_B_soft_gate,13340600,20978.068359375,0.019790083169937134,0.6934062838554382,0.005168725201384519,0.10820181111765627
Model6PhysicalFix_B_soft_gate,14020000,14597.1953125,0.014207211323082447,0.5740718841552734,0.0053326208855404055,0.12655405295109667
Model6PhysicalFix_B_soft_gate,14092750,26032.7265625,0.03548186644911766,1.9703750610351562,0.007467720895145804,0.13240648639678002
Model6PhysicalFix_B_soft_gate,14096850,14697.2734375,0.02808034047484398,1.101287841796875,0.010468076869128574,0.2571087005402256
Model6PhysicalFix_B_soft_gate,14137000,35447.9140625,0.006240901071578264,2.5690054893493652,0.0009646236781951534,0.0493591788942976
Model6PhysicalFix_B_soft_gate,14138800,43450.99609375,0.005654297769069672,3.0642318725585938,0.0007129847699214183,0.003978533563762338
Model6PhysicalFix_B_soft_gate,14138870,47523.265625,0.005859375,3.843507766723633,0.0006755326091924055,0.04610639517354822
Model6PhysicalFix_B_soft_gate,14138900,50626.65625,0.0058240764774382114,5.717124938964844,0.0006303026241898027,0.027138261448853833
Model6PhysicalFix_B_soft_gate,14139800,44847.4296875,0.0052028545178473,0.8931844234466553,0.0006356315471135774,0.01349129823145174
Model6PhysicalFix_B_soft_gate,14141500,41838.953125,0.0050398604944348335,2.426274299621582,0.0006599925100520299,0.04999287166228541
Model6PhysicalFix_B_soft_gate,14154500,25946.154296875,0.005646240897476673,1.0501017570495605,0.001192305900700602,0.18743544604958992
Model6PhysicalFix_B_soft_gate,14158500,32739.716796875,0.007955608889460564,1.467411756515503,0.0013313732533056211,0.11272897889276422
Model6PhysicalFix_B_soft_gate,14158790,34400.44140625,0.006463378202170134,4.30653715133667,0.0010294300880638,0.027902076565378374
Model6PhysicalFix_B_soft_gate,14166500,29193.25,0.00968300923705101,1.2835617065429688,0.0018173107618186031,0.19213215089318592
Model6PhysicalFix_B_soft_gate,14182500,35558.5546875,0.00572058092802763,1.4705727100372314,0.0008814493060796507,0.029491937539204153
Model6PhysicalFix_B_soft_gate,14185000,32475.056640625,0.006104238331317902,5.408374309539795,0.0010298710833747463,0.06831838907132391
Model6PhysicalFix_B_soft_gate,14185900,37294.7890625,0.00639069639146328,6.752660751342773,0.0009388610695890407,0.020734691867454674
Model6PhysicalFix_B_soft_gate,14187000,30516.296875,0.006267609540373087,5.094841957092285,0.0011253079949308591,0.13683558490519665
Model6PhysicalFix_B_soft_gate,14216500,40951.78515625,0.009852036833763123,1.738070011138916,0.0013181185844786795,0.0358944581552029
Model6PhysicalFix_B_soft_gate,14222500,41537.4765625,0.004462238401174545,0.3094801902770996,0.0005885914746639284,0.05181055788851822
Model6PhysicalFix_B_soft_gate,14236200,31561.86328125,0.007209361530840397,11.834634780883789,0.0012515132963078338,0.015297396315049425
Model6PhysicalFix_B_soft_gate,14301000,32760.552734375,0.005964870098978281,0.35652077198028564,0.000997587636398231,0.1320572217814119
Model6PhysicalFix_B_soft_gate,14303200,37936.30859375,0.005115642677992582,2.6836066246032715,0.0007388332564179065,0.02581197527825987
Model6PhysicalFix_B_soft_gate,14305500,39064.234375,0.004790243227034807,2.8464913368225098,0.0006718611849883865,0.010229748924147767
Model6PhysicalFix_B_soft_gate,14306340,38589.3046875,0.005134414881467819,1.859593152999878,0.000728996296192188,0.0484255549880138
Model6PhysicalFix_B_soft_gate,14306500,36415.38671875,0.005972699262201786,1.6249146461486816,0.000898642623045032,0.10502157773923476
Model6PhysicalFix_B_soft_gate,14308990,20648.62890625,0.009590545669198036,0.8444913029670715,0.0025447985229611002,0.3125617545353817
Model6PhysicalFix_B_soft_gate,14309500,28278.21875,0.007288947235792875,1.0450921058654785,0.0014122580464080129,0.17027330899002435
Model6PhysicalFix_B_soft_gate,14316700,25466.34765625,0.0070182811468839645,1.015984058380127,0.0015099598759123751,0.08783050471785299
Model6PhysicalFix_B_soft_gate,14325000,34980.60546875,0.003188551403582096,0.7612988948822021,0.0004994217071387772,0.1413029792736712
Model6PhysicalFix_B_soft_gate,14362250,16126.1884765625,0.010678845457732677,0.8913300633430481,0.003628221998626918,0.40628782386860174
Model6PhysicalFix_B_soft_gate,14400000,32135.185546875,0.0053454069420695305,1.2423068284988403,0.0009113837254793364,0.0034742497514923375
Model6Closed_Snow_aSrz_SIMHYD_Simple,1013500,17359.48828125,0.00014857608766760677,0.00022839452140033245,4.689357176163018e-05,0.0
Model6Closed_Snow_aSrz_SIMHYD_Simple,1022500,20077.05859375,0.00016078971384558827,0.00022911126143299043,4.387927833456518e-05,0.0
Model6Closed_Snow_aSrz_SIMHYD_Simple,1030500,18280.23046875,0.00015191521379165351,0.0002278665197081864,4.553243792807876e-05,0.0
Model6Closed_Snow_aSrz_SIMHYD_Simple,1031500,19840.40625,0.00015550453099422157,0.00022883035126142204,4.294313763949447e-05,0.0
Model6Closed_Snow_aSrz_SIMHYD_Simple,1047000,18903.4375,0.00015696413174737245,0.00022865338542032987,4.5494712356244754e-05,0.0
Model6Closed_Snow_aSrz_SIMHYD_Simple,1052500,20719.5078125,0.0001493917079642415,0.00022832058311905712,3.950466178549435e-05,0.0
Model6Closed_Snow_aSrz_SIMHYD_Simple,1054200,23372.59375,0.00015272862219717354,0.00023051819880492985,3.580262025557987e-05,0.0
Model6Closed_Snow_aSrz_SIMHYD_Simple,1055000,19840.38671875,0.00015356297080870718,0.00023019706713967025,4.240701293688753e-05,0.0
Model6Closed_Snow_aSrz_SIMHYD_Simple,1057000,20830.89453125,0.000158465321874246,0.00022831177921034396,4.16799928421406e-05,0.0
Model6Closed_Snow_aSrz_SIMHYD_Simple,1073000,20425.341796875,0.00016722045256756246,0.0002297693572472781,4.485608541327505e-05,0.0
Model6Closed_Snow_aSrz_SIMHYD_Simple,1078000,20490.39453125,0.0001592951302882284,0.00022970829741097987,4.259449747153404e-05,0.0
Model6Closed_Snow_aSrz_SIMHYD_Simple,1118300,22078.8671875,0.00017813799786381423,0.00023138057440519333,4.420598497585947e-05,0.0
Model6Closed_Snow_aSrz_SIMHYD_Simple,1121000,20598.021484375,0.00017390215361956507,0.00023040261294227093,4.625734908402943e-05,0.0
Model6Closed_Snow_aSrz_SIMHYD_Simple,1123000,21351.65234375,0.00017464809934608638,0.0002295550802955404,4.481605852910848e-05,0.0
Model6Closed_Snow_aSrz_SIMHYD_Simple,1134500,19585.005859375,0.00015375798102468252,0.00023113572387956083,4.301453650621301e-05,0.0
Model6Closed_Snow_aSrz_SIMHYD_Simple,1137500,22661.140625,0.00015183567302301526,0.00022856025316286832,3.6710757138542576e-05,0.0
Model6Closed_Snow_aSrz_SIMHYD_Simple,1139000,17758.95703125,0.0001581297256052494,0.00023007908021099865,4.878623953771581e-05,0.0
Model6Closed_Snow_aSrz_SIMHYD_Simple,1139800,18778.6015625,0.00015386848826892674,0.0002293114084750414,4.489394326264836e-05,0.0
Model6Closed_Snow_aSrz_SIMHYD_Simple,1142500,19087.91015625,0.0001591617037774995,0.00022964422532822937,4.5685826281705947e-05,0.0
Model6Closed_Snow_aSrz_SIMHYD_Simple,1144000,19662.759765625,0.00015605476801283658,0.00023039898951537907,4.3484437074805153e-05,0.0
Model6Closed_Snow_aSrz_SIMHYD_Simple,1162500,21038.61328125,0.00016423464694526047,0.0002344967215321958,4.277095617413764e-05,0.0
Model6Closed_Snow_aSrz_SIMHYD_Simple,1169000,21952.376953125,0.00016084930393844843,0.0002306475944351405,4.014568894729687e-05,0.0
Model6Closed_Snow_aSrz_SIMHYD_Simple,1170100,21756.6875,0.00016117154154926538,0.0002284727816004306,4.0587929830839437e-05,0.0
Model6Closed_Snow_aSrz_SIMHYD_Simple,1181000,21420.73046875,0.0001616268273210153,0.0002335820026928559,4.1340950593503626e-05,0.0
Model6Closed_Snow_aSrz_SIMHYD_Simple,1187300,22190.91015625,0.0001637752866372466,0.0002309066621819511,4.0436592919042765e-05,0.0
Model6Closed_Snow_aSrz_SIMHYD_Simple,1195100,20584.064453125,0.00018101363093592227,0.00022950353741180152,4.818162453823627e-05,0.0
Model6Closed_Snow_aSrz_SIMHYD_Simple,1333000,20890.41015625,0.00016417248116340488,0.00023032710305415094,4.305808353923651e-05,0.0
Model6Closed_Snow_aSrz_SIMHYD_Simple,1350000,22485.580078125,0.00016189356392715126,0.00023126605083234608,3.9448164681247106e-05,0.0
Model6Closed_Snow_aSrz_SIMHYD_Simple,1350080,20491.798828125,0.00016438284364994615,0.00022999064822215587,4.395190525961058e-05,0.0
Model6Closed_Snow_aSrz_SIMHYD_Simple,1350140,20488.8046875,0.00016123066598083824,0.00023384223459288478,4.311538963423051e-05,0.0
Model6Closed_Snow_aSrz_SIMHYD_Simple,1365000,24261.380859375,0.00016115671314764768,0.00022844222257845104,3.6394367244963746e-05,0.0
Model6Closed_Snow_aSrz_SIMHYD_Simple,1411300,17995.111328125,0.0001899037742987275,0.0002306250826222822,5.782030133092381e-05,0.0
Model6Closed_Snow_aSrz_SIMHYD_Simple,1413500,22334.52734375,0.0001607317681191489,0.00023193107335828245,3.942995142354104e-05,0.0
Model6Closed_Snow_aSrz_SIMHYD_Simple,1414500,23253.17578125,0.00015954754780977964,0.0002318783081136644,3.7593187839960075e-05,0.0
Model6Closed_Snow_aSrz_SIMHYD_Simple,1415000,21901.5703125,0.00016012931882869452,0.00023241194139700383,4.005870490997196e-05,0.0
Model6Closed_Snow_aSrz_SIMHYD_Simple,1423000,21298.826171875,0.00015976311988197267,0.00023195607354864478,4.109813956869116e-05,0.0
Model6Closed_Snow_aSrz_SIMHYD_Simple,1434025,25860.359375,0.000157444053911604,0.0002295563172083348,3.335746257840478e-05,0.0
Model6Closed_Snow_aSrz_SIMHYD_Simple,1435000,25030.2265625,0.00015893272939138114,0.00022991989681031555,3.478963509764117e-05,0.0
Model6Closed_Snow_aSrz_SIMHYD_Simple,1439500,21146.421875,0.00016853786655701697,0.00023396324831992388,4.366785759652858e-05,0.0
Model6Closed_Snow_aSrz_SIMHYD_Simple,1440000,20225.47265625,0.0001717744453344494,0.00022884370991960168,4.65330146296055e-05,0.0
Model6Closed_Snow_aSrz_SIMHYD_Simple,1440400,21575.962890625,0.0001677828695392236,0.00023151363711804152,4.260678060217644e-05,0.0
Model6Closed_Snow_aSrz_SIMHYD_Simple,1451800,19558.330078125,0.0001784211490303278,0.0002307950344402343,4.9982255998542396e-05,0.0
Model6Closed_Snow_aSrz_SIMHYD_Simple,1466500,20135.94140625,0.00018997104780282825,0.00024244209635071456,5.169121888067915e-05,0.0
Model6Closed_Snow_aSrz_SIMHYD_Simple,1484100,18924.48046875,0.00019221905677113682,0.00023735631839372218,5.565110119370369e-05,0.0
Model6Closed_Snow_aSrz_SIMHYD_Simple,1485500,18354.017578125,0.00018958178407046944,0.00023159553529694676,5.6593526555059495e-05,0.0
Model6Closed_Snow_aSrz_SIMHYD_Simple,1486000,18575.33984375,0.00018888925842475146,0.00023121395497582853,5.571495743431863e-05,0.0
Model6Closed_Snow_aSrz_SIMHYD_Simple,1487000,19008.34375,0.0001903902302728966,0.00023229133512359113,5.487842888844455e-05,0.0
Model6Closed_Snow_aSrz_SIMHYD_Simple,1491000,18818.060546875,0.00019007839728146791,0.00023123182472772896,5.5342554066050554e-05,0.0
Model6Closed_Snow_aSrz_SIMHYD_Simple,1510000,18938.77734375,0.00015810226614121348,0.00023259816225618124,4.573908512809386e-05,0.0
Model6Closed_Snow_aSrz_SIMHYD_Simple,1516500,17874.01953125,0.00016755274555180222,0.00023064707056619227,5.136066336425366e-05,0.0
Model6Closed_Snow_aSrz_SIMHYD_Simple,1518862,16737.7578125,0.00016497817705385387,0.0002330904535483569,5.40045730738812e-05,0.0
Model6Closed_Snow_aSrz_SIMHYD_Simple,1532000,17651.3359375,0.00016798720753286034,0.00023338067694567144,5.214347141020872e-05,0.0
Model6Closed_Snow_aSrz_SIMHYD_Simple,1539000,18917.55859375,0.00016988952120300382,0.00022852883557789028,4.920427191515064e-05,0.0
Model6Closed_Snow_aSrz_SIMHYD_Simple,1542810,18632.30859375,0.0001652311475481838,0.00023292668629437685,4.858772315453801e-05,0.0
Model6Closed_Snow_aSrz_SIMHYD_Simple,1543000,18466.19921875,0.00016519479686394334,0.00023196452821139246,4.901399807499058e-05,0.0
Model6Closed_Snow_aSrz_SIMHYD_Simple,1543500,18587.34375,0.00016441145271528512,0.00022984747192822397,4.8463641337052706e-05,0.0
Model6Closed_Snow_aSrz_SIMHYD_Simple,1544500,18468.63671875,0.00016470163245685399,0.0002317788457730785,4.886122722242401e-05,0.0
Model6Closed_Snow_aSrz_SIMHYD_Simple,1545600,18677.1953125,0.00016634169151075184,0.0002290856500621885,4.879673403802423e-05,0.0
Model6Closed_Snow_aSrz_SIMHYD_Simple,1547700,17187.97265625,0.0001719918946037069,0.0002338377817068249,5.4825755863713035e-05,0.0
Model6Closed_Snow_aSrz_SIMHYD_Simple,1548500,17583.08984375,0.00016379717271775007,0.00023252711980603635,5.1040217220730545e-05,0.0
Model6Closed_Snow_aSrz_SIMHYD_Simple,1549500,18836.1640625,0.00016729312483221292,0.0002319827035535127,4.866166127146205e-05,0.0
Model6Closed_Snow_aSrz_SIMHYD_Simple,1550000,18903.23046875,0.0001666356110945344,0.00023188232444226742,4.829843936157701e-05,0.0
Model6Closed_Snow_aSrz_SIMHYD_Simple,1552000,19173.2109375,0.00016597495414316654,0.0002302078064531088,4.742955173364645e-05,0.0
Model6Closed_Snow_aSrz_SIMHYD_Simple,1552500,19929.00390625,0.00016796721320133656,0.000230922712944448,4.61785436844291e-05,0.0
Model6Closed_Snow_aSrz_SIMHYD_Simple,1557500,17253.92578125,0.00017260323511436582,0.00023402002989314497,5.481031663467737e-05,0.0
Model6Closed_Snow_aSrz_SIMHYD_Simple,1567500,18096.044921875,0.00017852614109870046,0.00023042727843858302,5.405295519095194e-05,0.0
Model6Closed_Snow_aSrz_SIMHYD_Simple,1568000,18765.32421875,0.00017650586960371584,0.0002314797748113051,5.1535248453492135e-05,0.0
Model6Closed_Snow_aSrz_SIMHYD_Simple,1580000,19321.314453125,0.00018470305076334625,0.00024012912763282657,5.237677002981636e-05,0.0
Model6Closed_Snow_aSrz_SIMHYD_Simple,1583500,18327.75390625,0.00018736506171990186,0.00024085951736196876,5.601194703963529e-05,0.0
Model6Closed_Snow_aSrz_SIMHYD_Simple,1586610,18595.34765625,0.0001858459145296365,0.00023940953542478383,5.475830669910007e-05,0.0
Model6Closed_Snow_aSrz_SIMHYD_Simple,1591400,18565.18359375,0.00018709184951148927,0.00024023355217650533,5.521498157704986e-05,0.0
Model6Closed_Snow_aSrz_SIMHYD_Simple,1594950,22062.97265625,0.0001627807505428791,0.00023344809596892446,4.042409686862011e-05,0.0
Model6Closed_Snow_aSrz_SIMHYD_Simple,1596500,18690.107421875,0.00016810029046609998,0.00023318476451095194,4.927855365929294e-05,0.0
Model6Closed_Snow_aSrz_SIMHYD_Simple,1605500,17708.181640625,0.0001733451645122841,0.00023509560560341924,5.3633862093233876e-05,0.0
Model6Closed_Snow_aSrz_SIMHYD_Simple,1606500,18687.27734375,0.00016972546291071922,0.0002361894294153899,4.976250859148445e-05,0.0
Model6Closed_Snow_aSrz_SIMHYD_Simple,1613050,17350.71875,0.0001763726759236306,0.0002314904413651675,5.569486314551836e-05,0.0
Model6Closed_Snow_aSrz_SIMHYD_Simple,1620500,18674.23828125,0.00017511306214146316,0.00023822652292437851,5.137797048548739e-05,0.0
Model6Closed_Snow_aSrz_SIMHYD_Simple,1632000,16358.6689453125,0.000179802329512313,0.00023469937150366604,6.0221096781905046e-05,0.0
Model6Closed_Snow_aSrz_SIMHYD_Simple,1632900,15975.392578125,0.00018469929636921734,0.0002327803085790947,6.334538670202592e-05,0.0
Model6Closed_Snow_aSrz_SIMHYD_Simple,1634500,16626.572265625,0.00018275926413480192,0.00023074386990629137,6.022516181138297e-05,0.0
Model6Closed_Snow_aSrz_SIMHYD_Simple,1638480,17063.5703125,0.0001849918917287141,0.00023037759819999337,5.939967594949258e-05,0.0
Model6Closed_Snow_aSrz_SIMHYD_Simple,1639500,18037.07421875,0.0001845430233515799,0.00022974338207859546,5.6057387534025516e-05,0.0
Model6Closed_Snow_aSrz_SIMHYD_Simple,1644000,17077.7890625,0.00018526686471886933,0.00022964095114730299,5.9438438453029386e-05,0.0
Model6Closed_Snow_aSrz_SIMHYD_Simple,1658500,17837.541015625,0.00018652575090527534,0.00023212975065689534,5.729346677904888e-05,0.0
Model6Closed_Snow_aSrz_SIMHYD_Simple,1664000,17580.9765625,0.00018582127813715488,0.00022900431940797716,5.791002573731789e-05,0.0
Model6Closed_Snow_aSrz_SIMHYD_Simple,1666500,17787.28125,0.00018530647503212094,0.00023053126642480493,5.707978526631194e-05,0.0
Model6Closed_Snow_aSrz_SIMHYD_Simple,1667500,17732.96875,0.0001858719770098105,0.0002306606329511851,5.7429332743069936e-05,0.0
Model6Closed_Snow_aSrz_SIMHYD_Simple,1669000,18052.228515625,0.00019155860354658216,0.00023512080952059478,5.813961299636385e-05,0.0
Model6Closed_Snow_aSrz_SIMHYD_Simple,1669520,18495.892578125,0.00019060053455177695,0.00023632805095985532,5.646120149937349e-05,0.0
Model6Closed_Snow_aSrz_SIMHYD_Simple,2011400,18201.607421875,0.00017636606935411692,0.00023326090013142675,5.308924889085777e-05,0.0
Model6Closed_Snow_aSrz_SIMHYD_Simple,2011460,18742.82421875,0.0001716597907943651,0.00023278809385374188,5.018048353178016e-05,0.0
Model6Closed_Snow_aSrz_SIMHYD_Simple,2013000,17066.4453125,0.00017949521134141833,0.0002326006069779396,5.7625018534304684e-05,0.0
Model6Closed_Snow_aSrz_SIMHYD_Simple,2014000,17553.615234375,0.00017845486581791192,0.0002339115017093718,5.570101783665149e-05,0.0
Model6Closed_Snow_aSrz_SIMHYD_Simple,2015700,17621.83203125,0.00017753284191712737,0.00023269554367288947,5.5198712703352365e-05,0.0
Model6Closed_Snow_aSrz_SIMHYD_Simple,2016000,17325.4453125,0.0001797020813683048,0.00023500359384343028,5.682899640462321e-05,0.0
Model6Closed_Snow_aSrz_SIMHYD_Simple,2017500,16836.55859375,0.00018072730745188892,0.0002331449359189719,5.881278675756582e-05,0.0
Model6Closed_Snow_aSrz_SIMHYD_Simple,2018000,17088.0703125,0.00018077233107760549,0.00023471764870919287,5.796158116232947e-05,0.0
Model6Closed_Snow_aSrz_SIMHYD_Simple,2027000,19402.736328125,0.0001827719243010506,0.00022826474742032588,5.161165765165085e-05,0.0
Model6Closed_Snow_aSrz_SIMHYD_Simple,2027500,20631.6328125,0.00018138696032110602,0.00022874760907143354,4.8169678404898744e-05,0.0
Model6Closed_Snow_aSrz_SIMHYD_Simple,2028500,18455.34375,0.00018512889801058918,0.00023306284856516868,5.496084070502253e-05,0.0
Model6Closed_Snow_aSrz_SIMHYD_Simple,2038850,17336.38671875,0.00019520876230672002,0.00023972892086021602,6.169387327604878e-05,0.0
Model6Closed_Snow_aSrz_SIMHYD_Simple,2046000,18619.359375,0.00019280312699265778,0.00023626018082723022,5.673494612285317e-05,0.0
Model6Closed_Snow_aSrz_SIMHYD_Simple,2051000,17853.796875,0.00019609629816841334,0.00023799143673386425,6.017832722937222e-05,0.0
Model6Closed_Snow_aSrz_SIMHYD_Simple,2051500,18004.0625,0.0001937427878146991,0.00023586969473399222,5.8959846522404883e-05,0.0
Model6Closed_Snow_aSrz_SIMHYD_Simple,2053200,18677.125,0.00019448083185125142,0.00023246508499141783,5.705163188074381e-05,0.0
Model6Closed_Snow_aSrz_SIMHYD_Simple,2053800,17756.703125,0.0001832613634178415,0.00023313854762818664,5.654703977267071e-05,0.0
Model6Closed_Snow_aSrz_SIMHYD_Simple,2055100,16950.5546875,0.00018896456458605826,0.00023748922103550285,6.10798213486882e-05,0.0
Model6Closed_Snow_aSrz_SIMHYD_Simple,2056900,17551.421875,0.00018830255430657417,0.0002357229241169989,5.878211340188117e-05,0.0
Model6Closed_Snow_aSrz_SIMHYD_Simple,2059500,16974.255859375,0.00019096062169410288,0.00023824305390007794,6.163882765608742e-05,0.0
Model6Closed_Snow_aSrz_SIMHYD_Simple,2064000,17263.96875,0.0001938965724548325,0.0002379688376095146,6.153621733347555e-05,0.0
Model6Closed_Snow_aSrz_SIMHYD_Simple,2065500,17531.98046875,0.00019240409892518073,0.00024093157844617963,6.0129091205145866e-05,0.0
Model6Closed_Snow_aSrz_SIMHYD_Simple,2069700,19114.509765625,0.00019033475837204605,0.0002358848141739145,5.4557725470304306e-05,0.0
Model6Closed_Snow_aSrz_SIMHYD_Simple,2070000,17991.501953125,0.00019283132860437036,0.0002448468585498631,5.872343781939857e-05,0.0
Model6Closed_Snow_aSrz_SIMHYD_Simple,2074500,17964.80859375,0.00019172635802533478,0.00023982521088328212,5.847369192724148e-05,0.0
Model6Closed_Snow_aSrz_SIMHYD_Simple,2077200,18251.59765625,0.00019297676044516265,0.0002505398588255048,5.793025142383725e-05,0.0
Model6Closed_Snow_aSrz_SIMHYD_Simple,2081500,18348.251953125,0.00019526643154677004,0.00024849502369761467,5.830881070532892e-05,0.0
Model6Closed_Snow_aSrz_SIMHYD_Simple,2082950,18225.15625,0.00019269481708761305,0.00023935662466101348,5.7929540501979634e-05,0.0
Model6Closed_Snow_aSrz_SIMHYD_Simple,2092500,21246.10546875,0.00019272345525678247,0.00023661309387534857,4.970001716867388e-05,0.0
Model6Closed_Snow_aSrz_SIMHYD_Simple,2096846,18613.5546875,0.0001955925690708682,0.0002385166590102017,5.7573725983596514e-05,0.0
Model6Closed_Snow_aSrz_SIMHYD_Simple,2102908,18724.49609375,0.00019606664136517793,0.00023694755509495735,5.7371324867183275e-05,0.0
Model6Closed_Snow_aSrz_SIMHYD_Simple,2108000,21267.234375,0.00019513188453856856,0.00023488473379984498,5.0271113808697337e-05,0.0
Model6Closed_Snow_aSrz_SIMHYD_Simple,2111180,19926.13671875,0.00018355406064074486,0.00023129896726459265,5.047103382899487e-05,0.0
Model6Closed_Snow_aSrz_SIMHYD_Simple,2111500,18981.3046875,0.00018860925047192723,0.00023679775767959654,5.444251921452729e-05,0.0
Model6Closed_Snow_aSrz_SIMHYD_Simple,2112120,18944.806640625,0.00019092737056780607,0.0002371081500314176,5.521782827113631e-05,0.0
Model6Closed_Snow_aSrz_SIMHYD_Simple,2112360,18387.41796875,0.00018950190860778093,0.00024157432198990136,5.6466925680500464e-05,0.0
Model6Closed_Snow_aSrz_SIMHYD_Simple,2118500,18834.70703125,0.000192809704458341,0.000239401517319493,5.608817543247978e-05,0.0
Model6Closed_Snow_aSrz_SIMHYD_Simple,2125000,17281.92578125,0.00019684697326738387,0.00024440480046905577,6.240766238613974e-05,0.0
Model6Closed_Snow_aSrz_SIMHYD_Simple,2128000,17577.02734375,0.00019374594558030367,0.00023506961588282138,6.039326368256621e-05,0.0
Model6Closed_Snow_aSrz_SIMHYD_Simple,2137727,21356.287109375,0.0001851736888056621,0.0002368360001128167,4.7506696961476646e-05,0.0
Model6Closed_Snow_aSrz_SIMHYD_Simple,2140991,20263.283203125,0.0001843916834332049,0.0002328589907847345,4.98577663607114e-05,0.0
Model6Closed_Snow_aSrz_SIMHYD_Simple,2143000,19694.345703125,0.00019138645438943058,0.00024037207185756415,5.324403316201807e-05,0.0
Model6Closed_Snow_aSrz_SIMHYD_Simple,2143040,21371.9296875,0.00019027308735530823,0.00023908168077468872,4.8779227388450715e-05,0.0
Model6Closed_Snow_aSrz_SIMHYD_Simple,2149000,20390.7734375,0.00019074096053373069,0.00023770831467118114,5.125208701485985e-05,0.0
Model6Closed_Snow_aSrz_SIMHYD_Simple,2152100,20049.5546875,0.00019253988284617662,0.00023711659014225006,5.2615933582110446e-05,0.0
Model6Closed_Snow_aSrz_SIMHYD_Simple,2177000,28946.26953125,0.00018065313633996993,0.00024177087470889091,3.41943387478248e-05,0.0
Model6Closed_Snow_aSrz_SIMHYD_Simple,2178400,27884.521484375,0.00018122768960893154,0.000238916851230897,3.560923597354769e-05,0.0
Model6Closed_Snow_aSrz_SIMHYD_Simple,2193340,17459.16796875,0.00019993666501250118,0.00024112893152050674,6.274371298055345e-05,0.0
Model6Closed_Snow_aSrz_SIMHYD_Simple,2196000,17866.841796875,0.00019734344095923007,0.00024529953952878714,6.051683444673804e-05,0.0
Model6Closed_Snow_aSrz_SIMHYD_Simple,2198100,17484.3671875,0.00020186082110740244,0.0002457836817484349,6.325624512346884e-05,0.0
Model6Closed_Snow_aSrz_SIMHYD_Simple,2202600,17457.19921875,0.00020169324125163257,0.00024866856983862817,6.330209404416952e-05,0.0
Model6Closed_Snow_aSrz_SIMHYD_Simple,2212600,18544.08203125,0.00019904557848349214,0.00024411693448200822,5.880963459986208e-05,0.0
Model6Closed_Snow_aSrz_SIMHYD_Simple,2215100,18427.21875,0.0001983069523703307,0.0002315558958798647,5.896298220728566e-05,0.0
Model6Closed_Snow_aSrz_SIMHYD_Simple,2216180,18067.103515625,0.00020080992544535547,0.00023704531486146152,6.089728810179299e-05,0.0
Model6Closed_Snow_aSrz_SIMHYD_Simple,2221525,18295.3671875,0.00020084905554540455,0.00023912700999062508,6.014921345827976e-05,0.0
Model6Closed_Snow_aSrz_SIMHYD_Simple,2231000,20267.31640625,0.00019735100795514882,0.0002300206251675263,5.335122668765671e-05,0.0
Model6Closed_Snow_aSrz_SIMHYD_Simple,2231342,20483.5703125,0.0001986696879612282,0.0002403344988124445,5.314069822569665e-05,0.0
Model6Closed_Snow_aSrz_SIMHYD_Simple,2235200,20245.451171875,0.00019882018386851996,0.00023947478621266782,5.380644718506103e-05,0.0
Model6Closed_Snow_aSrz_SIMHYD_Simple,2245500,20041.60546875,0.00019668393360916525,0.00023742223856970668,5.376970606486511e-05,0.0
Model6Closed_Snow_aSrz_SIMHYD_Simple,2246000,20004.259765625,0.0001965145202120766,0.00024050558567978442,5.382368976453843e-05,0.0
Model6Closed_Snow_aSrz_SIMHYD_Simple,2296500,20074.6640625,0.00020083285926375538,0.00024039445270318538,5.481353267587808e-05,0.0
Model6Closed_Snow_aSrz_SIMHYD_Simple,2297155,22103.26171875,0.00019968519336543977,0.0002560146676842123,4.949835987390948e-05,0.0
Model6Closed_Snow_aSrz_SIMHYD_Simple,2297310,21400.95703125,0.00019956746837124228,0.0002528464247006923,5.10925824429016e-05,0.0
Model6Closed_Snow_aSrz_SIMHYD_Simple,2298123,20142.47265625,0.00019971735309809446,0.0002437349467072636,5.432557427016369e-05,0.0
Model6Closed_Snow_aSrz_SIMHYD_Simple,2298608,21746.3125,0.00020023592514917254,0.000256003113463521,5.044959362554014e-05,0.0
Model6Closed_Snow_aSrz_SIMHYD_Simple,2299950,22076.537109375,0.0001996492937905714,0.0002565947943367064,4.954937009344687e-05,0.0
Model6Closed_Snow_aSrz_SIMHYD_Simple,2300700,21601.875,0.00019719242118299007,0.000246747222263366,5.0014976729046525e-05,0.0
Model6Closed_Snow_aSrz_SIMHYD_Simple,2310947,20613.45703125,0.00019823714683298022,0.00023655194672755897,5.2690887619604105e-05,0.0
Model6Closed_Snow_aSrz_SIMHYD_Simple,2312200,19745.0234375,0.00019853048434015363,0.00024199593462981284,5.50897562097085e-05,0.0
Model6Closed_Snow_aSrz_SIMHYD_Simple,2314500,19552.01171875,0.00019979146600235254,0.00024092526291497052,5.598694583751222e-05,0.0
Model6Closed_Snow_aSrz_SIMHYD_Simple,2315500,19753.65625,0.00020014349138364196,0.0002387782878940925,5.551307634084157e-05,0.0
Model6Closed_Snow_aSrz_SIMHYD_Simple,2324400,21024.92578125,0.00019882238120771945,0.00027442065766081214,5.1812208551382745e-05,0.0
Model6Closed_Snow_aSrz_SIMHYD_Simple,2327100,22888.927734375,0.0001968484721146524,0.00025151195586659014,4.712028573360356e-05,0.0
Model6Closed_Snow_aSrz_SIMHYD_Simple,2342933,21059.712890625,0.0001994160411413759,0.0002400660014245659,5.188107124229822e-05,0.0
Model6Closed_Snow_aSrz_SIMHYD_Simple,2349900,18688.359375,0.0001983896509045735,0.00023379619233310223,5.816331246549529e-05,0.0
Model6Closed_Snow_aSrz_SIMHYD_Simple,2350900,20052.83203125,0.00019949434499721974,0.0002368985442444682,5.4507487887526113e-05,0.0
Model6Closed_Snow_aSrz_SIMHYD_Simple,2361000,21567.517578125,0.0001973421749426052,0.0002338575868634507,5.013269557111212e-05,0.0
Model6Closed_Snow_aSrz_SIMHYD_Simple,2363000,21709.263671875,0.00019929806876461953,0.0002384976833127439,5.0298993487631584e-05,0.0
Model6Closed_Snow_aSrz_SIMHYD_Simple,2369800,25082.693359375,0.00019697794050443918,0.0002451955806463957,4.302736132796516e-05,0.0
Model6Closed_Snow_aSrz_SIMHYD_Simple,2371500,21728.46875,0.0001976373023353517,0.0002375157637288794,4.983575972293109e-05,0.0
Model6Closed_Snow_aSrz_SIMHYD_Simple,2372250,21908.9375,0.00019769025675486773,0.00023656111443415284,4.9438495279973457e-05,0.0
Model6Closed_Snow_aSrz_SIMHYD_Simple,2374500,23903.44140625,0.0001972115715034306,0.00024198516621254385,4.5203624082390665e-05,0.0
Model6Closed_Snow_aSrz_SIMHYD_Simple,2381600,22796.234375,0.00018870610801968724,0.00022806641936767846,4.535489273864319e-05,0.0
Model6Closed_Snow_aSrz_SIMHYD_Simple,2384540,26584.46875,0.0001843101781560108,0.00023855787003412843,3.798591918989078e-05,0.0
Model6Closed_Snow_aSrz_SIMHYD_Simple,2395120,20190.044921875,0.00019607431022450328,0.00023746206716168672,5.3208950955567787e-05,0.0
Model6Closed_Snow_aSrz_SIMHYD_Simple,2408540,22577.359375,0.0001926988479681313,0.00023937164223752916,4.676352815763465e-05,0.0
Model6Closed_Snow_aSrz_SIMHYD_Simple,2415000,22485.83203125,0.00019276906095910817,0.00023579223488923162,4.697098456340803e-05,0.0
Model6Closed_Snow_aSrz_SIMHYD_Simple,2422500,22438.298828125,0.00019651096954476088,0.00023923502885736525,4.79841920605178e-05,0.0
Model6Closed_Snow_aSrz_SIMHYD_Simple,2427250,21972.91015625,0.00019647848966997117,0.00023845562827773392,4.899240261556978e-05,0.0
Model6Closed_Snow_aSrz_SIMHYD_Simple,2430085,22374.9140625,0.0001856529270298779,0.00023962341947481036,4.546128583545319e-05,0.0
Model6Closed_Snow_aSrz_SIMHYD_Simple,2430615,22483.056640625,0.00018687303236220032,0.00023730300017632544,4.553995475990492e-05,0.0
Model6Closed_Snow_aSrz_SIMHYD_Simple,2450250,24012.875,0.00019152152526658028,0.00025559085770510137,4.369932575716014e-05,0.0
Model6Closed_Snow_aSrz_SIMHYD_Simple,2464000,23664.93359375,0.00019241991685703397,0.0002387490530963987,4.454982785348887e-05,0.0
Model6Closed_Snow_aSrz_SIMHYD_Simple,2464146,23222.287109375,0.0001966072159120813,0.0002392939932178706,4.63869427715777e-05,0.0
Model6Closed_Snow_aSrz_SIMHYD_Simple,2464360,22765.37109375,0.0001961189555004239,0.00024098934954963624,4.720044857058879e-05,0.0
Model6Closed_Snow_aSrz_SIMHYD_Simple,2465493,22334.994140625,0.00019368369248695672,0.00023849944409448653,4.751257075188424e-05,0.0
Model6Closed_Snow_aSrz_SIMHYD_Simple,2469800,22333.794921875,0.0001979866938199848,0.00024038751143962145,4.8570748211296045e-05,0.0
Model6Closed_Snow_aSrz_SIMHYD_Simple,2472000,22214.341796875,0.00019577197963371873,0.00023630289069842547,4.828568439112349e-05,0.0
Model6Closed_Snow_aSrz_SIMHYD_Simple,2472500,22663.787109375,0.00019681664707604796,0.00024052579829003662,4.7580680430185986e-05,0.0
Model6Closed_Snow_aSrz_SIMHYD_Simple,2479155,23782.29296875,0.00019547090050764382,0.00024054423556663096,4.5032877200651884e-05,0.0
Model6Closed_Snow_aSrz_SIMHYD_Simple,2479300,24953.783203125,0.0001909617567434907,0.00023605517344549298,4.192868960480418e-05,0.0
Model6Closed_Snow_aSrz_SIMHYD_Simple,2479560,25148.28125,0.00019106762192677706,0.00023724226048216224,4.162747713792005e-05,0.0
Model6Closed_Snow_aSrz_SIMHYD_Simple,2481000,25869.439453125,0.00019102996157016605,0.00023541264818049967,4.045905800968994e-05,0.0
Model6Closed_Snow_aSrz_SIMHYD_Simple,2481510,24848.712890625,0.00019188461010344326,0.00024034720263443887,4.230946754637104e-05,0.0
Model6Closed_Snow_aSrz_SIMHYD_Simple,3010655,17861.603515625,0.000163763586897403,0.00023161988065112382,5.023404898158487e-05,0.0
Model6Closed_Snow_aSrz_SIMHYD_Simple,3011800,19382.12109375,0.00016320151917170733,0.00022914810688234866,4.613432802279462e-05,0.0
Model6Closed_Snow_aSrz_SIMHYD_Simple,3015500,19464.181640625,0.00016247801249846816,0.00023127259919419885,4.573616719405893e-05,0.0
Model6Closed_Snow_aSrz_SIMHYD_Simple,3021350,19954.63671875,0.00016204372514039278,0.00023021872038953006,4.449279640119125e-05,0.0
Model6Closed_Snow_aSrz_SIMHYD_Simple,3026500,19202.3359375,0.00016381974273826927,0.00022979005007073283,4.674266443370753e-05,0.0
Model6Closed_Snow_aSrz_SIMHYD_Simple,3028000,18822.54296875,0.00016449789109174162,0.00022975023603066802,4.788322071636358e-05,0.0
Model6Closed_Snow_aSrz_SIMHYD_Simple,3049000,18402.2578125,0.00017029544687829912,0.00023258299916051328,5.070294822705869e-05,0.0
Model6Closed_Snow_aSrz_SIMHYD_Simple,3049800,16740.80078125,0.0001755430130288005,0.00023066462017595768,5.745245825403214e-05,0.0
Model6Closed_Snow_aSrz_SIMHYD_Simple,3050000,21375.849609375,0.00016606019926257432,0.00023461863747797906,4.2564100097946466e-05,0.0
Model6Closed_Snow_aSrz_SIMHYD_Simple,3066000,23349.287109375,0.00016231364861596376,0.0002348439156776294,3.808752254693786e-05,0.0
Model6Closed_Snow_aSrz_SIMHYD_Simple,3069500,22707.1015625,0.00016219851386267692,0.00023542701092083007,3.9136903546535286e-05,0.0
Model6Closed_Snow_aSrz_SIMHYD_Simple,3070500,20544.9140625,0.00016873219283297658,0.00023161646095104516,4.499817590235976e-05,0.0
Model6Closed_Snow_aSrz_SIMHYD_Simple,3076600,20584.541015625,0.00016581286035943776,0.00023239698202814907,4.413450999752059e-05,0.0
Model6Closed_Snow_aSrz_SIMHYD_Simple,3078000,19839.6171875,0.0001662143477005884,0.00023160746786743402,4.590251876645766e-05,0.0
Model6Closed_Snow_aSrz_SIMHYD_Simple,3140000,16218.984375,0.00018115245620720088,0.00023488880833610892,6.1195834268957e-05,0.0
Model6Closed_Snow_aSrz_SIMHYD_Simple,3144000,16589.087890625,0.00017913361079990864,0.0002319600898772478,5.916377649787037e-05,0.0
Model6Closed_Snow_aSrz_SIMHYD_Simple,3159540,17523.625,0.00018416618695482612,0.0002358596248086542,5.758206732713292e-05,0.0
Model6Closed_Snow_aSrz_SIMHYD_Simple,3161000,21627.158203125,0.00017784498049877584,0.0002300323685631156,4.5055049328276715e-05,0.0
Model6Closed_Snow_aSrz_SIMHYD_Simple,3164000,20196.015625,0.00017703004414215684,0.00023137438984122127,4.802667984283792e-05,0.0
Model6Closed_Snow_aSrz_SIMHYD_Simple,3165000,19876.85546875,0.00018322917458135635,0.00023735630384180695,5.050661503676814e-05,0.0
Model6Closed_Snow_aSrz_SIMHYD_Simple,3170000,18372.546875,0.0001848039828473702,0.00024040839343797415,5.5111632729434596e-05,0.0
Model6Closed_Snow_aSrz_SIMHYD_Simple,3173000,16488.005859375,0.000181000359589234,0.00023665463959332556,6.01468131044766e-05,0.0
Model6Closed_Snow_aSrz_SIMHYD_Simple,3180500,20615.73046875,0.0001650470803724602,0.00023253113613463938,4.386422021107628e-05,0.0
Model6Closed_Snow_aSrz_SIMHYD_Simple,3182500,19424.93359375,0.0001679581473581493,0.0002316795871593058,4.737430183515637e-05,0.0
Model6Closed_Snow_aSrz_SIMHYD_Simple,3186500,23118.080078125,0.00016354935360141098,0.00023283803602680564,3.876130406160074e-05,0.0
Model6Closed_Snow_aSrz_SIMHYD_Simple,3187500,23147.8203125,0.00016498759214300662,0.00023249612422659993,3.905192846203596e-05,0.0
Model6Closed_Snow_aSrz_SIMHYD_Simple,3213700,19305.19140625,0.0001776987046469003,0.0002400071098236367,5.0432612406183525e-05,0.0
Model6Closed_Snow_aSrz_SIMHYD_Simple,3237280,19425.5234375,0.00018221049685962498,0.0002351937146158889,5.139276228910463e-05,0.0
Model6Closed_Snow_aSrz_SIMHYD_Simple,3237500,17853.1015625,0.00018237027688883245,0.00023142204736359417,5.5968246071379456e-05,0.0
Model6Closed_Snow_aSrz_SIMHYD_Simple,3238500,17913.13671875,0.0001838418102124706,0.0002439848321955651,5.6230758413918115e-05,0.0
Model6Closed_Snow_aSrz_SIMHYD_Simple,3241500,17099.83984375,0.00018333572370465845,0.0002358061319682747,5.874303293897281e-05,0.0
Model6Closed_Snow_aSrz_SIMHYD_Simple,3280700,21375.52734375,0.00018137696315534413,0.00023704589693807065,4.649075480108541e-05,0.0
Model6Closed_Snow_aSrz_SIMHYD_Simple,3281100,20334.8984375,0.0001859810290625319,0.00023799770860932767,5.011040713861148e-05,0.0
Model6Closed_Snow_aSrz_SIMHYD_Simple,3281500,20253.59765625,0.00018421307322569191,0.00024585486971773207,4.983329222366346e-05,0.0
Model6Closed_Snow_aSrz_SIMHYD_Simple,3285000,19256.37890625,0.00018724004621617496,0.00024187160306610167,5.3275239834505683e-05,0.0
Model6Closed_Snow_aSrz_SIMHYD_Simple,3291780,19978.095703125,0.00018199096666648984,0.0002377198834437877,4.9911087695777164e-05,0.0
Model6Closed_Snow_aSrz_SIMHYD_Simple,3300400,18953.421875,0.00018838832329493016,0.0002445628051646054,5.445874633336715e-05,0.0
Model6Closed_Snow_aSrz_SIMHYD_Simple,3338780,16053.419921875,0.00018583238124847412,0.00024502165615558624,6.342421782487754e-05,0.0
Model6Closed_Snow_aSrz_SIMHYD_Simple,3340800,17266.966796875,0.00018458088743500412,0.0002497503301128745,5.8569562073131305e-05,0.0
Model6Closed_Snow_aSrz_SIMHYD_Simple,3346000,17460.953125,0.00018738125800155103,0.00024236441822722554,5.879758484626076e-05,0.0
Model6Closed_Snow_aSrz_SIMHYD_Simple,3357350,17897.6953125,0.0001825004001148045,0.000249856966547668,5.586862640579678e-05,0.0
Model6Closed_Snow_aSrz_SIMHYD_Simple,3364500,18792.25390625,0.00018201865896116942,0.00023305992363020778,5.3068686972520076e-05,0.0
Model6Closed_Snow_aSrz_SIMHYD_Simple,3366500,20061.939453125,0.00018369148892816156,0.00024509342620149255,5.0166916744893235e-05,0.0
Model6Closed_Snow_aSrz_SIMHYD_Simple,3368000,19654.07421875,0.00018192475545220077,0.00023815756139811128,5.071547617410962e-05,0.0
Model6Closed_Snow_aSrz_SIMHYD_Simple,3384450,20108.38671875,0.00018979335436597466,0.00025001593166962266,5.171363505564607e-05,0.0
Model6Closed_Snow_aSrz_SIMHYD_Simple,3439000,29949.267578125,0.00017973787907976657,0.00024359161034226418,3.288173327409857e-05,0.0
Model6Closed_Snow_aSrz_SIMHYD_Simple,3450000,22367.857421875,0.00017759778711479157,0.00023104206775315106,4.350252529674086e-05,0.0
Model6Closed_Snow_aSrz_SIMHYD_Simple,3455500,30912.427734375,0.00017324784130323678,0.0002568776544649154,3.070690393648723e-05,0.0
Model6Closed_Snow_aSrz_SIMHYD_Simple,3456500,25649.46484375,0.0001758573780534789,0.0002362890518270433,3.756501817554821e-05,0.0
Model6Closed_Snow_aSrz_SIMHYD_Simple,3460000,24407.1328125,0.0001740142033668235,0.00023909866285976022,3.9063328946225593e-05,0.0
Model6Closed_Snow_aSrz_SIMHYD_Simple,3463300,24807.541015625,0.00017232430400326848,0.00023805885575711727,3.805959129825941e-05,0.0
Model6Closed_Snow_aSrz_SIMHYD_Simple,3471500,18690.154296875,0.00018114823615178466,0.0002332129079150036,5.310342212568457e-05,0.0
Model6Closed_Snow_aSrz_SIMHYD_Simple,3473000,19175.4453125,0.0001784909691195935,0.00023330783005803823,5.100022385615739e-05,0.0
Model6Closed_Snow_aSrz_SIMHYD_Simple,3479000,21525.24609375,0.00017551641212776303,0.00023194114328362048,4.4675652974140966e-05,0.0
Model6Closed_Snow_aSrz_SIMHYD_Simple,3488000,18064.62109375,0.00017760158516466618,0.00023535898071713746,5.3866564944819274e-05,0.0
Model6Closed_Snow_aSrz_SIMHYD_Simple,3498500,23532.6484375,0.00017982086865231395,0.00023420038633048534,4.186687931493074e-05,0.0
Model6Closed_Snow_aSrz_SIMHYD_Simple,3500000,27873.3359375,0.00018259296484757215,0.00024258946359623224,3.5891896495960325e-05,0.0
Model6Closed_Snow_aSrz_SIMHYD_Simple,3500240,26763.67578125,0.00018622298375703394,0.00024319058866240084,3.812315523002049e-05,0.0
Model6Closed_Snow_aSrz_SIMHYD_Simple,3504000,29433.515625,0.00017840907094068825,0.00023984846484381706,3.3210551949250365e-05,0.0
Model6Closed_Snow_aSrz_SIMHYD_Simple,3574500,23163.99609375,0.0001860517222667113,0.00024467959883622825,4.4006973005932836e-05,0.0
Model6Closed_Snow_aSrz_SIMHYD_Simple,3592718,22818.1796875,0.0001864441583165899,0.0002523744769860059,4.476814289101331e-05,0.0
Model6Closed_Snow_aSrz_SIMHYD_Simple,3604000,23600.33203125,0.00018915266264230013,0.0002580343571025878,4.391325575460323e-05,0.0
Model6Closed_Snow_aSrz_SIMHYD_Simple,4015330,12380.876953125,0.00016504566883668303,0.0002354925381951034,7.303886917848919e-05,0.0
Model6Closed_Snow_aSrz_SIMHYD_Simple,4024430,12203.07421875,0.00016731765936128795,0.0002289203548571095,7.512315563306751e-05,0.0
Model6Closed_Snow_aSrz_SIMHYD_Simple,4027000,13394.998046875,0.00016321352450177073,0.00022981830989010632,6.675976159984591e-05,0.0
Model6Closed_Snow_aSrz_SIMHYD_Simple,4040500,13771.875,0.00015633919974789023,0.00022858456941321492,6.219795509236238e-05,0.0
Model6Closed_Snow_aSrz_SIMHYD_Simple,4043050,11235.81640625,0.00016700131527613848,0.000228441072977148,8.143602273196911e-05,0.0
Model6Closed_Snow_aSrz_SIMHYD_Simple,4045500,14428.12890625,0.00015833361248951405,0.0002293873840244487,6.0126292685658e-05,0.0
Model6Closed_Snow_aSrz_SIMHYD_Simple,4056500,13640.546875,0.00016117638733703643,0.00022898020688444376,6.473973791233546e-05,0.0
Model6Closed_Snow_aSrz_SIMHYD_Simple,4057510,13407.173828125,0.0001626364391995594,0.00022816953423898667,6.646330092171223e-05,0.0
Model6Closed_Snow_aSrz_SIMHYD_Simple,4057800,13972.0146484375,0.000157848815433681,0.00022902220371179283,6.189899182691538e-05,0.0
Model6Closed_Snow_aSrz_SIMHYD_Simple,4059500,12132.3974609375,0.00016584839613642544,0.00022887317754793912,7.489726268436471e-05,0.0
Model6Closed_Snow_aSrz_SIMHYD_Simple,4063700,12820.318359375,0.00016689802578184754,0.00022849372180644423,7.132695835945592e-05,0.0
Model6Closed_Snow_aSrz_SIMHYD_Simple,4074950,12596.771484375,0.0001706077018752694,0.00022854920825921,7.420628515896155e-05,0.0
Model6Closed_Snow_aSrz_SIMHYD_Simple,4105700,15169.455078125,0.00017647679487708956,0.00023197129485197365,6.374100570708465e-05,0.0
Model6Closed_Snow_aSrz_SIMHYD_Simple,4115265,13664.65234375,0.00018058049317914993,0.00023239529400598258,7.240583083492268e-05,0.0
Model6Closed_Snow_aSrz_SIMHYD_Simple,4122200,14424.21875,0.0001772217801772058,0.0002391973976045847,6.73172103682661e-05,0.0
Model6Closed_Snow_aSrz_SIMHYD_Simple,4122500,14355.9375,0.00017586709873285145,0.00023610173957422376,6.712037022983263e-05,0.0
Model6Closed_Snow_aSrz_SIMHYD_Simple,4124000,13350.3671875,0.00017325094086118042,0.00023241421149577945,7.11023092380258e-05,0.0
Model6Closed_Snow_aSrz_SIMHYD_Simple,4127918,14504.810546875,0.00016163790132850409,0.00022900743351783603,6.105657804053011e-05,0.0
Model6Closed_Snow_aSrz_SIMHYD_Simple,4127997,13585.146484375,0.00017285150534007698,0.00023444667749572545,6.971241963079722e-05,0.0
Model6Closed_Snow_aSrz_SIMHYD_Simple,4161580,13785.23046875,0.00018001446733251214,0.00023350820993073285,7.154753622638296e-05,0.0
Model6Closed_Snow_aSrz_SIMHYD_Simple,4185000,14481.8251953125,0.00018169589748140424,0.0002422864199616015,6.874215207177661e-05,0.0
Model6Closed_Snow_aSrz_SIMHYD_Simple,4196800,14817.3115234375,0.00018373395141679794,0.0002440737880533561,6.79393384708748e-05,0.0
Model6Closed_Snow_aSrz_SIMHYD_Simple,4197100,15257.7734375,0.00018050320795737207,0.0002343209635000676,6.481791584297851e-05,0.0
Model6Closed_Snow_aSrz_SIMHYD_Simple,4197170,14934.193359375,0.0001808133820304647,0.0002407977299299091,6.633612532095967e-05,0.0
Model6Closed_Snow_aSrz_SIMHYD_Simple,4213000,17823.341796875,0.00016745217726565897,0.00023310398682951927,5.147578525005812e-05,0.0
Model6Closed_Snow_aSrz_SIMHYD_Simple,4213075,17867.4375,0.00016875624714884907,0.00023491107276640832,5.174863504391622e-05,0.0
Model6Closed_Snow_aSrz_SIMHYD_Simple,4216418,17773.546875,0.00016316324763465673,0.00023222921299748123,5.0297863980864516e-05,0.0
Model6Closed_Snow_aSrz_SIMHYD_Simple,4221000,17429.849609375,0.0001638528483454138,0.0002306220994796604,5.150645597800847e-05,0.0
Model6Closed_Snow_aSrz_SIMHYD_Simple,4224775,16523.716796875,0.00016410530952271074,0.00023234187392517924,5.4414692411412255e-05,0.0
Model6Closed_Snow_aSrz_SIMHYD_Simple,4233000,15551.3759765625,0.00017035329074133188,0.000232696533203125,6.001820700854806e-05,0.0
Model6Closed_Snow_aSrz_SIMHYD_Simple,4256000,20192.5625,0.00015669407730456442,0.00022899676696397364,4.251698542517776e-05,0.0
Model6Closed_Snow_aSrz_SIMHYD_Simple,4296000,20168.73828125,0.00015506269119214267,0.00022769399220123887,4.2124028857281275e-05,0.0
Model6Closed_Snow_aSrz_SIMHYD_Simple,5056000,7351.806640625,0.00018868030747398734,0.0002494434011168778,0.0001406156926099193,0.0
Model6Closed_Snow_aSrz_SIMHYD_Simple,5057000,7558.5263671875,0.00018657254986464977,0.00023877277271822095,0.0001352421005261142,0.0
Model6Closed_Snow_aSrz_SIMHYD_Simple,5057200,8040.5263671875,0.00019013561541214585,0.0002522463328205049,0.00012956279304256004,0.0
Model6Closed_Snow_aSrz_SIMHYD_Simple,5062500,10754.259765625,0.0001772905670804903,0.00023068443988449872,9.032467778632834e-05,0.0
Model6Closed_Snow_aSrz_SIMHYD_Simple,5087500,9512.234375,0.0001809183886507526,0.00022928742691874504,0.00010420810156824596,0.0
Model6Closed_Snow_aSrz_SIMHYD_Simple,5120500,7512.43212890625,0.0001888851256808266,0.0002508184115868062,0.00013775853161793463,0.0
Model6Closed_Snow_aSrz_SIMHYD_Simple,5123400,7808.76953125,0.0001863881916506216,0.00024865218438208103,0.0001307787249173199,0.0
Model6Closed_Snow_aSrz_SIMHYD_Simple,5129115,10949.005859375,0.00016890830011107028,0.00022765468747820705,8.45235219305738e-05,0.0
Model6Closed_Snow_aSrz_SIMHYD_Simple,5131500,11088.119140625,0.0001655059604672715,0.00022787906345911324,8.178187596280162e-05,0.0
Model6Closed_Snow_aSrz_SIMHYD_Simple,5291000,9539.0869140625,0.00018700772488955408,0.00024459336418658495,0.00010741230235257383,0.0
Model6Closed_Snow_aSrz_SIMHYD_Simple,5362000,13185.103515625,0.00016699709522072226,0.0002304879017174244,6.939475845488361e-05,0.0
Model6Closed_Snow_aSrz_SIMHYD_Simple,5393500,13103.763671875,0.00016863040218595415,0.00023034162586554885,7.050844012130089e-05,0.0
Model6Closed_Snow_aSrz_SIMHYD_Simple,5399500,12438.8193359375,0.0001731930096866563,0.00024135969579219818,7.628734337568257e-05,0.0
Model6Closed_Snow_aSrz_SIMHYD_Simple,5408000,13871.5,0.00017916032811626792,0.00023734851856715977,7.076520039448031e-05,0.0
Model6Closed_Snow_aSrz_SIMHYD_Simple,5412500,14883.90625,0.00017493603809271008,0.0002318584593012929,6.439670478766898e-05,0.0
Model6Closed_Snow_aSrz_SIMHYD_Simple,5413500,14808.1611328125,0.00018123281188309193,0.00024622990167699754,6.70559004881428e-05,0.0
Model6Closed_Snow_aSrz_SIMHYD_Simple,5414000,15092.54296875,0.00018135485879611224,0.0002434005291434005,6.583670398695509e-05,0.0
Model6Closed_Snow_aSrz_SIMHYD_Simple,5444000,15626.998046875,0.0001836818701121956,0.00023772692657075822,6.440091390305652e-05,0.0
Model6Closed_Snow_aSrz_SIMHYD_Simple,5454000,15168.3828125,0.0001829893735703081,0.00023703009355813265,6.609793376825793e-05,0.0
Model6Closed_Snow_aSrz_SIMHYD_Simple,5458000,13935.708984375,0.00017979809490498155,0.0002320430794497952,7.068989462082772e-05,0.0
Model6Closed_Snow_aSrz_SIMHYD_Simple,5466500,15213.7109375,0.00018615320732351393,0.00023334391880780458,6.704041284424097e-05,0.0
Model6Closed_Snow_aSrz_SIMHYD_Simple,5487980,15083.0625,0.0001831355330068618,0.00023841613437980413,6.652492559249218e-05,0.0
Model6Closed_Snow_aSrz_SIMHYD_Simple,5488200,15268.4990234375,0.0001838019525166601,0.00024479167768731713,6.595611463204167e-05,0.0
Model6Closed_Snow_aSrz_SIMHYD_Simple,5489000,15330.6943359375,0.00018489347712602466,0.0002443371049594134,6.6078635532674e-05,0.0
Model6Closed_Snow_aSrz_SIMHYD_Simple,5495000,15576.3115234375,0.00018719691433943808,0.00023971410701051354,6.584690670955113e-05,0.0
Model6Closed_Snow_aSrz_SIMHYD_Simple,5495500,15242.8994140625,0.00018944921612273902,0.0002464624703861773,6.809677153946199e-05,0.0
Model6Closed_Snow_aSrz_SIMHYD_Simple,5501000,15859.525390625,0.0001893126463983208,0.00024862660211510956,6.540195477104543e-05,0.0
Model6Closed_Snow_aSrz_SIMHYD_Simple,5503800,16631.10546875,0.00018901386647485197,0.0002395244810031727,6.226928103304416e-05,0.0
Model6Closed_Snow_aSrz_SIMHYD_Simple,5507600,16435.29296875,0.0001888425467768684,0.00024146369833033532,6.295405432353308e-05,0.0
Model6Closed_Snow_aSrz_SIMHYD_Simple,5508805,16025.201171875,0.0001893509179353714,0.0002461906406097114,6.473888472919789e-05,0.0
Model6Closed_Snow_aSrz_SIMHYD_Simple,5514500,16453.48828125,0.00018973943952005357,0.00023882335517555475,6.318309855888822e-05,0.0
Model6Closed_Snow_aSrz_SIMHYD_Simple,5525500,15626.263671875,0.00018539743905421346,0.00023217088892124593,6.500546961135611e-05,0.0
Model6Closed_Snow_aSrz_SIMHYD_Simple,5556500,15270.79296875,0.00018379234825260937,0.00023258489090949297,6.594276424368266e-05,0.0
Model6Closed_Snow_aSrz_SIMHYD_Simple,5584500,15468.5380859375,0.00018879749404732138,0.00023964310821611434,6.687260542608128e-05,0.0
Model6Closed_Snow_aSrz_SIMHYD_Simple,5585000,15323.4150390625,0.00018981190805789083,0.00023363142099697143,6.786864776579538e-05,0.0
Model6Closed_Snow_aSrz_SIMHYD_Simple,5591550,16115.869140625,0.00019009293464478105,0.0002446527942083776,6.462693112924288e-05,0.0
Model6Closed_Snow_aSrz_SIMHYD_Simple,5592050,15895.0986328125,0.00018952762184198946,0.00024151029356289655,6.532969019357475e-05,0.0
Model6Closed_Snow_aSrz_SIMHYD_Simple,5592575,16658.01171875,0.00018877812544815242,0.00024357420625165105,6.209116460803659e-05,0.0
Model6Closed_Snow_aSrz_SIMHYD_Simple,5593575,16288.4423828125,0.0001900483330246061,0.00024235626915469766,6.392721670515484e-05,0.0
Model6Closed_Snow_aSrz_SIMHYD_Simple,5593900,16104.8720703125,0.00018897590052802116,0.00023820326896384358,6.42910391087282e-05,0.0
Model6Closed_Snow_aSrz_SIMHYD_Simple,5595730,17031.69140625,0.0001897761394502595,0.00024500201107002795,6.104992469518565e-05,0.0
Model6Closed_Snow_aSrz_SIMHYD_Simple,6037500,13142.7373046875,0.00015896551485639066,0.0002445937425363809,6.627021579475129e-05,0.0
Model6Closed_Snow_aSrz_SIMHYD_Simple,6043500,11856.056640625,0.00014683284098282456,0.00023284209601115435,6.785537106899127e-05,0.0
Model6Closed_Snow_aSrz_SIMHYD_Simple,6154410,7258.62646484375,0.0001873481087386608,0.00023007948766462505,0.00014141522808583867,0.0
Model6Closed_Snow_aSrz_SIMHYD_Simple,6188000,12417.439453125,0.0001428283576387912,0.00022938320762477815,6.302076501098112e-05,0.0
Model6Closed_Snow_aSrz_SIMHYD_Simple,6191500,11895.4951171875,0.00015050862566567957,0.00023266443167813122,6.932344969671024e-05,0.0
Model6Closed_Snow_aSrz_SIMHYD_Simple,6221400,8271.7236328125,0.00014659525186289102,0.00023546665033791214,9.710133614005189e-05,0.0
Model6Closed_Snow_aSrz_SIMHYD_Simple,6224000,7946.9306640625,0.00015109499508980662,0.00022839305165689439,0.00010417223231549481,0.0
Model6Closed_Snow_aSrz_SIMHYD_Simple,6278300,10242.236328125,0.00014096670201979578,0.0002259767788928002,7.540897759272756e-05,0.0
Model6Closed_Snow_aSrz_SIMHYD_Simple,6280300,10827.841796875,0.00014108936011325568,0.0002285730151925236,7.139267701158535e-05,0.0
Model6Closed_Snow_aSrz_SIMHYD_Simple,6289000,9220.24609375,0.00015053994138725102,0.00023053184850141406,8.945621958021484e-05,0.0
Model6Closed_Snow_aSrz_SIMHYD_Simple,6291500,8450.650390625,0.00015786279982421547,0.00023097080702427775,0.00010235073421826729,0.0
Model6Closed_Snow_aSrz_SIMHYD_Simple,6311000,7653.30517578125,0.0001563898113090545,0.00022782883024774492,0.00011195943764357404,0.0
Model6Closed_Snow_aSrz_SIMHYD_Simple,6332515,6716.4306640625,0.0001847573003033176,0.00023879451327957213,0.0001507177373184784,0.0
Model6Closed_Snow_aSrz_SIMHYD_Simple,6339100,6537.51953125,0.0001877741888165474,0.0002502691640984267,0.0001573708174354537,0.0
Model6Closed_Snow_aSrz_SIMHYD_Simple,6339500,6416.71630859375,0.0001906635006889701,0.0002507218741811812,0.00016280060691621577,0.0
Model6Closed_Snow_aSrz_SIMHYD_Simple,6344600,6493.37109375,0.00018994412675965577,0.00025321607245132327,0.00016027174139323765,0.0
Model6Closed_Snow_aSrz_SIMHYD_Simple,6350000,6124.677734375,0.0001912372827064246,0.00024737213971093297,0.00017107660880694457,0.0
Model6Closed_Snow_aSrz_SIMHYD_Simple,6352000,6226.70849609375,0.00019096166943199933,0.0002476295630913228,0.00016803082305982632,0.0
Model6Closed_Snow_aSrz_SIMHYD_Simple,6353000,6469.166015625,0.0001928615674842149,0.0002531211939640343,0.00016334231407606108,0.0
Model6Closed_Snow_aSrz_SIMHYD_Simple,6354000,6454.80126953125,0.00019279173284303397,0.000253305392106995,0.00016364653863180063,0.0
Model6Closed_Snow_aSrz_SIMHYD_Simple,6360500,6793.08203125,0.00019341960432939231,0.0002486444136593491,0.00015600371408996415,0.0
Model6Closed_Snow_aSrz_SIMHYD_Simple,6404000,8416.9248046875,0.00018700349028222263,0.00023311571567319334,0.00012172998867804778,0.0
Model6Closed_Snow_aSrz_SIMHYD_Simple,6406000,7848.8505859375,0.00019258438260294497,0.00023344228975474834,0.00013443622212353383,0.0
Model6Closed_Snow_aSrz_SIMHYD_Simple,6408700,10188.732421875,0.00017179128190036863,0.00023611538927070796,9.23809149574487e-05,0.0
Model6Closed_Snow_aSrz_SIMHYD_Simple,6409000,9626.2109375,0.00017254159320145845,0.00023500964744016528,9.820638893975393e-05,0.0
Model6Closed_Snow_aSrz_SIMHYD_Simple,6431500,10994.904296875,0.00016704689187463373,0.00023684612824581563,8.324310235181856e-05,0.0
Model6Closed_Snow_aSrz_SIMHYD_Simple,6440200,7257.99169921875,0.0001946539559867233,0.00024845293955877423,0.00014694271536882465,0.0
Model6Closed_Snow_aSrz_SIMHYD_Simple,6441500,7245.34765625,0.00019262181012891233,0.00025153596652671695,0.00014566241826272612,0.0
Model6Closed_Snow_aSrz_SIMHYD_Simple,6447000,7242.8359375,0.00019371316011529416,0.000236345746088773,0.00014653851169432443,0.0
Model6Closed_Snow_aSrz_SIMHYD_Simple,6447500,7878.6865234375,0.00019145029364153743,0.00024577436852268875,0.0001331384555860352,0.0
Model6Closed_Snow_aSrz_SIMHYD_Simple,6450500,8013.74853515625,0.0001928879792103544,0.000247171672526747,0.00013187751806481012,0.0
Model6Closed_Snow_aSrz_SIMHYD_Simple,6452000,7584.56005859375,0.00019555048493202776,0.0002356066252104938,0.0001412634533994941,0.0
Model6Closed_Snow_aSrz_SIMHYD_Simple,6453600,9447.8984375,0.00019167976279277354,0.00024861094425432384,0.00011115841931422854,0.0
Model6Closed_Snow_aSrz_SIMHYD_Simple,6464500,8413.1484375,0.00019450213585514575,0.0002489315520506352,0.00012666805701835182,0.0
Model6Closed_Snow_aSrz_SIMHYD_Simple,6468170,7333.892578125,0.00019153275934513658,0.0002529131015762687,0.00014309017316594907,0.0
Model6Closed_Snow_aSrz_SIMHYD_Simple,6468250,7382.2900390625,0.0001895739696919918,0.0002551908837631345,0.00014069831713041202,0.0
Model6Closed_Snow_aSrz_SIMHYD_Simple,6470800,8847.7568359375,0.00018928744248114526,0.00024849336477927864,0.00011721681971617073,0.0
Model6Closed_Snow_aSrz_SIMHYD_Simple,6477500,9488.298828125,0.00019235564104747027,0.0002454654313623905,0.00011107539851089845,0.0
Model6Closed_Snow_aSrz_SIMHYD_Simple,6479215,9984.4765625,0.00018322282994631678,0.0002409653679933399,0.0001005438664616112,0.0
Model6Closed_Snow_aSrz_SIMHYD_Simple,6479438,9685.998046875,0.00018398546671960503,0.0002448641462251544,0.0001040735706664375,0.0
Model6Closed_Snow_aSrz_SIMHYD_Simple,6601000,11599.83203125,0.00019168977451045066,0.00023587688338011503,9.05416810862119e-05,0.0
Model6Closed_Snow_aSrz_SIMHYD_Simple,6614800,15635.5537109375,0.00013219885295256972,0.00022833526600152254,4.632503357732062e-05,0.0
Model6Closed_Snow_aSrz_SIMHYD_Simple,6622700,12647.021484375,0.00014582142466679215,0.00022750577772967517,6.31734215302994e-05,0.0
Model6Closed_Snow_aSrz_SIMHYD_Simple,6623800,16167.8408203125,0.000139841518830508,0.00023138889810070395,4.7389860493920614e-05,0.0
Model6Closed_Snow_aSrz_SIMHYD_Simple,6632400,12393.0927734375,0.00014740595361217856,0.00023015844635665417,6.516833444446397e-05,0.0
Model6Closed_Snow_aSrz_SIMHYD_Simple,6746095,14866.72265625,0.00013828868395648897,0.00022515801538247615,5.0965078980881416e-05,0.0
Model6Closed_Snow_aSrz_SIMHYD_Simple,6784000,9749.05078125,0.0001942078088177368,0.00025440542958676815,0.00010914545895809993,0.0
Model6Closed_Snow_aSrz_SIMHYD_Simple,6803510,11722.5634765625,0.00019486513338051736,0.0002474017674103379,9.107786499997293e-05,0.0
Model6Closed_Snow_aSrz_SIMHYD_Simple,6803530,11858.48046875,0.00019353392417542636,0.00024484857567586005,8.941890619075846e-05,0.0
Model6Closed_Snow_aSrz_SIMHYD_Simple,6814000,12952.0703125,0.00019240558322053403,0.000244616880081594,8.139163341528487e-05,0.0
Model6Closed_Snow_aSrz_SIMHYD_Simple,6847900,8353.6572265625,0.00020244131155777723,0.0002550440258346498,0.00013277728429645803,0.0
Model6Closed_Snow_aSrz_SIMHYD_Simple,6853800,10575.939453125,0.00019320276624057442,0.00024570224923081696,0.00010009115425678329,0.0
Model6Closed_Snow_aSrz_SIMHYD_Simple,6876700,10841.87109375,0.00019554812752176076,0.0002447988372296095,9.882133289685529e-05,0.0
Model6Closed_Snow_aSrz_SIMHYD_Simple,6878000,12049.943359375,0.00019724365847650915,0.0002449052990414202,8.968490399291944e-05,0.0
Model6Closed_Snow_aSrz_SIMHYD_Simple,6879650,14248.7177734375,0.00019574235193431377,0.00023043052351567894,7.526798908933315e-05,0.0
Model6Closed_Snow_aSrz_SIMHYD_Simple,6885500,13000.8125,0.0001951566810021177,0.00024339937954209745,8.224589488172013e-05,0.0
Model6Closed_Snow_aSrz_SIMHYD_Simple,6888500,14505.298828125,0.00019321400031913072,0.0002345697721466422,7.298157120030759e-05,0.0
Model6Closed_Snow_aSrz_SIMHYD_Simple,6889200,13876.013671875,0.00019366615742910653,0.0002433297922834754,7.646986604032412e-05,0.0
Model6Closed_Snow_aSrz_SIMHYD_Simple,6889500,14133.3876953125,0.00019339546270202845,0.0002456815564073622,7.497237941281619e-05,0.0
Model6Closed_Snow_aSrz_SIMHYD_Simple,6892000,15078.333984375,0.00019366478954907507,0.00024300115182995796,7.037179290340066e-05,0.0
Model6Closed_Snow_aSrz_SIMHYD_Simple,6903400,15529.4052734375,0.00018354544590692967,0.0002470281033311039,6.475750331885968e-05,0.0
Model6Closed_Snow_aSrz_SIMHYD_Simple,6906800,17435.3515625,0.00019197826622985303,0.00026152291684411466,6.032851615447412e-05,0.0
Model6Closed_Snow_aSrz_SIMHYD_Simple,6910800,14805.275390625,0.0001941226946655661,0.0002529500634409487,7.183914159800927e-05,0.0
Model6Closed_Snow_aSrz_SIMHYD_Simple,6911900,14824.13671875,0.0001933957391884178,0.000256934406934306,7.147905301371974e-05,0.0
Model6Closed_Snow_aSrz_SIMHYD_Simple,6917000,16487.9296875,0.00019475305452942848,0.00025429908419027925,6.471716139901186e-05,0.0
Model6Closed_Snow_aSrz_SIMHYD_Simple,6918460,17368.802734375,0.0001949986326508224,0.00023051527386996895,6.151244494579733e-05,0.0
Model6Closed_Snow_aSrz_SIMHYD_Simple,6919500,18028.70703125,0.00019363504543434829,0.00023803641670383513,5.8846507158776074e-05,0.0
Model6Closed_Snow_aSrz_SIMHYD_Simple,6921070,17784.48828125,0.00019087315013166517,0.00023789546685293317,5.880371667847892e-05,0.0
Model6Closed_Snow_aSrz_SIMHYD_Simple,6921200,17927.16796875,0.00019150903972331434,0.00023089893511496484,5.8530049067863295e-05,0.0
Model6Closed_Snow_aSrz_SIMHYD_Simple,6934000,17570.2265625,0.00019046994566451758,0.00024058824055828154,5.939506926084343e-05,0.0
Model6Closed_Snow_aSrz_SIMHYD_Simple,7014500,17777.919921875,0.0001887125981738791,0.00024117442080751061,5.8159576251614294e-05,0.0
Model6Closed_Snow_aSrz_SIMHYD_Simple,7056000,19463.03125,0.00019310537027195096,0.00024340588424820453,5.436071460984865e-05,0.0
Model6Closed_Snow_aSrz_SIMHYD_Simple,7057500,17433.77734375,0.00019470645929686725,0.00023075078206602484,6.11913665861819e-05,0.0
Model6Closed_Snow_aSrz_SIMHYD_Simple,7060710,20209.375,0.00019299790437798947,0.00024606945225968957,5.232400866146155e-05,0.0
Model6Closed_Snow_aSrz_SIMHYD_Simple,7066000,17448.58203125,0.00019698163669090718,0.00024013621441554278,6.185387293355245e-05,0.0
Model6Closed_Snow_aSrz_SIMHYD_Simple,7067000,18226.341796875,0.00019629414600785822,0.0002418004150968045,5.900775990521464e-05,0.0
Model6Closed_Snow_aSrz_SIMHYD_Simple,7068000,18157.00390625,0.00019229439203627408,0.00024110186495818198,5.80261481913173e-05,0.0
Model6Closed_Snow_aSrz_SIMHYD_Simple,7071500,17728.501953125,0.00019576433987822384,0.00023955175129231066,6.0501042746634956e-05,0.0
Model6Closed_Snow_aSrz_SIMHYD_Simple,7083000,11314.7841796875,0.00013834140554536134,0.0002285376249346882,6.698957102796071e-05,0.0
Model6Closed_Snow_aSrz_SIMHYD_Simple,7142300,10123.6962890625,0.00020330176630523056,0.00024607713567093015,0.00011002803498491318,0.0
Model6Closed_Snow_aSrz_SIMHYD_Simple,7145700,14496.380859375,0.0001982340618269518,0.0002518220862839371,7.492383310718583e-05,0.0
Model6Closed_Snow_aSrz_SIMHYD_Simple,7148400,10670.0625,0.00020262620819266886,0.0002479241811670363,0.00010404709072969841,0.0
Model6Closed_Snow_aSrz_SIMHYD_Simple,7149000,10968.9423828125,0.00020140878041274846,0.0002473948406986892,0.00010060393116574833,0.0
Model6Closed_Snow_aSrz_SIMHYD_Simple,7151500,13276.412109375,0.00019901039195246994,0.00024726998526602983,8.212896058390038e-05,0.0
Model6Closed_Snow_aSrz_SIMHYD_Simple,7167500,15849.009765625,0.00019543911912478507,0.00025398534489795566,6.75632692436154e-05,0.0
Model6Closed_Snow_aSrz_SIMHYD_Simple,7180500,14642.8095703125,0.00019918072212021798,0.00025668495800346136,7.452881300641539e-05,0.0
Model6Closed_Snow_aSrz_SIMHYD_Simple,7184000,17529.091796875,0.00019492230785544962,0.0002515556989237666,6.092610776191532e-05,0.0
Model6Closed_Snow_aSrz_SIMHYD_Simple,7195800,18851.96875,0.00019689614418894053,0.00023395955213345587,5.722447436864964e-05,0.0
Model6Closed_Snow_aSrz_SIMHYD_Simple,7196900,19805.9765625,0.00019622797844931483,0.0002374507166678086,5.428326555159502e-05,0.0
Model6Closed_Snow_aSrz_SIMHYD_Simple,7197000,19312.908203125,0.00019618119404185563,0.00023602211149409413,5.565587398713963e-05,0.0
Model6Closed_Snow_aSrz_SIMHYD_Simple,7208500,8839.244140625,0.00017530363402329385,0.0002304988302057609,0.00010866184960383761,0.0
Model6Closed_Snow_aSrz_SIMHYD_Simple,7226500,5871.9189453125,0.0002107423060806468,0.00025404104962944984,0.00019664050819277314,0.0
Model6Closed_Snow_aSrz_SIMHYD_Simple,7261000,20670.716796875,0.00019404759223107249,0.00023226812481880188,5.143444105807858e-05,0.0
Model6Closed_Snow_aSrz_SIMHYD_Simple,7263295,21506.697265625,0.00019354956748429686,0.0002544612798374146,4.930827132505633e-05,0.0
Model6Closed_Snow_aSrz_SIMHYD_Simple,7290650,22236.947265625,0.00019544140377547592,0.0002381045196671039,4.8155145498336804e-05,0.0
Model6Closed_Snow_aSrz_SIMHYD_Simple,7291000,22823.77734375,0.0001979642256628722,0.0002396501076873392,4.7522632657211026e-05,0.0
Model6Closed_Snow_aSrz_SIMHYD_Simple,7292500,22622.115234375,0.00019762049487326294,0.00024044772726483643,4.78630184216988e-05,0.0
Model6Closed_Snow_aSrz_SIMHYD_Simple,7295000,23036.0078125,0.0002001561806537211,0.00023958476958796382,4.760615360781929e-05,0.0
Model6Closed_Snow_aSrz_SIMHYD_Simple,7299670,9228.962890625,0.00021705811377614737,0.0002537158434279263,0.00012886187219048007,0.0
Model6Closed_Snow_aSrz_SIMHYD_Simple,7301410,9248.869140625,0.00020971453341189772,0.00024840273545123637,0.00012423420632109585,0.0
Model6Closed_Snow_aSrz_SIMHYD_Simple,7301500,9506.970703125,0.00020768064132425934,0.0002489002363290638,0.0001196892541482206,0.0
Model6Closed_Snow_aSrz_SIMHYD_Simple,7315200,11757.44140625,0.00021171239495743066,0.00025404884945601225,9.865855595421617e-05,0.0
Model6Closed_Snow_aSrz_SIMHYD_Simple,7315700,13033.87109375,0.0002079368568956852,0.0002511568018235266,8.740964469152039e-05,0.0
Model6Closed_Snow_aSrz_SIMHYD_Simple,7335700,22841.1875,0.00019264673755969852,0.000247063348069787,4.621088437759092e-05,0.0
Model6Closed_Snow_aSrz_SIMHYD_Simple,7340300,23234.02734375,0.00019019207684323192,0.0002329120470676571,4.485070049863147e-05,0.0
Model6Closed_Snow_aSrz_SIMHYD_Simple,7346045,19381.677734375,0.00020057220535818487,0.00023852166486904025,5.6699690414790504e-05,0.0
Model6Closed_Snow_aSrz_SIMHYD_Simple,7359610,22733.2109375,0.00019379248260520399,0.00023629257339052856,4.670651403870207e-05,0.0
Model6Closed_Snow_aSrz_SIMHYD_Simple,7362100,20681.9453125,0.00019806942145805806,0.00024263409432023764,5.247196755791078e-05,0.0
Model6Closed_Snow_aSrz_SIMHYD_Simple,7362587,22722.05078125,0.00019224263087380677,0.00025593439931981266,4.635573657566677e-05,0.0
Model6Closed_Snow_aSrz_SIMHYD_Simple,7373000,22753.498046875,0.00019836499996017665,0.0002467050508130342,4.7765922383956284e-05,0.0
Model6Closed_Snow_aSrz_SIMHYD_Simple,7375000,24640.63671875,0.00019543948292266577,0.0002426747523713857,4.3457194423174616e-05,0.0
Model6Closed_Snow_aSrz_SIMHYD_Simple,7376000,24125.48828125,0.00019509679987095296,0.00024013526854105294,4.430730610819891e-05,0.0
Model6Closed_Snow_aSrz_SIMHYD_Simple,8013000,23470.107421875,0.00019436018192209303,0.00024066775222308934,4.537258502649855e-05,0.0
Model6Closed_Snow_aSrz_SIMHYD_Simple,8014500,24124.408203125,0.00019365928892511874,0.0002409686567261815,4.398280892913439e-05,0.0
Model6Closed_Snow_aSrz_SIMHYD_Simple,8023080,21238.74609375,0.00019852735567837954,0.0002481861156411469,5.121448114628814e-05,0.0
Model6Closed_Snow_aSrz_SIMHYD_Simple,8025500,21508.48828125,0.0001987841969821602,0.00024406358716078103,5.0637618637371294e-05,0.0
Model6Closed_Snow_aSrz_SIMHYD_Simple,8029500,22366.5703125,0.00020022073294967413,0.0002416054776404053,4.904683217264705e-05,0.0
Model6Closed_Snow_aSrz_SIMHYD_Simple,8050800,14888.0087890625,0.0002059150137938559,0.00025991175789386034,7.57796703913696e-05,0.0
Model6Closed_Snow_aSrz_SIMHYD_Simple,8066200,20420.912109375,0.00020081971888430417,0.0002472334890626371,5.3880612493851325e-05,0.0
Model6Closed_Snow_aSrz_SIMHYD_Simple,8066300,21483.6953125,0.000199558911845088,0.00024121248861774802,5.08936333494346e-05,0.0
Model6Closed_Snow_aSrz_SIMHYD_Simple,8070000,19580.68359375,0.00020022899843752384,0.00023886545386631042,5.602739632007015e-05,0.0
Model6Closed_Snow_aSrz_SIMHYD_Simple,8070200,19810.791015625,0.00020046289137098938,0.00023936886282172054,5.5441310693819705e-05,0.0
Model6Closed_Snow_aSrz_SIMHYD_Simple,8079600,7865.8564453125,0.0002153520763386041,0.00024385369033552706,0.00015000451709912564,0.0
Model6Closed_Snow_aSrz_SIMHYD_Simple,8082700,9795.5908203125,0.0002168273349525407,0.0002512990322429687,0.00012127874727726097,0.0
Model6Closed_Snow_aSrz_SIMHYD_Simple,8086212,10145.3388671875,0.000214711093576625,0.0002494982909411192,0.00011595493333246381,0.0
Model6Closed_Snow_aSrz_SIMHYD_Simple,8086290,10729.0400390625,0.0002155303955078125,0.0002531624922994524,0.00011006492963842929,0.0
Model6Closed_Snow_aSrz_SIMHYD_Simple,8101000,12920.013671875,0.0002114023664034903,0.0002545930619817227,8.964956284926528e-05,0.0
Model6Closed_Snow_aSrz_SIMHYD_Simple,8103900,13344.712890625,0.00021080279839225113,0.00025927467504516244,8.655027176413682e-05,0.0
Model6Closed_Snow_aSrz_SIMHYD_Simple,8104900,13834.935546875,0.000209438381716609,0.0002562236040830612,8.294313398586389e-05,0.0
Model6Closed_Snow_aSrz_SIMHYD_Simple,8109700,14029.751953125,0.00021050110808573663,0.00025484705111011863,8.220641214060577e-05,0.0
Model6Closed_Snow_aSrz_SIMHYD_Simple,8150800,11579.1494140625,0.00021171834669075906,0.00023549736943095922,0.00010018048931931756,0.0
Model6Closed_Snow_aSrz_SIMHYD_Simple,8155200,13839.734375,0.00020881847012788057,0.0002529679622966796,8.266895669176189e-05,0.0
Model6Closed_Snow_aSrz_SIMHYD_Simple,8158700,14143.0634765625,0.00020835107716266066,0.00025214493507519364,8.071487125869075e-05,0.0
Model6Closed_Snow_aSrz_SIMHYD_Simple,8158810,13852.7587890625,0.00020853370369877666,0.000248472933890298,8.247860284644763e-05,0.0
Model6Closed_Snow_aSrz_SIMHYD_Simple,8164000,16233.8662109375,0.00020819477504119277,0.00025321063003502786,7.026663478411318e-05,0.0
Model6Closed_Snow_aSrz_SIMHYD_Simple,8164300,15427.2900390625,0.0002087438479065895,0.00025493104476481676,7.413534787466185e-05,0.0
Model6Closed_Snow_aSrz_SIMHYD_Simple,8164600,17133.2109375,0.00020745504298247397,0.0002560985740274191,6.634168899741089e-05,0.0
Model6Closed_Snow_aSrz_SIMHYD_Simple,8165300,12055.88671875,0.000210803555091843,0.0002336752659175545,9.580321436056609e-05,0.0
Model6Closed_Snow_aSrz_SIMHYD_Simple,8171300,14094.98828125,0.00020892771135549992,0.0002481802075635642,8.121432445871319e-05,0.0
Model6Closed_Snow_aSrz_SIMHYD_Simple,8175000,13071.5654296875,0.0002147153572877869,0.0002533436054363847,8.999881944735498e-05,0.0
Model6Closed_Snow_aSrz_SIMHYD_Simple,8176900,14156.552734375,0.0002117845870088786,0.00024499703431501985,8.196682829867567e-05,0.0
Model6Closed_Snow_aSrz_SIMHYD_Simple,8178880,13725.296875,0.00020892840984743088,0.0002348629350308329,8.340211338506756e-05,0.0
Model6Closed_Snow_aSrz_SIMHYD_Simple,8189500,13315.927734375,0.0002120661665685475,0.00024907704209908843,8.725719732659431e-05,0.0
Model6Closed_Snow_aSrz_SIMHYD_Simple,8190000,10421.9189453125,0.0002139559801435098,0.00023409593268297613,0.00011248070729854259,0.0
Model6Closed_Snow_aSrz_SIMHYD_Simple,8190500,10049.609375,0.000215108972042799,0.0002455464855302125,0.0001172764063039013,0.0
Model6Closed_Snow_aSrz_SIMHYD_Simple,8194200,7961.55126953125,0.0002240706089651212,0.0002503342111594975,0.00015420145990914158,0.0
Model6Closed_Snow_aSrz_SIMHYD_Simple,8195000,11988.349609375,0.00021231785649433732,0.00023400249483529478,9.703500355518908e-05,0.0
Model6Closed_Snow_aSrz_SIMHYD_Simple,8196000,11319.9765625,0.00021325504349078983,0.0002419996599201113,0.00010321791405251976,0.0
Model6Closed_Snow_aSrz_SIMHYD_Simple,8198500,12247.8828125,0.00021356312208808959,0.0002485975273884833,9.553588888444488e-05,0.0
Model6Closed_Snow_aSrz_SIMHYD_Simple,8200000,13338.703125,0.00020993934595026076,0.0002443319244775921,8.623459836108698e-05,0.0
Model6Closed_Snow_aSrz_SIMHYD_Simple,8202700,12224.3203125,0.00021326725254766643,0.0002493232022970915,9.55874203591719e-05,0.0
Model6Closed_Snow_aSrz_SIMHYD_Simple,8267500,8609.271484375,0.00016086685354821384,0.0002323341614101082,0.00010237678069628417,0.0
Model6Closed_Snow_aSrz_SIMHYD_Simple,8269000,7999.421875,0.00016629608580842614,0.00023094112111721188,0.00011390026476999589,0.0
Model6Closed_Snow_aSrz_SIMHYD_Simple,8271000,8685.4140625,0.0001559270458528772,0.00023096363293007016,9.836310336709037e-05,0.0
Model6Closed_Snow_aSrz_SIMHYD_Simple,8324000,7729.5234375,0.00018093241669703275,0.00023136870004236698,0.00012825224275388273,0.0
Model6Closed_Snow_aSrz_SIMHYD_Simple,8377900,10453.2578125,0.00016086858522612602,0.0002275467850267887,8.431811322927242e-05,0.0
Model6Closed_Snow_aSrz_SIMHYD_Simple,8378500,9986.486328125,0.00016300669813062996,0.00022828756482340395,8.943222901358912e-05,0.0
Model6Closed_Snow_aSrz_SIMHYD_Simple,8380500,9061.1015625,0.00017114840738940984,0.0002305288944626227,0.00010348875796646032,0.0
Model6Closed_Snow_aSrz_SIMHYD_Simple,9034900,14073.6328125,0.00013673889043275267,0.0002253652346553281,5.323375755532512e-05,0.0
Model6Closed_Snow_aSrz_SIMHYD_Simple,9035800,13518.283203125,0.0001445798552595079,0.00023032186436466873,5.859863925979027e-05,0.0
Model6Closed_Snow_aSrz_SIMHYD_Simple,9035900,13001.576171875,0.00014589693455491215,0.00022947118850424886,6.148249447661244e-05,0.0
Model6Closed_Snow_aSrz_SIMHYD_Simple,9047700,11088.2705078125,0.00015009315393399447,0.00023249618243426085,7.416489305575469e-05,0.0
Model6Closed_Snow_aSrz_SIMHYD_Simple,9065500,13836.931640625,0.0001384145871270448,0.0002229984092991799,5.480792408412672e-05,0.0
Model6Closed_Snow_aSrz_SIMHYD_Simple,9066000,12281.349609375,0.000145492929732427,0.0002280199114466086,6.490782879988867e-05,0.0
Model6Closed_Snow_aSrz_SIMHYD_Simple,9066200,14243.8876953125,0.00013957658666186035,0.0002259300963487476,5.368900161262376e-05,0.0
Model6Closed_Snow_aSrz_SIMHYD_Simple,9066300,13601.21875,0.00014340513735078275,0.00023580814013257623,5.7768110852185436e-05,0.0
Model6Closed_Snow_aSrz_SIMHYD_Simple,9081600,14441.6162109375,0.00013632611080538481,0.0002294511068612337,5.1720719282159393e-05,0.0
Model6Closed_Snow_aSrz_SIMHYD_Simple,9107000,10222.390625,0.000148873426951468,0.00022980754147283733,7.979322582509667e-05,0.0
Model6Closed_Snow_aSrz_SIMHYD_Simple,9210500,7620.36279296875,0.00016355179832316935,0.00023007146955933422,0.00011759287144445892,0.0
Model6Closed_Snow_aSrz_SIMHYD_Simple,9223000,9520.544921875,0.00016286573372781277,0.00022873473062645644,9.372797278658417e-05,0.0
Model6Closed_Snow_aSrz_SIMHYD_Simple,9306242,6968.095703125,0.00017412488523405045,0.00024115131236612797,0.00013691406031019238,0.0
Model6Closed_Snow_aSrz_SIMHYD_Simple,9312600,8721.607421875,0.0001668864715611562,0.00023008385323919356,0.00010483973531622028,0.0
Model6Closed_Snow_aSrz_SIMHYD_Simple,9352900,13268.9912109375,0.00014341945643536747,0.0002354042517254129,5.922041844027064e-05,0.0
Model6Closed_Snow_aSrz_SIMHYD_Simple,9378170,8720.8271484375,0.00016998889623209834,0.00023353031428996474,0.00010679826232017053,0.0
Model6Closed_Snow_aSrz_SIMHYD_Simple,9378630,8494.05859375,0.0001699825079413131,0.00023915336350910366,0.00010964536300724938,0.0
Model6Closed_Snow_aSrz_SIMHYD_Simple,9386900,6231.4912109375,0.0001892336003948003,0.0002475370420143008,0.00016638246606513006,0.0
Model6Closed_Snow_aSrz_SIMHYD_Simple,9404450,7193.7431640625,0.00017494612256996334,0.0002304927766090259,0.0001332449252793438,0.0
Model6Closed_Snow_aSrz_SIMHYD_Simple,9430500,6717.7529296875,0.00019968737615272403,0.0002485458389855921,0.0001628650436123951,0.0
Model6Closed_Snow_aSrz_SIMHYD_Simple,9430600,8277.4521484375,0.00019572816381696612,0.0002572146477177739,0.0001295561230944386,0.0
Model6Closed_Snow_aSrz_SIMHYD_Simple,9447800,5454.88427734375,0.00022053091379348189,0.00025633088080212474,0.0002215058737402099,0.0
Model6Closed_Snow_aSrz_SIMHYD_Simple,9480000,7597.466796875,0.00021914862736593932,0.00024817814119160175,0.00015804153351679014,0.0
Model6Closed_Snow_aSrz_SIMHYD_Simple,9484000,7671.30029296875,0.0002149425126845017,0.00026543205603957176,0.0001535163475562356,0.0
Model6Closed_Snow_aSrz_SIMHYD_Simple,9484600,6471.130859375,0.00022017436276655644,0.00024668569676578045,0.00018641800519609856,0.0
Model6Closed_Snow_aSrz_SIMHYD_Simple,9492400,9166.6298828125,0.00017828590353019536,0.0002395198680460453,0.00010656353189917141,0.0
Model6Closed_Snow_aSrz_SIMHYD_Simple,9494000,8866.080078125,0.00018570359679870307,0.00023078720550984144,0.00011475984800596931,0.0
Model6Closed_Snow_aSrz_SIMHYD_Simple,9497800,7820.4833984375,0.00020024264813400805,0.0002500893024262041,0.0001402892133712191,0.0
Model6Closed_Snow_aSrz_SIMHYD_Simple,9497980,8317.32421875,0.00020342426432762295,0.00025352678494527936,0.00013400482275984684,0.0
Model6Closed_Snow_aSrz_SIMHYD_Simple,9505200,8732.291015625,0.0001982387329917401,0.000259491236647591,0.00012438317140596689,0.0
Model6Closed_Snow_aSrz_SIMHYD_Simple,9505350,8163.40234375,0.00020436935301404446,0.00025842527975328267,0.00013716580471343287,0.0
Model6Closed_Snow_aSrz_SIMHYD_Simple,9505800,9270.4365234375,0.00019154678739141673,0.0002505914308130741,0.00011320770562668,0.0
Model6Closed_Snow_aSrz_SIMHYD_Simple,9508300,7690.283203125,0.00021504978940356523,0.0002695043513085693,0.00015321384035787188,0.0
Model6Closed_Snow_aSrz_SIMHYD_Simple,9510200,5729.888671875,0.00022038562747184187,0.00025663161068223417,0.00021073582708440493,0.0
Model6Closed_Snow_aSrz_SIMHYD_Simple,9512280,5551.2861328125,0.00022573744354303926,0.0002565165050327778,0.00022279800085697694,0.0
Model6Closed_Snow_aSrz_SIMHYD_Simple,9513780,5507.0546875,0.00022662135597784072,0.00025989109417423606,0.000225466881959845,0.0
Model6Closed_Snow_aSrz_SIMHYD_Simple,10023000,8557.849609375,0.00016385629714932293,0.00023361605417449027,0.0001049058651010691,0.0
Model6Closed_Snow_aSrz_SIMHYD_Simple,10166430,7490.15234375,0.00018710257427301258,0.00023312981647904962,0.00013686437781717557,0.0
Model6Closed_Snow_aSrz_SIMHYD_Simple,10172700,7642.0322265625,0.0001716707192827016,0.0002298907784279436,0.00012308033476314225,0.0
Model6Closed_Snow_aSrz_SIMHYD_Simple,10172800,10625.29296875,0.00014979775005485862,0.0002304892841493711,7.724416581028326e-05,0.0
Model6Closed_Snow_aSrz_SIMHYD_Simple,10173450,8981.3984375,0.00016638461966067553,0.0002353109302930534,0.00010150104557908153,0.0
Model6Closed_Snow_aSrz_SIMHYD_Simple,10205030,9121.8388671875,0.00016182275430765003,0.0002307859540451318,9.71982571219356e-05,0.0
Model6Closed_Snow_aSrz_SIMHYD_Simple,10234500,9621.001953125,0.00016105185204651207,0.0002297168248333037,9.171634509574847e-05,0.0
Model6Closed_Snow_aSrz_SIMHYD_Simple,10242000,6222.1640625,0.0001806607615435496,0.00022963725496083498,0.00015908296836128144,0.0
Model6Closed_Snow_aSrz_SIMHYD_Simple,10244950,7192.609375,0.00015785331197548658,0.00022965381504036486,0.00012024541466943098,0.0
Model6Closed_Snow_aSrz_SIMHYD_Simple,10249300,3349.67724609375,0.00019008257368113846,0.00023408410197589546,0.00031091425976390567,0.0
Model6Closed_Snow_aSrz_SIMHYD_Simple,10258000,5122.57666015625,0.00021851251949556172,0.0002485662989784032,0.00023371638533862288,0.0
Model6Closed_Snow_aSrz_SIMHYD_Simple,10258500,4002.106201171875,0.0002269787510158494,0.0002446535509079695,0.00031074052472645174,0.0
Model6Closed_Snow_aSrz_SIMHYD_Simple,10259000,4956.7578125,0.00021904348977841437,0.00023859611246734858,0.0002421218323613448,0.0
Model6Closed_Snow_aSrz_SIMHYD_Simple,10259200,3227.5107421875,0.0002297421742696315,0.00024747930001467466,0.00039000872603628747,0.0
Model6Closed_Snow_aSrz_SIMHYD_Simple,10263500,6177.38720703125,0.00021257424668874592,0.00024083198513835669,0.00018854157432594417,0.0
Model6Closed_Snow_aSrz_SIMHYD_Simple,10310500,8351.2548828125,0.00017898916848935187,0.00023749613319523633,0.00011742925722569587,0.0
Model6Closed_Snow_aSrz_SIMHYD_Simple,10316500,12076.8828125,0.00013812229735776782,0.00022917476599104702,6.266286695621156e-05,0.0
Model6Closed_Snow_aSrz_SIMHYD_Simple,10329500,7659.53515625,0.00017040738021023571,0.00023027186398394406,0.00012189538637425297,0.0
Model6Closed_Snow_aSrz_SIMHYD_Simple,10336645,19093.640625,0.0001400081382598728,0.00023005195544101298,4.017592248476209e-05,0.0
Model6Closed_Snow_aSrz_SIMHYD_Simple,10336660,21238.23828125,0.00013555079931393266,0.00022901568445377052,3.496913466941158e-05,0.0
Model6Closed_Snow_aSrz_SIMHYD_Simple,10336740,10458.294921875,0.00016249447071459144,0.0002369289577472955,8.51292868182417e-05,0.0
Model6Closed_Snow_aSrz_SIMHYD_Simple,10343500,14398.734375,0.00016159392544068396,0.00023383746156468987,6.148964849832857e-05,0.0
Model6Closed_Snow_aSrz_SIMHYD_Simple,10348850,14097.826171875,0.00015435410023201257,0.00023892702301964164,5.998840494426103e-05,0.0
Model6Closed_Snow_aSrz_SIMHYD_Simple,10396000,9220.658203125,0.00016210749163292348,0.00023279227025341243,9.63257624395067e-05,0.0
Model6Closed_Snow_aSrz_SIMHYD_Simple,11098000,9775.345703125,0.0002204419142799452,0.00025166728300973773,0.00012355585771407516,0.0
Model6Closed_Snow_aSrz_SIMHYD_Simple,11124500,10959.314453125,0.0002175449626520276,0.00025479370378889143,0.00010875943642492323,0.0
Model6Closed_Snow_aSrz_SIMHYD_Simple,11141280,10294.4482421875,0.00021994982671458274,0.0002540237328503281,0.00011706358980569918,0.0
Model6Closed_Snow_aSrz_SIMHYD_Simple,11143000,16074.7646484375,0.0002028930321102962,0.00023007471463643014,6.915503698302409e-05,0.0
Model6Closed_Snow_aSrz_SIMHYD_Simple,11148900,12792.587890625,0.00021629812545143068,0.0002548233314882964,9.263938353293533e-05,0.0
Model6Closed_Snow_aSrz_SIMHYD_Simple,11151300,7270.921875,0.00022104835079517215,0.0002512994105927646,0.00016657089213035416,0.0
Model6Closed_Snow_aSrz_SIMHYD_Simple,11162500,15300.6484375,0.0002138613781426102,0.0002624834014568478,7.658149242316151e-05,0.0
Model6Closed_Snow_aSrz_SIMHYD_Simple,11176400,8336.6083984375,0.0002130637294612825,0.0002498975081834942,0.00014003010634881688,0.0
Model6Closed_Snow_aSrz_SIMHYD_Simple,11180500,8371.984375,0.00021616848243866116,0.000249824661295861,0.00014147029363297878,0.0
Model6Closed_Snow_aSrz_SIMHYD_Simple,11180960,9309.3828125,0.00021536547865252942,0.00025461611221544445,0.00012675248771466392,0.0
Model6Closed_Snow_aSrz_SIMHYD_Simple,11224500,7097.927734375,0.00021961747552268207,0.0002477912639733404,0.00016952611937341795,0.0
Model6Closed_Snow_aSrz_SIMHYD_Simple,11230500,12188.71484375,0.0001479392813052982,0.00023857253836467862,6.650080363364871e-05,0.0
Model6Closed_Snow_aSrz_SIMHYD_Simple,11237500,16716.455078125,0.00014681820175610483,0.00022673237253911793,4.8121260826727094e-05,0.0
Model6Closed_Snow_aSrz_SIMHYD_Simple,11253310,6409.04833984375,0.00022105449170339853,0.000249370961682871,0.0001889761936758989,0.0
Model6Closed_Snow_aSrz_SIMHYD_Simple,11264500,15253.73828125,0.00014346269017551094,0.00022888436797074974,5.1530455430491134e-05,0.0
Model6Closed_Snow_aSrz_SIMHYD_Simple,11266500,15757.8056640625,0.000144164077937603,0.00022802450985182077,5.012594949779935e-05,0.0
Model6Closed_Snow_aSrz_SIMHYD_Simple,11274500,6868.86865234375,0.000217817971133627,0.0002481814590282738,0.00017374399804303455,0.0
Model6Closed_Snow_aSrz_SIMHYD_Simple,11274630,7114.62060546875,0.0002183364995289594,0.00025537278270348907,0.00016814188188189855,0.0
Model6Closed_Snow_aSrz_SIMHYD_Simple,11284400,15849.474609375,0.00020177089027129114,0.00026028588763438165,6.97501180255915e-05,0.0
Model6Closed_Snow_aSrz_SIMHYD_Simple,11299600,11692.30078125,0.00021413597278296947,0.00025387993082404137,0.00010034389764508391,0.0
Model6Closed_Snow_aSrz_SIMHYD_Simple,11381500,19177.86328125,0.00018361254478804767,0.0002408312284387648,5.245699900087875e-05,0.0
Model6Closed_Snow_aSrz_SIMHYD_Simple,11383500,19707.380859375,0.00018296770576853305,0.00024113534891512245,5.086825272283326e-05,0.0
Model6Closed_Snow_aSrz_SIMHYD_Simple,11451100,17480.892578125,0.00019885232904925942,0.0002506630844436586,6.232587188947485e-05,0.0
Model6Closed_Snow_aSrz_SIMHYD_Simple,11468500,20656.412109375,0.00020498325466178358,0.0002584105241112411,5.437068427213613e-05,0.0
Model6Closed_Snow_aSrz_SIMHYD_Simple,11473900,21029.537109375,0.00016261554264929146,0.00023820690694265068,4.236757961416144e-05,0.0
Model6Closed_Snow_aSrz_SIMHYD_Simple,11475560,29500.443359375,0.0001890376879600808,0.0002579074935056269,3.510921859303856e-05,0.0
Model6Closed_Snow_aSrz_SIMHYD_Simple,11476600,27393.671875,0.000197155648493208,0.0002543896553106606,3.9433041932405465e-05,0.0
Model6Closed_Snow_aSrz_SIMHYD_Simple,11478500,24538.20703125,0.00018134548736270517,0.0002609170041978359,4.049162611493311e-05,0.0
Model6Closed_Snow_aSrz_SIMHYD_Simple,11480390,22036.5859375,0.0001694196544121951,0.000262000277871266,4.212314536552406e-05,0.0
Model6Closed_Snow_aSrz_SIMHYD_Simple,11481200,24086.373046875,0.0001936005864990875,0.00025774037931114435,4.403890979347357e-05,0.0
Model6Closed_Snow_aSrz_SIMHYD_Simple,11482500,25119.8125,0.00018871929205488414,0.0002491396735422313,4.116244919234821e-05,0.0
Model6Closed_Snow_aSrz_SIMHYD_Simple,11522500,18011.837890625,0.0001593922497704625,0.0002442200784571469,4.848534358453909e-05,0.0
Model6Closed_Snow_aSrz_SIMHYD_Simple,11523200,17074.447265625,0.00014374052989296615,0.000230489851674065,4.612473314194984e-05,0.0
Model6Closed_Snow_aSrz_SIMHYD_Simple,11528700,20197.59765625,0.00015977643488440663,0.0002532044018153101,4.3342535169043974e-05,0.0
Model6Closed_Snow_aSrz_SIMHYD_Simple,11532500,32222.919921875,0.00018181766790803522,0.0002364506945014,3.091523012369087e-05,0.0
Model6Closed_Snow_aSrz_SIMHYD_Simple,12010000,44719.98828125,0.0001646611199248582,0.00024259746714960784,2.017393837029168e-05,0.0
Model6Closed_Snow_aSrz_SIMHYD_Simple,12013500,38908.2265625,0.00016682645946275443,0.00023632160446140915,2.3492260006964474e-05,0.0
Model6Closed_Snow_aSrz_SIMHYD_Simple,12020000,42541.7421875,0.00016480506747029722,0.00025420438032597303,2.1225434825541524e-05,0.0
Model6Closed_Snow_aSrz_SIMHYD_Simple,12025000,26613.80859375,0.0001728439674479887,0.00023675622651353478,3.558348753842646e-05,0.0
Model6Closed_Snow_aSrz_SIMHYD_Simple,12025700,28063.375,0.00016413441335316747,0.0002356085169594735,3.204505762491711e-05,0.0
Model6Closed_Snow_aSrz_SIMHYD_Simple,12035000,39252.421875,0.00016678623796906322,0.00023411550500895828,2.328064799044701e-05,0.0
Model6Closed_Snow_aSrz_SIMHYD_Simple,12040500,44525.7578125,0.00016063069051597267,0.00024808928719721735,1.9765986806632825e-05,0.0
Model6Closed_Snow_aSrz_SIMHYD_Simple,12041200,41682.6875,0.00013793517427984625,0.0002428277803119272,1.8130952842967818e-05,0.0
Model6Closed_Snow_aSrz_SIMHYD_Simple,12043000,44452.375,0.00016239153046626598,0.00024358226801268756,2.0015650657252687e-05,0.0
Model6Closed_Snow_aSrz_SIMHYD_Simple,12048000,26267.537109375,0.00012098659499315545,0.0007626557489857078,2.5235923106307456e-05,0.0
Model6Closed_Snow_aSrz_SIMHYD_Simple,12054000,32116.798828125,0.0001396190345985815,0.000246099109062925,2.381845995490945e-05,0.0
Model6Closed_Snow_aSrz_SIMHYD_Simple,12056500,38875.078125,0.00014993376680649817,0.0002399021468590945,2.113145923702471e-05,0.0
Model6Closed_Snow_aSrz_SIMHYD_Simple,12073500,23113.888671875,0.00017077142547350377,0.0002632295072544366,4.048027919655874e-05,0.0
Model6Closed_Snow_aSrz_SIMHYD_Simple,12082500,39403.9375,0.00011441602691775188,0.0002119270502589643,1.5909207401507403e-05,0.0
Model6Closed_Snow_aSrz_SIMHYD_Simple,12092000,39628.75,0.00011739571345970035,0.00037259049713611603,1.6230921397407555e-05,0.0
Model6Closed_Snow_aSrz_SIMHYD_Simple,12095000,24954.79296875,0.00016046878590714186,0.00024684082018211484,3.523204727244232e-05,0.0
Model6Closed_Snow_aSrz_SIMHYD_Simple,12114500,39868.8515625,0.00012781388068106025,0.0002294858859386295,1.756489595780302e-05,0.0
Model6Closed_Snow_aSrz_SIMHYD_Simple,12115000,39591.8359375,0.0001314700930379331,0.00022974918829277158,1.819376693323307e-05,0.0
Model6Closed_Snow_aSrz_SIMHYD_Simple,12115500,38948.1171875,0.0001414384023519233,0.00023760506883263588,1.9896750434152536e-05,0.0
Model6Closed_Snow_aSrz_SIMHYD_Simple,12117000,36028.8203125,0.00015537369472440332,0.00024176129954867065,2.3628097827666488e-05,0.0
Model6Closed_Snow_aSrz_SIMHYD_Simple,12141300,44057.84375,0.00012793674250133336,0.00025332908262498677,1.5910115994056064e-05,0.0
Model6Closed_Snow_aSrz_SIMHYD_Simple,12143600,41874.9453125,0.00012821913696825504,0.00022707832977175713,1.6776442730538255e-05,0.0
Model6Closed_Snow_aSrz_SIMHYD_Simple,12144000,39745.8671875,0.00013238194514997303,0.0002448495361022651,1.8248958902043064e-05,0.0
Model6Closed_Snow_aSrz_SIMHYD_Simple,12145500,32175.64453125,0.00016490071720909327,0.00023212534142658114,2.807996648909823e-05,0.0
Model6Closed_Snow_aSrz_SIMHYD_Simple,12147500,47970.9140625,0.00015196811000350863,0.00023864960530772805,1.7357043808408907e-05,0.0
Model6Closed_Snow_aSrz_SIMHYD_Simple,12147600,52771.1328125,0.00014002119132783264,0.00024483073502779007,1.4537798428486029e-05,0.0
Model6Closed_Snow_aSrz_SIMHYD_Simple,12167000,38868.28515625,0.0001536452182335779,0.0002495319349691272,2.165833002370109e-05,0.0
Model6Closed_Snow_aSrz_SIMHYD_Simple,12175500,30349.515625,9.735484491102397e-05,0.0002653102274052799,1.757547691681524e-05,0.0
Model6Closed_Snow_aSrz_SIMHYD_Simple,12178100,34427.47265625,0.0001198837417177856,0.00024824647698551416,1.9079036476748937e-05,0.0
Model6Closed_Snow_aSrz_SIMHYD_Simple,12186000,37513.046875,0.00012024941679555923,0.0002457263763062656,1.756313101774275e-05,0.0
Model6Closed_Snow_aSrz_SIMHYD_Simple,12189500,33609.2734375,0.00012217792391311377,0.0002458080998621881,1.991750439290103e-05,0.0
Model6Closed_Snow_aSrz_SIMHYD_Simple,12358500,18056.83203125,0.0001344930351478979,0.00023255174164660275,4.0809336571442376e-05,0.0
Model6Closed_Snow_aSrz_SIMHYD_Simple,12374250,12397.712890625,0.0001598320814082399,0.0002382064558332786,7.063560611783893e-05,0.0
Model6Closed_Snow_aSrz_SIMHYD_Simple,12375900,18920.328125,0.00012933170364703983,0.00022921890194993466,3.745222515271557e-05,0.0
Model6Closed_Snow_aSrz_SIMHYD_Simple,12377150,22073.705078125,0.0001092703387257643,0.00024320116790477186,2.7122414502108173e-05,0.0
Model6Closed_Snow_aSrz_SIMHYD_Simple,12381400,16262.4814453125,0.00013407431833911687,0.00023975197109393775,4.517104078334011e-05,0.0
Model6Closed_Snow_aSrz_SIMHYD_Simple,12383500,16654.126953125,0.00013064513041172177,0.00024158923770301044,4.298061606550379e-05,0.0
Model6Closed_Snow_aSrz_SIMHYD_Simple,12388400,12707.16015625,0.00014830681902822107,0.00023675235570408404,6.39460796356479e-05,0.0
Model6Closed_Snow_aSrz_SIMHYD_Simple,12390700,16309.900390625,0.00014386620023287833,0.00024453160585835576,4.832910426496406e-05,0.0
Model6Closed_Snow_aSrz_SIMHYD_Simple,12411000,18530.6640625,0.0001519241341156885,0.00023490881721954793,4.491972506384912e-05,0.0
Model6Closed_Snow_aSrz_SIMHYD_Simple,12414500,20137.16796875,0.00014446651039179415,0.00023451034212484956,3.9307015825960905e-05,0.0
Model6Closed_Snow_aSrz_SIMHYD_Simple,12447390,13737.384765625,0.00013724864402320236,0.0002375638287048787,5.4740063289911514e-05,0.0
Model6Closed_Snow_aSrz_SIMHYD_Simple,12451000,24821.25,0.0001245050661964342,0.0002420640958007425,2.7483033228600116e-05,0.0
Model6Closed_Snow_aSrz_SIMHYD_Simple,12488500,26661.59375,0.00011517335951793939,0.00024003892031032592,2.366830944133708e-05,0.0
Model6Closed_Snow_aSrz_SIMHYD_Simple,13011500,13595.0244140625,0.00015123393677640706,0.0002310912823304534,6.0949561590916764e-05,0.0
Model6Closed_Snow_aSrz_SIMHYD_Simple,13011900,13215.6826171875,0.00014496520452667028,0.00023014828911982477,6.010013554092672e-05,0.0
Model6Closed_Snow_aSrz_SIMHYD_Simple,13018300,12499.7607421875,0.00014895979256834835,0.0002424360573058948,6.529330297728355e-05,0.0
Model6Closed_Snow_aSrz_SIMHYD_Simple,13023000,13228.447265625,0.00014810566790401936,0.00023014293401502073,6.134287036972314e-05,0.0
Model6Closed_Snow_aSrz_SIMHYD_Simple,13083000,8719.75390625,0.00016573435277678072,0.00023174670059233904,0.00010413809081021332,0.0
Model6Closed_Snow_aSrz_SIMHYD_Simple,13161500,7778.09619140625,0.00016599490481894463,0.0002297925530001521,0.00011692913445567892,0.0
Model6Closed_Snow_aSrz_SIMHYD_Simple,13235000,14401.763671875,0.00015392365457955748,0.00023247094941325486,5.8558638223923076e-05,0.0
Model6Closed_Snow_aSrz_SIMHYD_Simple,13240000,17880.205078125,0.00014873716281726956,0.00022674632782582194,4.5577268955909364e-05,0.0
Model6Closed_Snow_aSrz_SIMHYD_Simple,13310700,16874.98046875,0.00015274812176357955,0.00024089223006740212,4.959454448537592e-05,0.0
Model6Closed_Snow_aSrz_SIMHYD_Simple,13313000,20018.51171875,0.00013144580589141697,0.0002406305866315961,3.59762807573743e-05,0.0
Model6Closed_Snow_aSrz_SIMHYD_Simple,13331500,15460.6796875,0.00014417350757867098,0.00023211351071950048,5.109262103001923e-05,0.0
Model6Closed_Snow_aSrz_SIMHYD_Simple,13337000,19981.09765625,0.0001411155826644972,0.0002324132656212896,3.8695184450435063e-05,0.0
Model6Closed_Snow_aSrz_SIMHYD_Simple,13338500,13110.67578125,0.00015717877249699086,0.00023014190082903951,6.568559281165495e-05,0.0
Model6Closed_Snow_aSrz_SIMHYD_Simple,13340000,16466.86328125,0.00015344466373790056,0.00023016927298158407,5.1055463410584115e-05,0.0
Model6Closed_Snow_aSrz_SIMHYD_Simple,13340600,20978.068359375,0.00014317886962089688,0.00023497335496358573,3.739510149501255e-05,0.0
Model6Closed_Snow_aSrz_SIMHYD_Simple,14020000,14597.1953125,0.00016014862922020257,0.00023101503029465675,6.0111159827157125e-05,0.0
Model6Closed_Snow_aSrz_SIMHYD_Simple,14092750,26032.7265625,0.0001237299875356257,0.0002374241448706016,2.6040936771318202e-05,0.0
Model6Closed_Snow_aSrz_SIMHYD_Simple,14096850,14697.2734375,0.00016953625890892,0.0002450762258376926,6.320146109671088e-05,0.0
Model6Closed_Snow_aSrz_SIMHYD_Simple,14137000,35447.9140625,0.00014619433204643428,0.00023561064153909683,2.259649879359627e-05,0.0
Model6Closed_Snow_aSrz_SIMHYD_Simple,14138800,43450.99609375,0.0001512192829977721,0.00024361565010622144,1.9068157356073553e-05,0.0
Model6Closed_Snow_aSrz_SIMHYD_Simple,14138870,47523.265625,0.00015401540440507233,0.00024632789427414536,1.775657507388407e-05,0.0
Model6Closed_Snow_aSrz_SIMHYD_Simple,14138900,50626.65625,0.00015255656035151333,0.00024663019576109946,1.6510223136797067e-05,0.0
Model6Closed_Snow_aSrz_SIMHYD_Simple,14139800,44847.4296875,0.00015884212916716933,0.00024274454335682094,1.9405706572333226e-05,0.0
Model6Closed_Snow_aSrz_SIMHYD_Simple,14141500,41838.953125,0.0001581746037118137,0.00024076897534541786,2.071367937533471e-05,0.0
Model6Closed_Snow_aSrz_SIMHYD_Simple,14154500,25946.154296875,0.00016809186490718275,0.0002555332612246275,3.549563904361288e-05,0.0
Model6Closed_Snow_aSrz_SIMHYD_Simple,14158500,32739.716796875,0.0001363387273158878,0.00023621018044650555,2.2816320142426413e-05,0.0
Model6Closed_Snow_aSrz_SIMHYD_Simple,14158790,34400.44140625,0.00014296841982286423,0.00023445850820280612,2.277075442053157e-05,0.0
Model6Closed_Snow_aSrz_SIMHYD_Simple,14166500,29193.25,0.000176262590684928,0.0002631241222843528,3.30810275406987e-05,0.0
Model6Closed_Snow_aSrz_SIMHYD_Simple,14182500,35558.5546875,0.00016112547018565238,0.0002509049663785845,2.482683641347685e-05,0.0
Model6Closed_Snow_aSrz_SIMHYD_Simple,14185000,32475.056640625,0.0001590521860634908,0.00023654947290197015,2.683434787407864e-05,0.0
Model6Closed_Snow_aSrz_SIMHYD_Simple,14185900,37294.7890625,0.00015722171519882977,0.0002428227016935125,2.3097537002881184e-05,0.0
Model6Closed_Snow_aSrz_SIMHYD_Simple,14187000,30516.296875,0.00016786206106189638,0.0002402026584604755,3.0138527054669865e-05,0.0
Model6Closed_Snow_aSrz_SIMHYD_Simple,14216500,40951.78515625,0.0001388556556776166,0.00023918686201795936,1.8577704643064467e-05,0.0
Model6Closed_Snow_aSrz_SIMHYD_Simple,14222500,41537.4765625,0.00015916959091555327,0.0002337103069294244,2.0995262414151496e-05,0.0
Model6Closed_Snow_aSrz_SIMHYD_Simple,14236200,31561.86328125,0.00016006207442842424,0.0002459509123582393,2.7786067586840707e-05,0.0
Model6Closed_Snow_aSrz_SIMHYD_Simple,14301000,32760.552734375,0.00017370498972013593,0.00025646391441114247,2.9051086621843745e-05,0.0
Model6Closed_Snow_aSrz_SIMHYD_Simple,14303200,37936.30859375,0.00017234872211702168,0.00023472844623029232,2.4891684510072328e-05,0.0
Model6Closed_Snow_aSrz_SIMHYD_Simple,14305500,39064.234375,0.00017141892749350518,0.00024629896506667137,2.4042563491626286e-05,0.0
Model6Closed_Snow_aSrz_SIMHYD_Simple,14306340,38589.3046875,0.00017332502466160804,0.0002553498197812587,2.4609094450601794e-05,0.0
Model6Closed_Snow_aSrz_SIMHYD_Simple,14306500,36415.38671875,0.00017591983487363905,0.0002565528266131878,2.6468613686805157e-05,0.0
Model6Closed_Snow_aSrz_SIMHYD_Simple,14308990,20648.62890625,0.0001695140526862815,0.00024691075668670237,4.497962099685801e-05,0.0
Model6Closed_Snow_aSrz_SIMHYD_Simple,14309500,28278.21875,0.000178869508090429,0.0002651977993082255,3.465656784689129e-05,0.0
Model6Closed_Snow_aSrz_SIMHYD_Simple,14316700,25466.34765625,0.00017102256242651492,0.0002393589384155348,3.679493630686958e-05,0.0
Model6Closed_Snow_aSrz_SIMHYD_Simple,14325000,34980.60546875,0.00017887110880110413,0.00025792873930186033,2.801651987017639e-05,0.0
Model6Closed_Snow_aSrz_SIMHYD_Simple,14362250,16126.1884765625,0.0001772134710336104,0.00024131980899255723,6.0209678899275805e-05,0.0
Model6Closed_Snow_aSrz_SIMHYD_Simple,14400000,32135.185546875,0.0001845858059823513,0.00025736112729646266,3.147159749392064e-05,0.0
